Timestamp | Device_ID | Temperature (Celsius) | Status
2026-09-22 03:59:20 | WARD_B_TEMP_01 | 37.2 | NORMAL
2026-09-22 03:59:20 | WARD_B_TEMP_02 | 39.3 | CRITICAL
2026-09-22 03:59:20 | WARD_B_TEMP_03 | 39.1 | CRITICAL
2026-09-22 03:59:20 | WARD_B_TEMP_04 | 35.1 | CRITICAL
2026-09-22 03:59:20 | WARD_B_TEMP_05 | 37.9 | WARNING
2026-09-22 03:59:21 | WARD_B_TEMP_01 | 38.6 | CRITICAL
2026-09-22 03:59:21 | WARD_B_TEMP_02 | 36.7 | NORMAL
2026-09-22 03:59:21 | WARD_B_TEMP_03 | 37.1 | NORMAL
2026-09-22 03:59:21 | WARD_B_TEMP_04 | 35.1 | CRITICAL
2026-09-22 03:59:21 | WARD_B_TEMP_05 | 40.3 | CRITICAL
2026-09-22 03:59:22 | WARD_B_TEMP_01 | 34.9 | CRITICAL
2026-09-22 03:59:22 | WARD_B_TEMP_02 | 37.7 | WARNING
2026-09-22 03:59:22 | WARD_B_TEMP_03 | 39.2 | CRITICAL
2026-09-22 03:59:22 | WARD_B_TEMP_04 | 35.8 | NORMAL
2026-09-22 03:59:22 | WARD_B_TEMP_05 | 36.6 | NORMAL
2026-09-22 03:59:23 | WARD_B_TEMP_01 | 39.4 | CRITICAL
2026-09-22 03:59:23 | WARD_B_TEMP_02 | 35.7 | NORMAL
2026-09-22 03:59:23 | WARD_B_TEMP_03 | 35.6 | NORMAL
2026-09-22 03:59:23 | WARD_B_TEMP_04 | 40.2 | CRITICAL
2026-09-22 03:59:23 | WARD_B_TEMP_05 | 34.8 | CRITICAL
2026-09-22 03:59:24 | WARD_B_TEMP_01 | 39.7 | CRITICAL
2026-09-22 03:59:24 | WARD_B_TEMP_02 | 35.8 | NORMAL
2026-09-22 03:59:24 | WARD_B_TEMP_03 | 38.7 | CRITICAL
2026-09-22 03:59:24 | WARD_B_TEMP_04 | 39.7 | CRITICAL
2026-09-22 03:59:24 | WARD_B_TEMP_05 | 40.2 | CRITICAL
2026-09-22 03:59:25 | WARD_B_TEMP_01 | 34.7 | CRITICAL
2026-09-22 03:59:25 | WARD_B_TEMP_02 | 39.7 | CRITICAL
2026-09-22 03:59:25 | WARD_B_TEMP_03 | 39.2 | CRITICAL
2026-09-22 03:59:25 | WARD_B_TEMP_04 | 35.3 | CRITICAL
2026-09-22 03:59:25 | WARD_B_TEMP_05 | 36.5 | NORMAL
2026-09-22 03:59:26 | WARD_B_TEMP_01 | 38.9 | CRITICAL
2026-09-22 03:59:26 | WARD_B_TEMP_02 | 38.8 | CRITICAL
2026-09-22 03:59:26 | WARD_B_TEMP_03 | 40.5 | CRITICAL
2026-09-22 03:59:26 | WARD_B_TEMP_04 | 37.6 | WARNING
2026-09-22 03:59:26 | WARD_B_TEMP_05 | 39.0 | CRITICAL
2026-09-22 03:59:27 | WARD_B_TEMP_01 | 35.1 | CRITICAL
2026-09-22 03:59:27 | WARD_B_TEMP_02 | 37.5 | WARNING
2026-09-22 03:59:27 | WARD_B_TEMP_03 | 35.7 | NORMAL
2026-09-22 03:59:27 | WARD_B_TEMP_04 | 37.8 | WARNING
2026-09-22 03:59:27 | WARD_B_TEMP_05 | 34.6 | CRITICAL
2026-09-22 03:59:28 | WARD_B_TEMP_01 | 40.0 | CRITICAL
2026-09-22 03:59:28 | WARD_B_TEMP_02 | 38.1 | CRITICAL
2026-09-22 03:59:28 | WARD_B_TEMP_03 | 38.4 | CRITICAL
2026-09-22 03:59:28 | WARD_B_TEMP_04 | 38.1 | CRITICAL
2026-09-22 03:59:28 | WARD_B_TEMP_05 | 35.4 | CRITICAL
2026-09-22 03:59:29 | WARD_B_TEMP_01 | 34.5 | CRITICAL
2026-09-22 03:59:29 | WARD_B_TEMP_02 | 38.5 | CRITICAL
2026-09-22 03:59:29 | WARD_B_TEMP_03 | 40.2 | CRITICAL
2026-09-22 03:59:29 | WARD_B_TEMP_04 | 40.2 | CRITICAL
2026-09-22 03:59:29 | WARD_B_TEMP_05 | 40.1 | CRITICAL
2026-09-22 03:59:30 | WARD_B_TEMP_01 | 39.7 | CRITICAL
2026-09-22 03:59:30 | WARD_B_TEMP_02 | 36.6 | NORMAL
2026-09-22 03:59:30 | WARD_B_TEMP_03 | 38.8 | CRITICAL
2026-09-22 03:59:30 | WARD_B_TEMP_04 | 37.9 | WARNING
2026-09-22 03:59:30 | WARD_B_TEMP_05 | 39.5 | CRITICAL
2026-09-22 03:59:31 | WARD_B_TEMP_01 | 40.1 | CRITICAL
2026-09-22 03:59:31 | WARD_B_TEMP_02 | 38.3 | CRITICAL
2026-09-22 03:59:31 | WARD_B_TEMP_03 | 37.0 | NORMAL
2026-09-22 03:59:31 | WARD_B_TEMP_04 | 38.0 | WARNING
2026-09-22 03:59:31 | WARD_B_TEMP_05 | 35.2 | CRITICAL
2026-09-22 03:59:32 | WARD_B_TEMP_01 | 35.8 | NORMAL
2026-09-22 03:59:32 | WARD_B_TEMP_02 | 37.1 | NORMAL
2026-09-22 03:59:32 | WARD_B_TEMP_03 | 37.7 | WARNING
2026-09-22 03:59:32 | WARD_B_TEMP_04 | 35.3 | CRITICAL
2026-09-22 03:59:32 | WARD_B_TEMP_05 | 35.1 | CRITICAL
2026-09-22 03:59:33 | WARD_B_TEMP_01 | 36.2 | NORMAL
2026-09-22 03:59:33 | WARD_B_TEMP_02 | 39.4 | CRITICAL
2026-09-22 03:59:33 | WARD_B_TEMP_03 | 39.1 | CRITICAL
2026-09-22 03:59:33 | WARD_B_TEMP_04 | 37.5 | WARNING
2026-09-22 03:59:33 | WARD_B_TEMP_05 | 37.6 | WARNING
2026-09-22 03:59:34 | WARD_B_TEMP_01 | 37.4 | NORMAL
2026-09-22 03:59:34 | WARD_B_TEMP_02 | 35.4 | CRITICAL
2026-09-22 03:59:34 | WARD_B_TEMP_03 | 38.7 | CRITICAL
2026-09-22 03:59:34 | WARD_B_TEMP_04 | 36.7 | NORMAL
2026-09-22 03:59:34 | WARD_B_TEMP_05 | 35.5 | NORMAL
2026-09-22 03:59:35 | WARD_B_TEMP_01 | 36.6 | NORMAL
2026-09-22 03:59:35 | WARD_B_TEMP_02 | 38.8 | CRITICAL
2026-09-22 03:59:35 | WARD_B_TEMP_03 | 39.4 | CRITICAL
2026-09-22 03:59:35 | WARD_B_TEMP_04 | 39.3 | CRITICAL
2026-09-22 03:59:35 | WARD_B_TEMP_05 | 35.1 | CRITICAL
2026-09-22 03:59:36 | WARD_B_TEMP_01 | 38.9 | CRITICAL
2026-09-22 03:59:36 | WARD_B_TEMP_02 | 36.7 | NORMAL
2026-09-22 03:59:36 | WARD_B_TEMP_03 | 38.3 | CRITICAL
2026-09-22 03:59:36 | WARD_B_TEMP_04 | 36.0 | NORMAL
2026-09-22 03:59:36 | WARD_B_TEMP_05 | 34.8 | CRITICAL
2026-09-22 03:59:37 | WARD_B_TEMP_01 | 35.9 | NORMAL
2026-09-22 03:59:37 | WARD_B_TEMP_02 | 39.9 | CRITICAL
2026-09-22 03:59:37 | WARD_B_TEMP_03 | 39.5 | CRITICAL
2026-09-22 03:59:37 | WARD_B_TEMP_04 | 35.0 | CRITICAL
2026-09-22 03:59:37 | WARD_B_TEMP_05 | 40.0 | CRITICAL
2026-09-22 03:59:38 | WARD_B_TEMP_01 | 40.3 | CRITICAL
2026-09-22 03:59:38 | WARD_B_TEMP_02 | 35.6 | NORMAL
2026-09-22 03:59:38 | WARD_B_TEMP_03 | 38.4 | CRITICAL
2026-09-22 03:59:38 | WARD_B_TEMP_04 | 35.6 | NORMAL
2026-09-22 03:59:38 | WARD_B_TEMP_05 | 37.8 | WARNING
2026-09-22 03:59:39 | WARD_B_TEMP_01 | 39.3 | CRITICAL
2026-09-22 03:59:39 | WARD_B_TEMP_02 | 38.7 | CRITICAL
2026-09-22 03:59:39 | WARD_B_TEMP_03 | 35.3 | CRITICAL
2026-09-22 03:59:39 | WARD_B_TEMP_04 | 36.7 | NORMAL
2026-09-22 03:59:39 | WARD_B_TEMP_05 | 39.7 | CRITICAL
2026-09-22 03:59:40 | WARD_B_TEMP_01 | 38.5 | CRITICAL
2026-09-22 03:59:40 | WARD_B_TEMP_02 | 37.5 | WARNING
2026-09-22 03:59:40 | WARD_B_TEMP_03 | 35.8 | NORMAL
2026-09-22 03:59:40 | WARD_B_TEMP_04 | 36.7 | NORMAL
2026-09-22 03:59:40 | WARD_B_TEMP_05 | 35.4 | CRITICAL
2026-09-22 03:59:41 | WARD_B_TEMP_01 | 35.2 | CRITICAL
2026-09-22 03:59:41 | WARD_B_TEMP_02 | 37.3 | NORMAL
2026-09-22 03:59:41 | WARD_B_TEMP_03 | 38.3 | CRITICAL
2026-09-22 03:59:41 | WARD_B_TEMP_04 | 39.7 | CRITICAL
2026-09-22 03:59:41 | WARD_B_TEMP_05 | 40.0 | CRITICAL
2026-09-22 03:59:42 | WARD_B_TEMP_01 | 37.9 | WARNING
2026-09-22 03:59:42 | WARD_B_TEMP_02 | 40.4 | CRITICAL
2026-09-22 03:59:42 | WARD_B_TEMP_03 | 38.9 | CRITICAL
2026-09-22 03:59:42 | WARD_B_TEMP_04 | 36.8 | NORMAL
2026-09-22 03:59:42 | WARD_B_TEMP_05 | 36.3 | NORMAL
2026-09-22 03:59:43 | WARD_B_TEMP_01 | 38.7 | CRITICAL
2026-09-22 03:59:43 | WARD_B_TEMP_02 | 40.0 | CRITICAL
2026-09-22 03:59:43 | WARD_B_TEMP_03 | 35.8 | NORMAL
2026-09-22 03:59:43 | WARD_B_TEMP_04 | 37.0 | NORMAL
2026-09-22 03:59:43 | WARD_B_TEMP_05 | 37.0 | NORMAL
2026-09-22 03:59:44 | WARD_B_TEMP_01 | 40.0 | CRITICAL
2026-09-22 03:59:44 | WARD_B_TEMP_02 | 37.8 | WARNING
2026-09-22 03:59:44 | WARD_B_TEMP_03 | 37.5 | WARNING
2026-09-22 03:59:44 | WARD_B_TEMP_04 | 39.8 | CRITICAL
2026-09-22 03:59:44 | WARD_B_TEMP_05 | 38.3 | CRITICAL
2026-09-22 03:59:45 | WARD_B_TEMP_01 | 38.2 | CRITICAL
2026-09-22 03:59:45 | WARD_B_TEMP_02 | 34.6 | CRITICAL
2026-09-22 03:59:45 | WARD_B_TEMP_03 | 36.3 | NORMAL
2026-09-22 03:59:45 | WARD_B_TEMP_04 | 36.1 | NORMAL
2026-09-22 03:59:45 | WARD_B_TEMP_05 | 37.6 | WARNING
2026-09-22 03:59:46 | WARD_B_TEMP_01 | 40.2 | CRITICAL
2026-09-22 03:59:46 | WARD_B_TEMP_02 | 36.3 | NORMAL
2026-09-22 03:59:46 | WARD_B_TEMP_03 | 39.6 | CRITICAL
2026-09-22 03:59:46 | WARD_B_TEMP_04 | 38.8 | CRITICAL
2026-09-22 03:59:46 | WARD_B_TEMP_05 | 39.2 | CRITICAL
2026-09-22 03:59:47 | WARD_B_TEMP_01 | 35.3 | CRITICAL
2026-09-22 03:59:47 | WARD_B_TEMP_02 | 39.8 | CRITICAL
2026-09-22 03:59:47 | WARD_B_TEMP_03 | 40.3 | CRITICAL
2026-09-22 03:59:47 | WARD_B_TEMP_04 | 36.3 | NORMAL
2026-09-22 03:59:47 | WARD_B_TEMP_05 | 39.4 | CRITICAL
2026-09-22 03:59:48 | WARD_B_TEMP_01 | 40.5 | CRITICAL
2026-09-22 03:59:48 | WARD_B_TEMP_02 | 34.9 | CRITICAL
2026-09-22 03:59:48 | WARD_B_TEMP_03 | 37.5 | WARNING
2026-09-22 03:59:48 | WARD_B_TEMP_04 | 35.9 | NORMAL
2026-09-22 03:59:48 | WARD_B_TEMP_05 | 36.6 | NORMAL
2026-09-22 03:59:49 | WARD_B_TEMP_01 | 36.3 | NORMAL
2026-09-22 03:59:49 | WARD_B_TEMP_02 | 36.3 | NORMAL
2026-09-22 03:59:49 | WARD_B_TEMP_03 | 37.8 | WARNING
2026-09-22 03:59:49 | WARD_B_TEMP_04 | 40.0 | CRITICAL
2026-09-22 03:59:49 | WARD_B_TEMP_05 | 35.8 | NORMAL
2026-09-22 03:59:50 | WARD_B_TEMP_01 | 37.7 | WARNING
2026-09-22 03:59:50 | WARD_B_TEMP_02 | 36.9 | NORMAL
2026-09-22 03:59:50 | WARD_B_TEMP_03 | 37.7 | WARNING
2026-09-22 03:59:50 | WARD_B_TEMP_04 | 36.4 | NORMAL
2026-09-22 03:59:50 | WARD_B_TEMP_05 | 37.1 | NORMAL
2026-09-22 03:59:51 | WARD_B_TEMP_01 | 35.1 | CRITICAL
2026-09-22 03:59:51 | WARD_B_TEMP_02 | 39.7 | CRITICAL
2026-09-22 03:59:51 | WARD_B_TEMP_03 | 37.1 | NORMAL
2026-09-22 03:59:51 | WARD_B_TEMP_04 | 36.4 | NORMAL
2026-09-22 03:59:51 | WARD_B_TEMP_05 | 35.4 | CRITICAL
2026-09-22 03:59:52 | WARD_B_TEMP_01 | 39.3 | CRITICAL
2026-09-22 03:59:52 | WARD_B_TEMP_02 | 36.5 | NORMAL
2026-09-22 03:59:52 | WARD_B_TEMP_03 | 36.9 | NORMAL
2026-09-22 03:59:52 | WARD_B_TEMP_04 | 38.1 | CRITICAL
2026-09-22 03:59:52 | WARD_B_TEMP_05 | 40.0 | CRITICAL
2026-09-22 03:59:53 | WARD_B_TEMP_01 | 36.5 | NORMAL
2026-09-22 03:59:53 | WARD_B_TEMP_02 | 37.7 | WARNING
2026-09-22 03:59:53 | WARD_B_TEMP_03 | 38.0 | WARNING
2026-09-22 03:59:53 | WARD_B_TEMP_04 | 38.1 | CRITICAL
2026-09-22 03:59:53 | WARD_B_TEMP_05 | 37.4 | NORMAL
2026-09-22 03:59:54 | WARD_B_TEMP_01 | 39.9 | CRITICAL
2026-09-22 03:59:54 | WARD_B_TEMP_02 | 37.2 | NORMAL
2026-09-22 03:59:54 | WARD_B_TEMP_03 | 39.7 | CRITICAL
2026-09-22 03:59:54 | WARD_B_TEMP_04 | 39.7 | CRITICAL
2026-09-22 03:59:54 | WARD_B_TEMP_05 | 39.9 | CRITICAL
2026-09-22 03:59:55 | WARD_B_TEMP_01 | 37.1 | NORMAL
2026-09-22 03:59:55 | WARD_B_TEMP_02 | 37.9 | WARNING
2026-09-22 03:59:55 | WARD_B_TEMP_03 | 38.7 | CRITICAL
2026-09-22 03:59:55 | WARD_B_TEMP_04 | 38.9 | CRITICAL
2026-09-22 03:59:55 | WARD_B_TEMP_05 | 37.3 | NORMAL
2026-09-22 03:59:56 | WARD_B_TEMP_01 | 39.4 | CRITICAL
2026-09-22 03:59:56 | WARD_B_TEMP_02 | 39.4 | CRITICAL
2026-09-22 03:59:56 | WARD_B_TEMP_03 | 35.0 | CRITICAL
2026-09-22 03:59:56 | WARD_B_TEMP_04 | 40.2 | CRITICAL
2026-09-22 03:59:56 | WARD_B_TEMP_05 | 35.6 | NORMAL
2026-09-22 03:59:57 | WARD_B_TEMP_01 | 35.5 | NORMAL
2026-09-22 03:59:57 | WARD_B_TEMP_02 | 36.7 | NORMAL
2026-09-22 03:59:57 | WARD_B_TEMP_03 | 39.0 | CRITICAL
2026-09-22 03:59:57 | WARD_B_TEMP_04 | 36.9 | NORMAL
2026-09-22 03:59:57 | WARD_B_TEMP_05 | 35.1 | CRITICAL
2026-09-22 03:59:58 | WARD_B_TEMP_01 | 34.6 | CRITICAL
2026-09-22 03:59:58 | WARD_B_TEMP_02 | 34.9 | CRITICAL
2026-09-22 03:59:58 | WARD_B_TEMP_03 | 39.0 | CRITICAL
2026-09-22 03:59:58 | WARD_B_TEMP_04 | 37.8 | WARNING
2026-09-22 03:59:58 | WARD_B_TEMP_05 | 40.2 | CRITICAL
2026-09-22 03:59:59 | WARD_B_TEMP_01 | 39.0 | CRITICAL
2026-09-22 03:59:59 | WARD_B_TEMP_02 | 35.7 | NORMAL
2026-09-22 03:59:59 | WARD_B_TEMP_03 | 38.1 | CRITICAL
2026-09-22 03:59:59 | WARD_B_TEMP_04 | 40.4 | CRITICAL
2026-09-22 03:59:59 | WARD_B_TEMP_05 | 36.9 | NORMAL
2026-09-22 04:00:00 | WARD_B_TEMP_01 | 36.2 | NORMAL
2026-09-22 04:00:00 | WARD_B_TEMP_02 | 35.0 | CRITICAL
2026-09-22 04:00:00 | WARD_B_TEMP_03 | 36.7 | NORMAL
2026-09-22 04:00:00 | WARD_B_TEMP_04 | 40.4 | CRITICAL
2026-09-22 04:00:00 | WARD_B_TEMP_05 | 39.4 | CRITICAL
2026-09-22 04:00:01 | WARD_B_TEMP_01 | 38.1 | CRITICAL
2026-09-22 04:00:01 | WARD_B_TEMP_02 | 37.8 | WARNING
2026-09-22 04:00:01 | WARD_B_TEMP_03 | 37.9 | WARNING
2026-09-22 04:00:01 | WARD_B_TEMP_04 | 40.4 | CRITICAL
2026-09-22 04:00:01 | WARD_B_TEMP_05 | 39.4 | CRITICAL
2026-09-22 04:00:02 | WARD_B_TEMP_01 | 35.7 | NORMAL
2026-09-22 04:00:02 | WARD_B_TEMP_02 | 39.5 | CRITICAL
2026-09-22 04:00:02 | WARD_B_TEMP_03 | 35.5 | NORMAL
2026-09-22 04:00:02 | WARD_B_TEMP_04 | 38.0 | WARNING
2026-09-22 04:00:02 | WARD_B_TEMP_05 | 34.9 | CRITICAL
2026-09-22 04:00:03 | WARD_B_TEMP_01 | 37.9 | WARNING
2026-09-22 04:00:03 | WARD_B_TEMP_02 | 39.7 | CRITICAL
2026-09-22 04:00:03 | WARD_B_TEMP_03 | 34.8 | CRITICAL
2026-09-22 04:00:03 | WARD_B_TEMP_04 | 38.7 | CRITICAL
2026-09-22 04:00:03 | WARD_B_TEMP_05 | 38.2 | CRITICAL
2026-09-22 04:00:04 | WARD_B_TEMP_01 | 34.6 | CRITICAL
2026-09-22 04:00:04 | WARD_B_TEMP_02 | 36.1 | NORMAL
2026-09-22 04:00:04 | WARD_B_TEMP_03 | 35.6 | NORMAL
2026-09-22 04:00:04 | WARD_B_TEMP_04 | 34.7 | CRITICAL
2026-09-22 04:00:04 | WARD_B_TEMP_05 | 39.1 | CRITICAL
2026-09-22 04:00:05 | WARD_B_TEMP_01 | 38.0 | WARNING
2026-09-22 04:00:05 | WARD_B_TEMP_02 | 37.3 | NORMAL
2026-09-22 04:00:05 | WARD_B_TEMP_03 | 37.5 | WARNING
2026-09-22 04:00:05 | WARD_B_TEMP_04 | 34.9 | CRITICAL
2026-09-22 04:00:05 | WARD_B_TEMP_05 | 36.0 | NORMAL
2026-09-22 04:00:06 | WARD_B_TEMP_01 | 37.6 | WARNING
2026-09-22 04:00:06 | WARD_B_TEMP_02 | 38.9 | CRITICAL
2026-09-22 04:00:06 | WARD_B_TEMP_03 | 35.3 | CRITICAL
2026-09-22 04:00:06 | WARD_B_TEMP_04 | 39.7 | CRITICAL
2026-09-22 04:00:06 | WARD_B_TEMP_05 | 39.1 | CRITICAL
2026-09-22 04:00:07 | WARD_B_TEMP_01 | 34.5 | CRITICAL
2026-09-22 04:00:07 | WARD_B_TEMP_02 | 37.6 | WARNING
2026-09-22 04:00:07 | WARD_B_TEMP_03 | 37.7 | WARNING
2026-09-22 04:00:07 | WARD_B_TEMP_04 | 39.3 | CRITICAL
2026-09-22 04:00:07 | WARD_B_TEMP_05 | 35.8 | NORMAL
2026-09-22 04:00:08 | WARD_B_TEMP_01 | 38.8 | CRITICAL
2026-09-22 04:00:08 | WARD_B_TEMP_02 | 35.3 | CRITICAL
2026-09-22 04:00:08 | WARD_B_TEMP_03 | 35.9 | NORMAL
2026-09-22 04:00:08 | WARD_B_TEMP_04 | 38.0 | WARNING
2026-09-22 04:00:08 | WARD_B_TEMP_05 | 36.7 | NORMAL
2026-09-22 04:00:09 | WARD_B_TEMP_01 | 39.5 | CRITICAL
2026-09-22 04:00:09 | WARD_B_TEMP_02 | 38.8 | CRITICAL
2026-09-22 04:00:09 | WARD_B_TEMP_03 | 36.5 | NORMAL
2026-09-22 04:00:09 | WARD_B_TEMP_04 | 38.8 | CRITICAL
2026-09-22 04:00:09 | WARD_B_TEMP_05 | 35.5 | NORMAL
2026-09-22 04:00:10 | WARD_B_TEMP_01 | 38.1 | CRITICAL
2026-09-22 04:00:10 | WARD_B_TEMP_02 | 40.1 | CRITICAL
2026-09-22 04:00:10 | WARD_B_TEMP_03 | 35.6 | NORMAL
2026-09-22 04:00:10 | WARD_B_TEMP_04 | 35.4 | CRITICAL
2026-09-22 04:00:10 | WARD_B_TEMP_05 | 36.5 | NORMAL
2026-09-22 04:00:11 | WARD_B_TEMP_01 | 35.6 | NORMAL
2026-09-22 04:00:11 | WARD_B_TEMP_02 | 37.0 | NORMAL
2026-09-22 04:00:11 | WARD_B_TEMP_03 | 36.8 | NORMAL
2026-09-22 04:00:11 | WARD_B_TEMP_04 | 36.3 | NORMAL
2026-09-22 04:00:11 | WARD_B_TEMP_05 | 37.4 | NORMAL
2026-09-22 04:00:12 | WARD_B_TEMP_01 | 40.0 | CRITICAL
2026-09-22 04:00:12 | WARD_B_TEMP_02 | 34.9 | CRITICAL
2026-09-22 04:00:12 | WARD_B_TEMP_03 | 38.5 | CRITICAL
2026-09-22 04:00:12 | WARD_B_TEMP_04 | 39.9 | CRITICAL
2026-09-22 04:00:12 | WARD_B_TEMP_05 | 38.3 | CRITICAL
2026-09-22 04:00:13 | WARD_B_TEMP_01 | 38.1 | CRITICAL
2026-09-22 04:00:13 | WARD_B_TEMP_02 | 37.1 | NORMAL
2026-09-22 04:00:13 | WARD_B_TEMP_03 | 38.7 | CRITICAL
2026-09-22 04:00:13 | WARD_B_TEMP_04 | 38.6 | CRITICAL
2026-09-22 04:00:13 | WARD_B_TEMP_05 | 37.1 | NORMAL
2026-09-22 04:00:14 | WARD_B_TEMP_01 | 34.7 | CRITICAL
2026-09-22 04:00:14 | WARD_B_TEMP_02 | 38.0 | WARNING
2026-09-22 04:00:14 | WARD_B_TEMP_03 | 37.0 | NORMAL
2026-09-22 04:00:14 | WARD_B_TEMP_04 | 37.6 | WARNING
2026-09-22 04:00:14 | WARD_B_TEMP_05 | 38.2 | CRITICAL
2026-09-22 04:00:15 | WARD_B_TEMP_01 | 38.9 | CRITICAL
2026-09-22 04:00:15 | WARD_B_TEMP_02 | 36.7 | NORMAL
2026-09-22 04:00:15 | WARD_B_TEMP_03 | 37.4 | NORMAL
2026-09-22 04:00:15 | WARD_B_TEMP_04 | 37.4 | NORMAL
2026-09-22 04:00:15 | WARD_B_TEMP_05 | 38.0 | WARNING
2026-09-22 04:00:16 | WARD_B_TEMP_01 | 35.1 | CRITICAL
2026-09-22 04:00:16 | WARD_B_TEMP_02 | 36.5 | NORMAL
2026-09-22 04:00:16 | WARD_B_TEMP_03 | 35.2 | CRITICAL
2026-09-22 04:00:16 | WARD_B_TEMP_04 | 35.8 | NORMAL
2026-09-22 04:00:16 | WARD_B_TEMP_05 | 38.1 | CRITICAL
2026-09-22 04:00:17 | WARD_B_TEMP_01 | 40.0 | CRITICAL
2026-09-22 04:00:17 | WARD_B_TEMP_02 | 40.3 | CRITICAL
2026-09-22 04:00:17 | WARD_B_TEMP_03 | 34.7 | CRITICAL
2026-09-22 04:00:17 | WARD_B_TEMP_04 | 35.4 | CRITICAL
2026-09-22 04:00:17 | WARD_B_TEMP_05 | 37.2 | NORMAL
2026-09-22 04:00:18 | WARD_B_TEMP_01 | 35.2 | CRITICAL
2026-09-22 04:00:18 | WARD_B_TEMP_02 | 38.8 | CRITICAL
2026-09-22 04:00:18 | WARD_B_TEMP_03 | 38.7 | CRITICAL
2026-09-22 04:00:18 | WARD_B_TEMP_04 | 40.0 | CRITICAL
2026-09-22 04:00:18 | WARD_B_TEMP_05 | 35.6 | NORMAL
2026-09-22 04:00:19 | WARD_B_TEMP_01 | 40.2 | CRITICAL
2026-09-22 04:00:19 | WARD_B_TEMP_02 | 37.1 | NORMAL
2026-09-22 04:00:19 | WARD_B_TEMP_03 | 35.3 | CRITICAL
2026-09-22 04:00:19 | WARD_B_TEMP_04 | 39.5 | CRITICAL
2026-09-22 04:00:19 | WARD_B_TEMP_05 | 35.4 | CRITICAL
2026-09-22 04:00:20 | WARD_B_TEMP_01 | 40.2 | CRITICAL
2026-09-22 04:00:20 | WARD_B_TEMP_02 | 34.5 | CRITICAL
2026-09-22 04:00:20 | WARD_B_TEMP_03 | 36.2 | NORMAL
2026-09-22 04:00:20 | WARD_B_TEMP_04 | 39.4 | CRITICAL
2026-09-22 04:00:20 | WARD_B_TEMP_05 | 36.8 | NORMAL
2026-09-22 04:00:21 | WARD_B_TEMP_01 | 39.3 | CRITICAL
2026-09-22 04:00:21 | WARD_B_TEMP_02 | 35.2 | CRITICAL
2026-09-22 04:00:21 | WARD_B_TEMP_03 | 37.3 | NORMAL
2026-09-22 04:00:21 | WARD_B_TEMP_04 | 38.7 | CRITICAL
2026-09-22 04:00:21 | WARD_B_TEMP_05 | 37.8 | WARNING
2026-09-22 04:00:22 | WARD_B_TEMP_01 | 34.5 | CRITICAL
2026-09-22 04:00:22 | WARD_B_TEMP_02 | 35.6 | NORMAL
2026-09-22 04:00:22 | WARD_B_TEMP_03 | 35.0 | CRITICAL
2026-09-22 04:00:22 | WARD_B_TEMP_04 | 37.0 | NORMAL
2026-09-22 04:00:22 | WARD_B_TEMP_05 | 38.4 | CRITICAL
2026-09-22 04:00:23 | WARD_B_TEMP_01 | 40.3 | CRITICAL
2026-09-22 04:00:23 | WARD_B_TEMP_02 | 38.5 | CRITICAL
2026-09-22 04:00:23 | WARD_B_TEMP_03 | 40.2 | CRITICAL
2026-09-22 04:00:23 | WARD_B_TEMP_04 | 38.0 | WARNING
2026-09-22 04:00:23 | WARD_B_TEMP_05 | 37.2 | NORMAL
2026-09-22 04:00:24 | WARD_B_TEMP_01 | 35.6 | NORMAL
2026-09-22 04:00:24 | WARD_B_TEMP_02 | 36.2 | NORMAL
2026-09-22 04:00:24 | WARD_B_TEMP_03 | 40.5 | CRITICAL
2026-09-22 04:00:24 | WARD_B_TEMP_04 | 37.5 | WARNING
2026-09-22 04:00:24 | WARD_B_TEMP_05 | 35.8 | NORMAL
2026-09-22 04:00:25 | WARD_B_TEMP_01 | 34.5 | CRITICAL
2026-09-22 04:00:25 | WARD_B_TEMP_02 | 39.3 | CRITICAL
2026-09-22 04:00:25 | WARD_B_TEMP_03 | 34.8 | CRITICAL
2026-09-22 04:00:25 | WARD_B_TEMP_04 | 38.2 | CRITICAL
2026-09-22 04:00:25 | WARD_B_TEMP_05 | 37.3 | NORMAL
2026-09-22 04:00:26 | WARD_B_TEMP_01 | 36.2 | NORMAL
2026-09-22 04:00:26 | WARD_B_TEMP_02 | 36.6 | NORMAL
2026-09-22 04:00:26 | WARD_B_TEMP_03 | 35.6 | NORMAL
2026-09-22 04:00:26 | WARD_B_TEMP_04 | 35.7 | NORMAL
2026-09-22 04:00:26 | WARD_B_TEMP_05 | 37.8 | WARNING
2026-09-22 04:00:27 | WARD_B_TEMP_01 | 38.7 | CRITICAL
2026-09-22 04:00:27 | WARD_B_TEMP_02 | 38.9 | CRITICAL
2026-09-22 04:00:27 | WARD_B_TEMP_03 | 36.1 | NORMAL
2026-09-22 04:00:27 | WARD_B_TEMP_04 | 35.6 | NORMAL
2026-09-22 04:00:27 | WARD_B_TEMP_05 | 34.6 | CRITICAL
2026-09-22 04:00:28 | WARD_B_TEMP_01 | 36.2 | NORMAL
2026-09-22 04:00:28 | WARD_B_TEMP_02 | 38.1 | CRITICAL
2026-09-22 04:00:28 | WARD_B_TEMP_03 | 37.4 | NORMAL
2026-09-22 04:00:28 | WARD_B_TEMP_04 | 37.4 | NORMAL
2026-09-22 04:00:28 | WARD_B_TEMP_05 | 38.2 | CRITICAL
2026-09-22 04:00:29 | WARD_B_TEMP_01 | 37.2 | NORMAL
2026-09-22 04:00:29 | WARD_B_TEMP_02 | 40.4 | CRITICAL
2026-09-22 04:00:29 | WARD_B_TEMP_03 | 39.2 | CRITICAL
2026-09-22 04:00:29 | WARD_B_TEMP_04 | 39.7 | CRITICAL
2026-09-22 04:00:29 | WARD_B_TEMP_05 | 38.5 | CRITICAL
2026-09-22 04:00:30 | WARD_B_TEMP_01 | 36.2 | NORMAL
2026-09-22 04:00:30 | WARD_B_TEMP_02 | 34.7 | CRITICAL
2026-09-22 04:00:30 | WARD_B_TEMP_03 | 34.9 | CRITICAL
2026-09-22 04:00:30 | WARD_B_TEMP_04 | 35.5 | NORMAL
2026-09-22 04:00:30 | WARD_B_TEMP_05 | 40.3 | CRITICAL
2026-09-22 04:00:31 | WARD_B_TEMP_01 | 34.7 | CRITICAL
2026-09-22 04:00:31 | WARD_B_TEMP_02 | 38.4 | CRITICAL
2026-09-22 04:00:31 | WARD_B_TEMP_03 | 40.4 | CRITICAL
2026-09-22 04:00:31 | WARD_B_TEMP_04 | 36.3 | NORMAL
2026-09-22 04:00:31 | WARD_B_TEMP_05 | 39.8 | CRITICAL
2026-09-22 04:00:32 | WARD_B_TEMP_01 | 40.3 | CRITICAL
2026-09-22 04:00:32 | WARD_B_TEMP_02 | 36.6 | NORMAL
2026-09-22 04:00:32 | WARD_B_TEMP_03 | 39.1 | CRITICAL
2026-09-22 04:00:32 | WARD_B_TEMP_04 | 39.6 | CRITICAL
2026-09-22 04:00:32 | WARD_B_TEMP_05 | 39.8 | CRITICAL
2026-09-22 04:00:33 | WARD_B_TEMP_01 | 40.5 | CRITICAL
2026-09-22 04:00:33 | WARD_B_TEMP_02 | 38.8 | CRITICAL
2026-09-22 04:00:33 | WARD_B_TEMP_03 | 34.6 | CRITICAL
2026-09-22 04:00:33 | WARD_B_TEMP_04 | 40.2 | CRITICAL
2026-09-22 04:00:33 | WARD_B_TEMP_05 | 39.6 | CRITICAL
2026-09-22 04:00:34 | WARD_B_TEMP_01 | 37.5 | WARNING
2026-09-22 04:00:34 | WARD_B_TEMP_02 | 38.4 | CRITICAL
2026-09-22 04:00:34 | WARD_B_TEMP_03 | 35.4 | CRITICAL
2026-09-22 04:00:34 | WARD_B_TEMP_04 | 35.6 | NORMAL
2026-09-22 04:00:34 | WARD_B_TEMP_05 | 40.4 | CRITICAL
2026-09-22 04:00:35 | WARD_B_TEMP_01 | 36.7 | NORMAL
2026-09-22 04:00:35 | WARD_B_TEMP_02 | 40.2 | CRITICAL
2026-09-22 04:00:35 | WARD_B_TEMP_03 | 39.2 | CRITICAL
2026-09-22 04:00:35 | WARD_B_TEMP_04 | 38.4 | CRITICAL
2026-09-22 04:00:35 | WARD_B_TEMP_05 | 38.9 | CRITICAL
2026-09-22 04:00:36 | WARD_B_TEMP_01 | 38.5 | CRITICAL
2026-09-22 04:00:36 | WARD_B_TEMP_02 | 35.0 | CRITICAL
2026-09-22 04:00:36 | WARD_B_TEMP_03 | 40.2 | CRITICAL
2026-09-22 04:00:36 | WARD_B_TEMP_04 | 38.6 | CRITICAL
2026-09-22 04:00:36 | WARD_B_TEMP_05 | 35.4 | CRITICAL
2026-09-22 04:00:37 | WARD_B_TEMP_01 | 38.4 | CRITICAL
2026-09-22 04:00:37 | WARD_B_TEMP_02 | 35.6 | NORMAL
2026-09-22 04:00:37 | WARD_B_TEMP_03 | 36.6 | NORMAL
2026-09-22 04:00:37 | WARD_B_TEMP_04 | 38.6 | CRITICAL
2026-09-22 04:00:37 | WARD_B_TEMP_05 | 37.9 | WARNING
2026-09-22 04:00:38 | WARD_B_TEMP_01 | 37.7 | WARNING
2026-09-22 04:00:38 | WARD_B_TEMP_02 | 36.8 | NORMAL
2026-09-22 04:00:38 | WARD_B_TEMP_03 | 37.6 | WARNING
2026-09-22 04:00:38 | WARD_B_TEMP_04 | 36.2 | NORMAL
2026-09-22 04:00:38 | WARD_B_TEMP_05 | 34.9 | CRITICAL
2026-09-22 04:00:39 | WARD_B_TEMP_01 | 36.3 | NORMAL
2026-09-22 04:00:39 | WARD_B_TEMP_02 | 38.1 | CRITICAL
2026-09-22 04:00:39 | WARD_B_TEMP_03 | 40.1 | CRITICAL
2026-09-22 04:00:39 | WARD_B_TEMP_04 | 38.9 | CRITICAL
2026-09-22 04:00:39 | WARD_B_TEMP_05 | 34.8 | CRITICAL
2026-09-22 04:00:40 | WARD_B_TEMP_01 | 35.5 | NORMAL
2026-09-22 04:00:40 | WARD_B_TEMP_02 | 38.0 | WARNING
2026-09-22 04:00:40 | WARD_B_TEMP_03 | 40.1 | CRITICAL
2026-09-22 04:00:40 | WARD_B_TEMP_04 | 37.7 | WARNING
2026-09-22 04:00:40 | WARD_B_TEMP_05 | 36.8 | NORMAL
2026-09-22 04:00:41 | WARD_B_TEMP_01 | 37.1 | NORMAL
2026-09-22 04:00:41 | WARD_B_TEMP_02 | 37.9 | WARNING
2026-09-22 04:00:41 | WARD_B_TEMP_03 | 35.1 | CRITICAL
2026-09-22 04:00:41 | WARD_B_TEMP_04 | 38.7 | CRITICAL
2026-09-22 04:00:41 | WARD_B_TEMP_05 | 39.8 | CRITICAL
2026-09-22 04:00:42 | WARD_B_TEMP_01 | 36.6 | NORMAL
2026-09-22 04:00:42 | WARD_B_TEMP_02 | 40.4 | CRITICAL
2026-09-22 04:00:42 | WARD_B_TEMP_03 | 35.1 | CRITICAL
2026-09-22 04:00:42 | WARD_B_TEMP_04 | 36.2 | NORMAL
2026-09-22 04:00:42 | WARD_B_TEMP_05 | 39.4 | CRITICAL
2026-09-22 04:00:43 | WARD_B_TEMP_01 | 35.0 | CRITICAL
2026-09-22 04:00:43 | WARD_B_TEMP_02 | 36.1 | NORMAL
2026-09-22 04:00:43 | WARD_B_TEMP_03 | 39.6 | CRITICAL
2026-09-22 04:00:43 | WARD_B_TEMP_04 | 39.8 | CRITICAL
2026-09-22 04:00:43 | WARD_B_TEMP_05 | 39.7 | CRITICAL
2026-09-22 04:00:44 | WARD_B_TEMP_01 | 38.0 | WARNING
2026-09-22 04:00:44 | WARD_B_TEMP_02 | 36.2 | NORMAL
2026-09-22 04:00:44 | WARD_B_TEMP_03 | 34.6 | CRITICAL
2026-09-22 04:00:44 | WARD_B_TEMP_04 | 39.6 | CRITICAL
2026-09-22 04:00:44 | WARD_B_TEMP_05 | 35.0 | CRITICAL
2026-09-22 04:00:45 | WARD_B_TEMP_01 | 34.5 | CRITICAL
2026-09-22 04:00:45 | WARD_B_TEMP_02 | 36.5 | NORMAL
2026-09-22 04:00:45 | WARD_B_TEMP_03 | 38.4 | CRITICAL
2026-09-22 04:00:45 | WARD_B_TEMP_04 | 38.3 | CRITICAL
2026-09-22 04:00:45 | WARD_B_TEMP_05 | 37.4 | NORMAL
2026-09-22 04:00:46 | WARD_B_TEMP_01 | 40.1 | CRITICAL
2026-09-22 04:00:46 | WARD_B_TEMP_02 | 36.9 | NORMAL
2026-09-22 04:00:46 | WARD_B_TEMP_03 | 40.3 | CRITICAL
2026-09-22 04:00:46 | WARD_B_TEMP_04 | 39.4 | CRITICAL
2026-09-22 04:00:46 | WARD_B_TEMP_05 | 37.0 | NORMAL
2026-09-22 04:00:47 | WARD_B_TEMP_01 | 37.8 | WARNING
2026-09-22 04:00:47 | WARD_B_TEMP_02 | 36.1 | NORMAL
2026-09-22 04:00:47 | WARD_B_TEMP_03 | 35.3 | CRITICAL
2026-09-22 04:00:47 | WARD_B_TEMP_04 | 38.5 | CRITICAL
2026-09-22 04:00:47 | WARD_B_TEMP_05 | 36.1 | NORMAL
2026-09-22 04:00:48 | WARD_B_TEMP_01 | 38.7 | CRITICAL
2026-09-22 04:00:48 | WARD_B_TEMP_02 | 38.4 | CRITICAL
2026-09-22 04:00:48 | WARD_B_TEMP_03 | 36.2 | NORMAL
2026-09-22 04:00:48 | WARD_B_TEMP_04 | 34.8 | CRITICAL
2026-09-22 04:00:48 | WARD_B_TEMP_05 | 39.8 | CRITICAL
2026-09-22 04:00:49 | WARD_B_TEMP_01 | 38.9 | CRITICAL
2026-09-22 04:00:49 | WARD_B_TEMP_02 | 36.0 | NORMAL
2026-09-22 04:00:49 | WARD_B_TEMP_03 | 36.4 | NORMAL
2026-09-22 04:00:49 | WARD_B_TEMP_04 | 38.7 | CRITICAL
2026-09-22 04:00:49 | WARD_B_TEMP_05 | 37.4 | NORMAL
2026-09-22 04:00:50 | WARD_B_TEMP_01 | 37.5 | WARNING
2026-09-22 04:00:50 | WARD_B_TEMP_02 | 37.5 | WARNING
2026-09-22 04:00:50 | WARD_B_TEMP_03 | 40.3 | CRITICAL
2026-09-22 04:00:50 | WARD_B_TEMP_04 | 35.3 | CRITICAL
2026-09-22 04:00:50 | WARD_B_TEMP_05 | 35.1 | CRITICAL
2026-09-22 04:00:51 | WARD_B_TEMP_01 | 39.2 | CRITICAL
2026-09-22 04:00:51 | WARD_B_TEMP_02 | 39.7 | CRITICAL
2026-09-22 04:00:51 | WARD_B_TEMP_03 | 39.4 | CRITICAL
2026-09-22 04:00:51 | WARD_B_TEMP_04 | 34.8 | CRITICAL
2026-09-22 04:00:51 | WARD_B_TEMP_05 | 37.7 | WARNING
2026-09-22 04:00:52 | WARD_B_TEMP_01 | 34.6 | CRITICAL
2026-09-22 04:00:52 | WARD_B_TEMP_02 | 40.0 | CRITICAL
2026-09-22 04:00:52 | WARD_B_TEMP_03 | 40.5 | CRITICAL
2026-09-22 04:00:52 | WARD_B_TEMP_04 | 38.2 | CRITICAL
2026-09-22 04:00:52 | WARD_B_TEMP_05 | 40.4 | CRITICAL
2026-09-22 04:00:53 | WARD_B_TEMP_01 | 34.6 | CRITICAL
2026-09-22 04:00:53 | WARD_B_TEMP_02 | 37.1 | NORMAL
2026-09-22 04:00:53 | WARD_B_TEMP_03 | 37.7 | WARNING
2026-09-22 04:00:53 | WARD_B_TEMP_04 | 39.2 | CRITICAL
2026-09-22 04:00:53 | WARD_B_TEMP_05 | 39.1 | CRITICAL
2026-09-22 04:00:54 | WARD_B_TEMP_01 | 40.2 | CRITICAL
2026-09-22 04:00:54 | WARD_B_TEMP_02 | 39.4 | CRITICAL
2026-09-22 04:00:54 | WARD_B_TEMP_03 | 34.5 | CRITICAL
2026-09-22 04:00:54 | WARD_B_TEMP_04 | 35.8 | NORMAL
2026-09-22 04:00:54 | WARD_B_TEMP_05 | 38.4 | CRITICAL
2026-09-22 04:00:55 | WARD_B_TEMP_01 | 38.1 | CRITICAL
2026-09-22 04:00:55 | WARD_B_TEMP_02 | 40.3 | CRITICAL
2026-09-22 04:00:55 | WARD_B_TEMP_03 | 35.8 | NORMAL
2026-09-22 04:00:55 | WARD_B_TEMP_04 | 39.7 | CRITICAL
2026-09-22 04:00:55 | WARD_B_TEMP_05 | 39.8 | CRITICAL
2026-09-22 04:00:56 | WARD_B_TEMP_01 | 37.4 | NORMAL
2026-09-22 04:00:56 | WARD_B_TEMP_02 | 40.1 | CRITICAL
2026-09-22 04:00:56 | WARD_B_TEMP_03 | 34.6 | CRITICAL
2026-09-22 04:00:56 | WARD_B_TEMP_04 | 37.7 | WARNING
2026-09-22 04:00:56 | WARD_B_TEMP_05 | 34.6 | CRITICAL
2026-09-22 04:00:57 | WARD_B_TEMP_01 | 39.3 | CRITICAL
2026-09-22 04:00:57 | WARD_B_TEMP_02 | 36.6 | NORMAL
2026-09-22 04:00:57 | WARD_B_TEMP_03 | 37.8 | WARNING
2026-09-22 04:00:57 | WARD_B_TEMP_04 | 34.5 | CRITICAL
2026-09-22 04:00:57 | WARD_B_TEMP_05 | 37.5 | WARNING
2026-09-22 04:00:58 | WARD_B_TEMP_01 | 38.9 | CRITICAL
2026-09-22 04:00:58 | WARD_B_TEMP_02 | 38.3 | CRITICAL
2026-09-22 04:00:58 | WARD_B_TEMP_03 | 39.7 | CRITICAL
2026-09-22 04:00:58 | WARD_B_TEMP_04 | 37.0 | NORMAL
2026-09-22 04:00:58 | WARD_B_TEMP_05 | 35.9 | NORMAL
2026-09-22 04:00:59 | WARD_B_TEMP_01 | 36.7 | NORMAL
2026-09-22 04:00:59 | WARD_B_TEMP_02 | 38.4 | CRITICAL
2026-09-22 04:00:59 | WARD_B_TEMP_03 | 37.1 | NORMAL
2026-09-22 04:00:59 | WARD_B_TEMP_04 | 36.3 | NORMAL
2026-09-22 04:00:59 | WARD_B_TEMP_05 | 37.5 | WARNING
2026-09-22 04:01:00 | WARD_B_TEMP_01 | 34.6 | CRITICAL
2026-09-22 04:01:00 | WARD_B_TEMP_02 | 37.4 | NORMAL
2026-09-22 04:01:00 | WARD_B_TEMP_03 | 40.2 | CRITICAL
2026-09-22 04:01:00 | WARD_B_TEMP_04 | 36.6 | NORMAL
2026-09-22 04:01:00 | WARD_B_TEMP_05 | 39.5 | CRITICAL
2026-09-22 04:01:01 | WARD_B_TEMP_01 | 35.7 | NORMAL
2026-09-22 04:01:01 | WARD_B_TEMP_02 | 38.2 | CRITICAL
2026-09-22 04:01:01 | WARD_B_TEMP_03 | 40.0 | CRITICAL
2026-09-22 04:01:01 | WARD_B_TEMP_04 | 37.2 | NORMAL
2026-09-22 04:01:01 | WARD_B_TEMP_05 | 39.3 | CRITICAL
2026-09-22 04:01:02 | WARD_B_TEMP_01 | 38.6 | CRITICAL
2026-09-22 04:01:02 | WARD_B_TEMP_02 | 36.4 | NORMAL
2026-09-22 04:01:02 | WARD_B_TEMP_03 | 37.3 | NORMAL
2026-09-22 04:01:02 | WARD_B_TEMP_04 | 38.0 | WARNING
2026-09-22 04:01:02 | WARD_B_TEMP_05 | 38.2 | CRITICAL
2026-09-22 04:01:03 | WARD_B_TEMP_01 | 34.8 | CRITICAL
2026-09-22 04:01:03 | WARD_B_TEMP_02 | 39.4 | CRITICAL
2026-09-22 04:01:03 | WARD_B_TEMP_03 | 36.1 | NORMAL
2026-09-22 04:01:03 | WARD_B_TEMP_04 | 35.7 | NORMAL
2026-09-22 04:01:03 | WARD_B_TEMP_05 | 34.7 | CRITICAL
2026-09-22 04:01:04 | WARD_B_TEMP_01 | 39.4 | CRITICAL
2026-09-22 04:01:04 | WARD_B_TEMP_02 | 37.6 | WARNING
2026-09-22 04:01:04 | WARD_B_TEMP_03 | 34.9 | CRITICAL
2026-09-22 04:01:04 | WARD_B_TEMP_04 | 35.2 | CRITICAL
2026-09-22 04:01:04 | WARD_B_TEMP_05 | 37.9 | WARNING
2026-09-22 04:01:05 | WARD_B_TEMP_01 | 37.8 | WARNING
2026-09-22 04:01:05 | WARD_B_TEMP_02 | 40.1 | CRITICAL
2026-09-22 04:01:05 | WARD_B_TEMP_03 | 37.6 | WARNING
2026-09-22 04:01:05 | WARD_B_TEMP_04 | 37.1 | NORMAL
2026-09-22 04:01:05 | WARD_B_TEMP_05 | 37.1 | NORMAL
2026-09-22 04:01:06 | WARD_B_TEMP_01 | 37.8 | WARNING
2026-09-22 04:01:06 | WARD_B_TEMP_02 | 39.3 | CRITICAL
2026-09-22 04:01:06 | WARD_B_TEMP_03 | 37.6 | WARNING
2026-09-22 04:01:06 | WARD_B_TEMP_04 | 37.9 | WARNING
2026-09-22 04:01:06 | WARD_B_TEMP_05 | 38.4 | CRITICAL
2026-09-22 04:01:07 | WARD_B_TEMP_01 | 37.8 | WARNING
2026-09-22 04:01:07 | WARD_B_TEMP_02 | 35.8 | NORMAL
2026-09-22 04:01:07 | WARD_B_TEMP_03 | 38.0 | WARNING
2026-09-22 04:01:07 | WARD_B_TEMP_04 | 39.5 | CRITICAL
2026-09-22 04:01:07 | WARD_B_TEMP_05 | 40.3 | CRITICAL
2026-09-22 04:01:08 | WARD_B_TEMP_01 | 35.2 | CRITICAL
2026-09-22 04:01:08 | WARD_B_TEMP_02 | 36.2 | NORMAL
2026-09-22 04:01:08 | WARD_B_TEMP_03 | 39.5 | CRITICAL
2026-09-22 04:01:08 | WARD_B_TEMP_04 | 37.5 | WARNING
2026-09-22 04:01:08 | WARD_B_TEMP_05 | 38.1 | CRITICAL
2026-09-22 04:01:09 | WARD_B_TEMP_01 | 39.0 | CRITICAL
2026-09-22 04:01:09 | WARD_B_TEMP_02 | 35.7 | NORMAL
2026-09-22 04:01:09 | WARD_B_TEMP_03 | 37.6 | WARNING
2026-09-22 04:01:09 | WARD_B_TEMP_04 | 35.9 | NORMAL
2026-09-22 04:01:09 | WARD_B_TEMP_05 | 35.3 | CRITICAL
2026-09-22 04:01:10 | WARD_B_TEMP_01 | 36.2 | NORMAL
2026-09-22 04:01:10 | WARD_B_TEMP_02 | 37.9 | WARNING
2026-09-22 04:01:10 | WARD_B_TEMP_03 | 36.1 | NORMAL
2026-09-22 04:01:10 | WARD_B_TEMP_04 | 36.6 | NORMAL
2026-09-22 04:01:10 | WARD_B_TEMP_05 | 37.1 | NORMAL
2026-09-22 04:01:11 | WARD_B_TEMP_01 | 35.1 | CRITICAL
2026-09-22 04:01:11 | WARD_B_TEMP_02 | 38.8 | CRITICAL
2026-09-22 04:01:11 | WARD_B_TEMP_03 | 35.9 | NORMAL
2026-09-22 04:01:11 | WARD_B_TEMP_04 | 39.7 | CRITICAL
2026-09-22 04:01:11 | WARD_B_TEMP_05 | 35.5 | NORMAL
2026-09-22 04:01:12 | WARD_B_TEMP_01 | 37.7 | WARNING
2026-09-22 04:01:12 | WARD_B_TEMP_02 | 37.6 | WARNING
2026-09-22 04:01:12 | WARD_B_TEMP_03 | 39.1 | CRITICAL
2026-09-22 04:01:12 | WARD_B_TEMP_04 | 38.2 | CRITICAL
2026-09-22 04:01:12 | WARD_B_TEMP_05 | 39.2 | CRITICAL
2026-09-22 04:01:13 | WARD_B_TEMP_01 | 39.4 | CRITICAL
2026-09-22 04:01:13 | WARD_B_TEMP_02 | 38.3 | CRITICAL
2026-09-22 04:01:13 | WARD_B_TEMP_03 | 37.5 | WARNING
2026-09-22 04:01:13 | WARD_B_TEMP_04 | 39.6 | CRITICAL
2026-09-22 04:01:13 | WARD_B_TEMP_05 | 40.1 | CRITICAL
2026-09-22 04:01:14 | WARD_B_TEMP_01 | 35.2 | CRITICAL
2026-09-22 04:01:14 | WARD_B_TEMP_02 | 39.2 | CRITICAL
2026-09-22 04:01:14 | WARD_B_TEMP_03 | 37.2 | NORMAL
2026-09-22 04:01:14 | WARD_B_TEMP_04 | 38.8 | CRITICAL
2026-09-22 04:01:14 | WARD_B_TEMP_05 | 35.7 | NORMAL
2026-09-22 04:01:15 | WARD_B_TEMP_01 | 38.5 | CRITICAL
2026-09-22 04:01:15 | WARD_B_TEMP_02 | 35.1 | CRITICAL
2026-09-22 04:01:15 | WARD_B_TEMP_03 | 39.9 | CRITICAL
2026-09-22 04:01:15 | WARD_B_TEMP_04 | 39.9 | CRITICAL
2026-09-22 04:01:15 | WARD_B_TEMP_05 | 36.8 | NORMAL
2026-09-22 04:01:16 | WARD_B_TEMP_01 | 36.2 | NORMAL
2026-09-22 04:01:16 | WARD_B_TEMP_02 | 40.5 | CRITICAL
2026-09-22 04:01:16 | WARD_B_TEMP_03 | 39.4 | CRITICAL
2026-09-22 04:01:16 | WARD_B_TEMP_04 | 36.3 | NORMAL
2026-09-22 04:01:16 | WARD_B_TEMP_05 | 38.0 | WARNING
2026-09-22 04:01:17 | WARD_B_TEMP_01 | 40.3 | CRITICAL
2026-09-22 04:01:17 | WARD_B_TEMP_02 | 35.9 | NORMAL
2026-09-22 04:01:17 | WARD_B_TEMP_03 | 39.2 | CRITICAL
2026-09-22 04:01:17 | WARD_B_TEMP_04 | 34.9 | CRITICAL
2026-09-22 04:01:17 | WARD_B_TEMP_05 | 39.1 | CRITICAL
2026-09-22 04:01:18 | WARD_B_TEMP_01 | 37.3 | NORMAL
2026-09-22 04:01:18 | WARD_B_TEMP_02 | 38.2 | CRITICAL
2026-09-22 04:01:18 | WARD_B_TEMP_03 | 36.8 | NORMAL
2026-09-22 04:01:18 | WARD_B_TEMP_04 | 39.6 | CRITICAL
2026-09-22 04:01:18 | WARD_B_TEMP_05 | 36.3 | NORMAL
2026-09-22 04:01:19 | WARD_B_TEMP_01 | 35.4 | CRITICAL
2026-09-22 04:01:19 | WARD_B_TEMP_02 | 38.8 | CRITICAL
2026-09-22 04:01:19 | WARD_B_TEMP_03 | 35.6 | NORMAL
2026-09-22 04:01:19 | WARD_B_TEMP_04 | 40.0 | CRITICAL
2026-09-22 04:01:19 | WARD_B_TEMP_05 | 37.2 | NORMAL
2026-09-22 04:01:20 | WARD_B_TEMP_01 | 34.6 | CRITICAL
2026-09-22 04:01:20 | WARD_B_TEMP_02 | 36.1 | NORMAL
2026-09-22 04:01:20 | WARD_B_TEMP_03 | 35.3 | CRITICAL
2026-09-22 04:01:20 | WARD_B_TEMP_04 | 36.7 | NORMAL
2026-09-22 04:01:20 | WARD_B_TEMP_05 | 36.3 | NORMAL
2026-09-22 04:01:21 | WARD_B_TEMP_01 | 36.3 | NORMAL
2026-09-22 04:01:21 | WARD_B_TEMP_02 | 35.9 | NORMAL
2026-09-22 04:01:21 | WARD_B_TEMP_03 | 34.9 | CRITICAL
2026-09-22 04:01:21 | WARD_B_TEMP_04 | 38.7 | CRITICAL
2026-09-22 04:01:21 | WARD_B_TEMP_05 | 36.0 | NORMAL
2026-09-22 04:01:22 | WARD_B_TEMP_01 | 39.6 | CRITICAL
2026-09-22 04:01:22 | WARD_B_TEMP_02 | 35.5 | NORMAL
2026-09-22 04:01:22 | WARD_B_TEMP_03 | 34.5 | CRITICAL
2026-09-22 04:01:22 | WARD_B_TEMP_04 | 40.0 | CRITICAL
2026-09-22 04:01:22 | WARD_B_TEMP_05 | 36.2 | NORMAL
2026-09-22 04:01:23 | WARD_B_TEMP_01 | 40.0 | CRITICAL
2026-09-22 04:01:23 | WARD_B_TEMP_02 | 36.9 | NORMAL
2026-09-22 04:01:23 | WARD_B_TEMP_03 | 36.5 | NORMAL
2026-09-22 04:01:23 | WARD_B_TEMP_04 | 39.4 | CRITICAL
2026-09-22 04:01:23 | WARD_B_TEMP_05 | 34.5 | CRITICAL
2026-09-22 04:01:24 | WARD_B_TEMP_01 | 38.0 | WARNING
2026-09-22 04:01:24 | WARD_B_TEMP_02 | 37.6 | WARNING
2026-09-22 04:01:24 | WARD_B_TEMP_03 | 36.5 | NORMAL
2026-09-22 04:01:24 | WARD_B_TEMP_04 | 36.2 | NORMAL
2026-09-22 04:01:24 | WARD_B_TEMP_05 | 37.2 | NORMAL
2026-09-22 04:01:25 | WARD_B_TEMP_01 | 36.1 | NORMAL
2026-09-22 04:01:25 | WARD_B_TEMP_02 | 35.1 | CRITICAL
2026-09-22 04:01:25 | WARD_B_TEMP_03 | 38.2 | CRITICAL
2026-09-22 04:01:25 | WARD_B_TEMP_04 | 40.5 | CRITICAL
2026-09-22 04:01:25 | WARD_B_TEMP_05 | 35.7 | NORMAL
2026-09-22 04:01:26 | WARD_B_TEMP_01 | 38.9 | CRITICAL
2026-09-22 04:01:26 | WARD_B_TEMP_02 | 34.8 | CRITICAL
2026-09-22 04:01:26 | WARD_B_TEMP_03 | 38.0 | WARNING
2026-09-22 04:01:26 | WARD_B_TEMP_04 | 36.5 | NORMAL
2026-09-22 04:01:26 | WARD_B_TEMP_05 | 35.4 | CRITICAL
2026-09-22 04:01:27 | WARD_B_TEMP_01 | 35.6 | NORMAL
2026-09-22 04:01:27 | WARD_B_TEMP_02 | 34.7 | CRITICAL
2026-09-22 04:01:27 | WARD_B_TEMP_03 | 36.6 | NORMAL
2026-09-22 04:01:27 | WARD_B_TEMP_04 | 38.0 | WARNING
2026-09-22 04:01:27 | WARD_B_TEMP_05 | 37.0 | NORMAL
2026-09-22 04:01:28 | WARD_B_TEMP_01 | 36.7 | NORMAL
2026-09-22 04:01:28 | WARD_B_TEMP_02 | 38.2 | CRITICAL
2026-09-22 04:01:28 | WARD_B_TEMP_03 | 36.1 | NORMAL
2026-09-22 04:01:28 | WARD_B_TEMP_04 | 36.9 | NORMAL
2026-09-22 04:01:28 | WARD_B_TEMP_05 | 37.3 | NORMAL
2026-09-22 04:01:29 | WARD_B_TEMP_01 | 35.0 | CRITICAL
2026-09-22 04:01:29 | WARD_B_TEMP_02 | 36.8 | NORMAL
2026-09-22 04:01:29 | WARD_B_TEMP_03 | 36.3 | NORMAL
2026-09-22 04:01:29 | WARD_B_TEMP_04 | 35.7 | NORMAL
2026-09-22 04:01:29 | WARD_B_TEMP_05 | 35.5 | NORMAL
2026-09-22 04:01:30 | WARD_B_TEMP_01 | 39.9 | CRITICAL
2026-09-22 04:01:30 | WARD_B_TEMP_02 | 35.0 | CRITICAL
2026-09-22 04:01:30 | WARD_B_TEMP_03 | 39.2 | CRITICAL
2026-09-22 04:01:30 | WARD_B_TEMP_04 | 37.9 | WARNING
2026-09-22 04:01:30 | WARD_B_TEMP_05 | 38.2 | CRITICAL
2026-09-22 04:01:31 | WARD_B_TEMP_01 | 36.3 | NORMAL
2026-09-22 04:01:31 | WARD_B_TEMP_02 | 36.4 | NORMAL
2026-09-22 04:01:31 | WARD_B_TEMP_03 | 39.1 | CRITICAL
2026-09-22 04:01:31 | WARD_B_TEMP_04 | 35.8 | NORMAL
2026-09-22 04:01:31 | WARD_B_TEMP_05 | 38.3 | CRITICAL
2026-09-22 04:01:32 | WARD_B_TEMP_01 | 37.6 | WARNING
2026-09-22 04:01:32 | WARD_B_TEMP_02 | 34.6 | CRITICAL
2026-09-22 04:01:32 | WARD_B_TEMP_03 | 37.5 | WARNING
2026-09-22 04:01:32 | WARD_B_TEMP_04 | 40.4 | CRITICAL
2026-09-22 04:01:32 | WARD_B_TEMP_05 | 36.6 | NORMAL
2026-09-22 04:01:33 | WARD_B_TEMP_01 | 35.5 | NORMAL
2026-09-22 04:01:33 | WARD_B_TEMP_02 | 35.8 | NORMAL
2026-09-22 04:01:33 | WARD_B_TEMP_03 | 38.1 | CRITICAL
2026-09-22 04:01:33 | WARD_B_TEMP_04 | 38.2 | CRITICAL
2026-09-22 04:01:33 | WARD_B_TEMP_05 | 38.6 | CRITICAL
2026-09-22 04:01:34 | WARD_B_TEMP_01 | 36.0 | NORMAL
2026-09-22 04:01:34 | WARD_B_TEMP_02 | 38.1 | CRITICAL
2026-09-22 04:01:34 | WARD_B_TEMP_03 | 38.9 | CRITICAL
2026-09-22 04:01:34 | WARD_B_TEMP_04 | 39.3 | CRITICAL
2026-09-22 04:01:34 | WARD_B_TEMP_05 | 36.1 | NORMAL
2026-09-22 04:01:35 | WARD_B_TEMP_01 | 38.7 | CRITICAL
2026-09-22 04:01:35 | WARD_B_TEMP_02 | 38.7 | CRITICAL
2026-09-22 04:01:35 | WARD_B_TEMP_03 | 39.2 | CRITICAL
2026-09-22 04:01:35 | WARD_B_TEMP_04 | 39.9 | CRITICAL
2026-09-22 04:01:35 | WARD_B_TEMP_05 | 37.1 | NORMAL
2026-09-22 04:01:36 | WARD_B_TEMP_01 | 37.2 | NORMAL
2026-09-22 04:01:36 | WARD_B_TEMP_02 | 39.0 | CRITICAL
2026-09-22 04:01:36 | WARD_B_TEMP_03 | 35.7 | NORMAL
2026-09-22 04:01:36 | WARD_B_TEMP_04 | 36.3 | NORMAL
2026-09-22 04:01:36 | WARD_B_TEMP_05 | 35.4 | CRITICAL
2026-09-22 04:01:37 | WARD_B_TEMP_01 | 37.6 | WARNING
2026-09-22 04:01:37 | WARD_B_TEMP_02 | 39.5 | CRITICAL
2026-09-22 04:01:37 | WARD_B_TEMP_03 | 37.7 | WARNING
2026-09-22 04:01:37 | WARD_B_TEMP_04 | 40.1 | CRITICAL
2026-09-22 04:01:37 | WARD_B_TEMP_05 | 38.7 | CRITICAL
2026-09-22 04:01:38 | WARD_B_TEMP_01 | 36.4 | NORMAL
2026-09-22 04:01:38 | WARD_B_TEMP_02 | 38.7 | CRITICAL
2026-09-22 04:01:38 | WARD_B_TEMP_03 | 34.8 | CRITICAL
2026-09-22 04:01:38 | WARD_B_TEMP_04 | 35.2 | CRITICAL
2026-09-22 04:01:38 | WARD_B_TEMP_05 | 39.8 | CRITICAL
2026-09-22 04:01:39 | WARD_B_TEMP_01 | 38.3 | CRITICAL
2026-09-22 04:01:39 | WARD_B_TEMP_02 | 40.3 | CRITICAL
2026-09-22 04:01:39 | WARD_B_TEMP_03 | 37.1 | NORMAL
2026-09-22 04:01:39 | WARD_B_TEMP_04 | 35.1 | CRITICAL
2026-09-22 04:01:39 | WARD_B_TEMP_05 | 34.5 | CRITICAL
2026-09-22 04:01:40 | WARD_B_TEMP_01 | 39.0 | CRITICAL
2026-09-22 04:01:40 | WARD_B_TEMP_02 | 39.9 | CRITICAL
2026-09-22 04:01:40 | WARD_B_TEMP_03 | 40.2 | CRITICAL
2026-09-22 04:01:40 | WARD_B_TEMP_04 | 39.9 | CRITICAL
2026-09-22 04:01:40 | WARD_B_TEMP_05 | 40.4 | CRITICAL
2026-09-22 04:01:41 | WARD_B_TEMP_01 | 35.6 | NORMAL
2026-09-22 04:01:41 | WARD_B_TEMP_02 | 39.2 | CRITICAL
2026-09-22 04:01:41 | WARD_B_TEMP_03 | 38.4 | CRITICAL
2026-09-22 04:01:41 | WARD_B_TEMP_04 | 37.5 | WARNING
2026-09-22 04:01:41 | WARD_B_TEMP_05 | 35.4 | CRITICAL
2026-09-22 04:01:42 | WARD_B_TEMP_01 | 38.7 | CRITICAL
2026-09-22 04:01:42 | WARD_B_TEMP_02 | 39.7 | CRITICAL
2026-09-22 04:01:42 | WARD_B_TEMP_03 | 36.1 | NORMAL
2026-09-22 04:01:42 | WARD_B_TEMP_04 | 34.8 | CRITICAL
2026-09-22 04:01:42 | WARD_B_TEMP_05 | 36.7 | NORMAL
2026-09-22 04:01:43 | WARD_B_TEMP_01 | 37.3 | NORMAL
2026-09-22 04:01:43 | WARD_B_TEMP_02 | 39.3 | CRITICAL
2026-09-22 04:01:43 | WARD_B_TEMP_03 | 39.7 | CRITICAL
2026-09-22 04:01:43 | WARD_B_TEMP_04 | 35.4 | CRITICAL
2026-09-22 04:01:43 | WARD_B_TEMP_05 | 35.9 | NORMAL
2026-09-22 04:01:44 | WARD_B_TEMP_01 | 36.2 | NORMAL
2026-09-22 04:01:44 | WARD_B_TEMP_02 | 38.5 | CRITICAL
2026-09-22 04:01:44 | WARD_B_TEMP_03 | 38.6 | CRITICAL
2026-09-22 04:01:44 | WARD_B_TEMP_04 | 38.1 | CRITICAL
2026-09-22 04:01:44 | WARD_B_TEMP_05 | 38.3 | CRITICAL
2026-09-22 04:01:45 | WARD_B_TEMP_01 | 35.8 | NORMAL
2026-09-22 04:01:45 | WARD_B_TEMP_02 | 39.3 | CRITICAL
2026-09-22 04:01:45 | WARD_B_TEMP_03 | 37.9 | WARNING
2026-09-22 04:01:45 | WARD_B_TEMP_04 | 39.7 | CRITICAL
2026-09-22 04:01:45 | WARD_B_TEMP_05 | 36.2 | NORMAL
2026-09-22 04:01:46 | WARD_B_TEMP_01 | 40.0 | CRITICAL
2026-09-22 04:01:46 | WARD_B_TEMP_02 | 37.7 | WARNING
2026-09-22 04:01:46 | WARD_B_TEMP_03 | 39.6 | CRITICAL
2026-09-22 04:01:46 | WARD_B_TEMP_04 | 35.4 | CRITICAL
2026-09-22 04:01:46 | WARD_B_TEMP_05 | 39.4 | CRITICAL
2026-09-22 04:01:47 | WARD_B_TEMP_01 | 36.4 | NORMAL
2026-09-22 04:01:47 | WARD_B_TEMP_02 | 38.1 | CRITICAL
2026-09-22 04:01:47 | WARD_B_TEMP_03 | 39.4 | CRITICAL
2026-09-22 04:01:47 | WARD_B_TEMP_04 | 35.3 | CRITICAL
2026-09-22 04:01:47 | WARD_B_TEMP_05 | 34.8 | CRITICAL
2026-09-22 04:01:48 | WARD_B_TEMP_01 | 36.7 | NORMAL
2026-09-22 04:01:48 | WARD_B_TEMP_02 | 39.0 | CRITICAL
2026-09-22 04:01:48 | WARD_B_TEMP_03 | 38.0 | WARNING
2026-09-22 04:01:48 | WARD_B_TEMP_04 | 40.1 | CRITICAL
2026-09-22 04:01:48 | WARD_B_TEMP_05 | 38.8 | CRITICAL
2026-09-22 04:01:49 | WARD_B_TEMP_01 | 35.8 | NORMAL
2026-09-22 04:01:49 | WARD_B_TEMP_02 | 36.6 | NORMAL
2026-09-22 04:01:49 | WARD_B_TEMP_03 | 36.2 | NORMAL
2026-09-22 04:01:49 | WARD_B_TEMP_04 | 36.6 | NORMAL
2026-09-22 04:01:49 | WARD_B_TEMP_05 | 39.5 | CRITICAL
2026-09-22 04:01:50 | WARD_B_TEMP_01 | 40.1 | CRITICAL
2026-09-22 04:01:50 | WARD_B_TEMP_02 | 39.6 | CRITICAL
2026-09-22 04:01:50 | WARD_B_TEMP_03 | 38.0 | WARNING
2026-09-22 04:01:50 | WARD_B_TEMP_04 | 39.0 | CRITICAL
2026-09-22 04:01:50 | WARD_B_TEMP_05 | 37.0 | NORMAL
2026-09-22 04:01:51 | WARD_B_TEMP_01 | 37.4 | NORMAL
2026-09-22 04:01:51 | WARD_B_TEMP_02 | 40.1 | CRITICAL
2026-09-22 04:01:51 | WARD_B_TEMP_03 | 37.1 | NORMAL
2026-09-22 04:01:51 | WARD_B_TEMP_04 | 38.2 | CRITICAL
2026-09-22 04:01:51 | WARD_B_TEMP_05 | 39.2 | CRITICAL
2026-09-22 04:01:52 | WARD_B_TEMP_01 | 39.2 | CRITICAL
2026-09-22 04:01:52 | WARD_B_TEMP_02 | 39.9 | CRITICAL
2026-09-22 04:01:52 | WARD_B_TEMP_03 | 38.3 | CRITICAL
2026-09-22 04:01:52 | WARD_B_TEMP_04 | 35.2 | CRITICAL
2026-09-22 04:01:52 | WARD_B_TEMP_05 | 37.0 | NORMAL
2026-09-22 04:01:53 | WARD_B_TEMP_01 | 36.6 | NORMAL
2026-09-22 04:01:53 | WARD_B_TEMP_02 | 36.5 | NORMAL
2026-09-22 04:01:53 | WARD_B_TEMP_03 | 36.5 | NORMAL
2026-09-22 04:01:53 | WARD_B_TEMP_04 | 37.2 | NORMAL
2026-09-22 04:01:53 | WARD_B_TEMP_05 | 35.5 | NORMAL
2026-09-22 04:01:54 | WARD_B_TEMP_01 | 38.1 | CRITICAL
2026-09-22 04:01:54 | WARD_B_TEMP_02 | 36.3 | NORMAL
2026-09-22 04:01:54 | WARD_B_TEMP_03 | 36.5 | NORMAL
2026-09-22 04:01:54 | WARD_B_TEMP_04 | 34.8 | CRITICAL
2026-09-22 04:01:54 | WARD_B_TEMP_05 | 36.6 | NORMAL
2026-09-22 04:01:55 | WARD_B_TEMP_01 | 36.2 | NORMAL
2026-09-22 04:01:55 | WARD_B_TEMP_02 | 36.6 | NORMAL
2026-09-22 04:01:55 | WARD_B_TEMP_03 | 36.3 | NORMAL
2026-09-22 04:01:55 | WARD_B_TEMP_04 | 36.2 | NORMAL
2026-09-22 04:01:55 | WARD_B_TEMP_05 | 39.1 | CRITICAL
2026-09-22 04:01:56 | WARD_B_TEMP_01 | 35.3 | CRITICAL
2026-09-22 04:01:56 | WARD_B_TEMP_02 | 37.0 | NORMAL
2026-09-22 04:01:56 | WARD_B_TEMP_03 | 36.3 | NORMAL
2026-09-22 04:01:56 | WARD_B_TEMP_04 | 36.8 | NORMAL
2026-09-22 04:01:56 | WARD_B_TEMP_05 | 37.4 | NORMAL
2026-09-22 04:01:57 | WARD_B_TEMP_01 | 37.2 | NORMAL
2026-09-22 04:01:57 | WARD_B_TEMP_02 | 37.2 | NORMAL
2026-09-22 04:01:57 | WARD_B_TEMP_03 | 35.8 | NORMAL
2026-09-22 04:01:57 | WARD_B_TEMP_04 | 37.8 | WARNING
2026-09-22 04:01:57 | WARD_B_TEMP_05 | 34.7 | CRITICAL
2026-09-22 04:01:58 | WARD_B_TEMP_01 | 36.8 | NORMAL
2026-09-22 04:01:58 | WARD_B_TEMP_02 | 36.6 | NORMAL
2026-09-22 04:01:58 | WARD_B_TEMP_03 | 35.3 | CRITICAL
2026-09-22 04:01:58 | WARD_B_TEMP_04 | 38.0 | WARNING
2026-09-22 04:01:58 | WARD_B_TEMP_05 | 35.4 | CRITICAL
2026-09-22 04:01:59 | WARD_B_TEMP_01 | 39.6 | CRITICAL
2026-09-22 04:01:59 | WARD_B_TEMP_02 | 35.4 | CRITICAL
2026-09-22 04:01:59 | WARD_B_TEMP_03 | 36.7 | NORMAL
2026-09-22 04:01:59 | WARD_B_TEMP_04 | 38.3 | CRITICAL
2026-09-22 04:01:59 | WARD_B_TEMP_05 | 35.9 | NORMAL
2026-09-22 04:02:00 | WARD_B_TEMP_01 | 37.6 | WARNING
2026-09-22 04:02:00 | WARD_B_TEMP_02 | 36.9 | NORMAL
2026-09-22 04:02:00 | WARD_B_TEMP_03 | 38.7 | CRITICAL
2026-09-22 04:02:00 | WARD_B_TEMP_04 | 35.5 | NORMAL
2026-09-22 04:02:00 | WARD_B_TEMP_05 | 35.9 | NORMAL
2026-09-22 04:02:01 | WARD_B_TEMP_01 | 36.6 | NORMAL
2026-09-22 04:02:01 | WARD_B_TEMP_02 | 38.3 | CRITICAL
2026-09-22 04:02:01 | WARD_B_TEMP_03 | 36.7 | NORMAL
2026-09-22 04:02:01 | WARD_B_TEMP_04 | 38.8 | CRITICAL
2026-09-22 04:02:01 | WARD_B_TEMP_05 | 37.6 | WARNING
2026-09-22 04:02:02 | WARD_B_TEMP_01 | 36.6 | NORMAL
2026-09-22 04:02:02 | WARD_B_TEMP_02 | 36.0 | NORMAL
2026-09-22 04:02:02 | WARD_B_TEMP_03 | 39.7 | CRITICAL
2026-09-22 04:02:02 | WARD_B_TEMP_04 | 37.6 | WARNING
2026-09-22 04:02:02 | WARD_B_TEMP_05 | 36.8 | NORMAL
2026-09-22 04:02:03 | WARD_B_TEMP_01 | 35.1 | CRITICAL
2026-09-22 04:02:03 | WARD_B_TEMP_02 | 35.8 | NORMAL
2026-09-22 04:02:03 | WARD_B_TEMP_03 | 34.8 | CRITICAL
2026-09-22 04:02:03 | WARD_B_TEMP_04 | 35.2 | CRITICAL
2026-09-22 04:02:03 | WARD_B_TEMP_05 | 34.6 | CRITICAL
2026-09-22 04:02:04 | WARD_B_TEMP_01 | 36.6 | NORMAL
2026-09-22 04:02:04 | WARD_B_TEMP_02 | 39.8 | CRITICAL
2026-09-22 04:02:04 | WARD_B_TEMP_03 | 35.1 | CRITICAL
2026-09-22 04:02:04 | WARD_B_TEMP_04 | 35.4 | CRITICAL
2026-09-22 04:02:04 | WARD_B_TEMP_05 | 39.7 | CRITICAL
2026-09-22 04:02:05 | WARD_B_TEMP_01 | 37.7 | WARNING
2026-09-22 04:02:05 | WARD_B_TEMP_02 | 35.4 | CRITICAL
2026-09-22 04:02:05 | WARD_B_TEMP_03 | 36.9 | NORMAL
2026-09-22 04:02:05 | WARD_B_TEMP_04 | 34.5 | CRITICAL
2026-09-22 04:02:05 | WARD_B_TEMP_05 | 38.9 | CRITICAL
2026-09-22 04:02:06 | WARD_B_TEMP_01 | 38.2 | CRITICAL
2026-09-22 04:02:06 | WARD_B_TEMP_02 | 36.4 | NORMAL
2026-09-22 04:02:06 | WARD_B_TEMP_03 | 40.3 | CRITICAL
2026-09-22 04:02:06 | WARD_B_TEMP_04 | 38.5 | CRITICAL
2026-09-22 04:02:06 | WARD_B_TEMP_05 | 38.6 | CRITICAL
2026-09-22 04:02:07 | WARD_B_TEMP_01 | 35.7 | NORMAL
2026-09-22 04:02:07 | WARD_B_TEMP_02 | 40.3 | CRITICAL
2026-09-22 04:02:07 | WARD_B_TEMP_03 | 39.3 | CRITICAL
2026-09-22 04:02:07 | WARD_B_TEMP_04 | 36.7 | NORMAL
2026-09-22 04:02:07 | WARD_B_TEMP_05 | 34.6 | CRITICAL
2026-09-22 04:02:08 | WARD_B_TEMP_01 | 36.3 | NORMAL
2026-09-22 04:02:08 | WARD_B_TEMP_02 | 37.0 | NORMAL
2026-09-22 04:02:08 | WARD_B_TEMP_03 | 37.6 | WARNING
2026-09-22 04:02:08 | WARD_B_TEMP_04 | 40.1 | CRITICAL
2026-09-22 04:02:08 | WARD_B_TEMP_05 | 34.8 | CRITICAL
2026-09-22 04:02:09 | WARD_B_TEMP_01 | 36.7 | NORMAL
2026-09-22 04:02:09 | WARD_B_TEMP_02 | 35.0 | CRITICAL
2026-09-22 04:02:09 | WARD_B_TEMP_03 | 38.0 | WARNING
2026-09-22 04:02:09 | WARD_B_TEMP_04 | 40.3 | CRITICAL
2026-09-22 04:02:09 | WARD_B_TEMP_05 | 36.2 | NORMAL
2026-09-22 04:02:10 | WARD_B_TEMP_01 | 40.4 | CRITICAL
2026-09-22 04:02:10 | WARD_B_TEMP_02 | 38.5 | CRITICAL
2026-09-22 04:02:10 | WARD_B_TEMP_03 | 40.2 | CRITICAL
2026-09-22 04:02:10 | WARD_B_TEMP_04 | 39.1 | CRITICAL
2026-09-22 04:02:10 | WARD_B_TEMP_05 | 39.3 | CRITICAL
2026-09-22 04:02:11 | WARD_B_TEMP_01 | 40.2 | CRITICAL
2026-09-22 04:02:11 | WARD_B_TEMP_02 | 35.2 | CRITICAL
2026-09-22 04:02:11 | WARD_B_TEMP_03 | 35.2 | CRITICAL
2026-09-22 04:02:11 | WARD_B_TEMP_04 | 36.0 | NORMAL
2026-09-22 04:02:11 | WARD_B_TEMP_05 | 39.7 | CRITICAL
2026-09-22 04:02:12 | WARD_B_TEMP_01 | 39.1 | CRITICAL
2026-09-22 04:02:12 | WARD_B_TEMP_02 | 38.7 | CRITICAL
2026-09-22 04:02:12 | WARD_B_TEMP_03 | 36.0 | NORMAL
2026-09-22 04:02:12 | WARD_B_TEMP_04 | 40.2 | CRITICAL
2026-09-22 04:02:12 | WARD_B_TEMP_05 | 39.6 | CRITICAL
2026-09-22 04:02:13 | WARD_B_TEMP_01 | 40.1 | CRITICAL
2026-09-22 04:02:13 | WARD_B_TEMP_02 | 36.1 | NORMAL
2026-09-22 04:02:13 | WARD_B_TEMP_03 | 38.9 | CRITICAL
2026-09-22 04:02:13 | WARD_B_TEMP_04 | 39.5 | CRITICAL
2026-09-22 04:02:13 | WARD_B_TEMP_05 | 35.7 | NORMAL
2026-09-22 04:02:14 | WARD_B_TEMP_01 | 40.4 | CRITICAL
2026-09-22 04:02:14 | WARD_B_TEMP_02 | 34.7 | CRITICAL
2026-09-22 04:02:14 | WARD_B_TEMP_03 | 34.7 | CRITICAL
2026-09-22 04:02:14 | WARD_B_TEMP_04 | 34.8 | CRITICAL
2026-09-22 04:02:14 | WARD_B_TEMP_05 | 40.3 | CRITICAL
2026-09-22 04:02:15 | WARD_B_TEMP_01 | 35.7 | NORMAL
2026-09-22 04:02:15 | WARD_B_TEMP_02 | 38.9 | CRITICAL
2026-09-22 04:02:15 | WARD_B_TEMP_03 | 36.9 | NORMAL
2026-09-22 04:02:15 | WARD_B_TEMP_04 | 38.5 | CRITICAL
2026-09-22 04:02:15 | WARD_B_TEMP_05 | 40.0 | CRITICAL
2026-09-22 04:02:16 | WARD_B_TEMP_01 | 38.5 | CRITICAL
2026-09-22 04:02:16 | WARD_B_TEMP_02 | 35.3 | CRITICAL
2026-09-22 04:02:16 | WARD_B_TEMP_03 | 37.1 | NORMAL
2026-09-22 04:02:16 | WARD_B_TEMP_04 | 38.1 | CRITICAL
2026-09-22 04:02:16 | WARD_B_TEMP_05 | 40.3 | CRITICAL
2026-09-22 04:02:17 | WARD_B_TEMP_01 | 36.5 | NORMAL
2026-09-22 04:02:17 | WARD_B_TEMP_02 | 39.4 | CRITICAL
2026-09-22 04:02:17 | WARD_B_TEMP_03 | 40.4 | CRITICAL
2026-09-22 04:02:17 | WARD_B_TEMP_04 | 34.9 | CRITICAL
2026-09-22 04:02:17 | WARD_B_TEMP_05 | 38.4 | CRITICAL
2026-09-22 04:02:18 | WARD_B_TEMP_01 | 34.7 | CRITICAL
2026-09-22 04:02:18 | WARD_B_TEMP_02 | 36.1 | NORMAL
2026-09-22 04:02:18 | WARD_B_TEMP_03 | 35.8 | NORMAL
2026-09-22 04:02:18 | WARD_B_TEMP_04 | 37.1 | NORMAL
2026-09-22 04:02:18 | WARD_B_TEMP_05 | 36.0 | NORMAL
2026-09-22 04:02:19 | WARD_B_TEMP_01 | 37.6 | WARNING
2026-09-22 04:02:19 | WARD_B_TEMP_02 | 35.7 | NORMAL
2026-09-22 04:02:19 | WARD_B_TEMP_03 | 38.6 | CRITICAL
2026-09-22 04:02:19 | WARD_B_TEMP_04 | 39.0 | CRITICAL
2026-09-22 04:02:19 | WARD_B_TEMP_05 | 38.4 | CRITICAL
2026-09-22 04:02:20 | WARD_B_TEMP_01 | 38.1 | CRITICAL
2026-09-22 04:02:20 | WARD_B_TEMP_02 | 37.6 | WARNING
2026-09-22 04:02:20 | WARD_B_TEMP_03 | 37.0 | NORMAL
2026-09-22 04:02:20 | WARD_B_TEMP_04 | 35.1 | CRITICAL
2026-09-22 04:02:20 | WARD_B_TEMP_05 | 37.9 | WARNING
2026-09-22 04:02:21 | WARD_B_TEMP_01 | 38.1 | CRITICAL
2026-09-22 04:02:21 | WARD_B_TEMP_02 | 34.7 | CRITICAL
2026-09-22 04:02:21 | WARD_B_TEMP_03 | 38.3 | CRITICAL
2026-09-22 04:02:21 | WARD_B_TEMP_04 | 36.7 | NORMAL
2026-09-22 04:02:21 | WARD_B_TEMP_05 | 36.3 | NORMAL
2026-09-22 04:02:22 | WARD_B_TEMP_01 | 36.4 | NORMAL
2026-09-22 04:02:22 | WARD_B_TEMP_02 | 36.6 | NORMAL
2026-09-22 04:02:22 | WARD_B_TEMP_03 | 37.6 | WARNING
2026-09-22 04:02:22 | WARD_B_TEMP_04 | 35.4 | CRITICAL
2026-09-22 04:02:22 | WARD_B_TEMP_05 | 37.7 | WARNING
2026-09-22 04:02:23 | WARD_B_TEMP_01 | 35.5 | NORMAL
2026-09-22 04:02:23 | WARD_B_TEMP_02 | 39.1 | CRITICAL
2026-09-22 04:02:23 | WARD_B_TEMP_03 | 35.0 | CRITICAL
2026-09-22 04:02:23 | WARD_B_TEMP_04 | 35.2 | CRITICAL
2026-09-22 04:02:23 | WARD_B_TEMP_05 | 40.3 | CRITICAL
2026-09-22 04:02:24 | WARD_B_TEMP_01 | 39.0 | CRITICAL
2026-09-22 04:02:24 | WARD_B_TEMP_02 | 38.0 | WARNING
2026-09-22 04:02:24 | WARD_B_TEMP_03 | 38.5 | CRITICAL
2026-09-22 04:02:24 | WARD_B_TEMP_04 | 34.8 | CRITICAL
2026-09-22 04:02:24 | WARD_B_TEMP_05 | 37.4 | NORMAL
2026-09-22 04:02:25 | WARD_B_TEMP_01 | 37.3 | NORMAL
2026-09-22 04:02:25 | WARD_B_TEMP_02 | 34.9 | CRITICAL
2026-09-22 04:02:25 | WARD_B_TEMP_03 | 40.1 | CRITICAL
2026-09-22 04:02:25 | WARD_B_TEMP_04 | 40.1 | CRITICAL
2026-09-22 04:02:25 | WARD_B_TEMP_05 | 39.4 | CRITICAL
2026-09-22 04:02:26 | WARD_B_TEMP_01 | 36.3 | NORMAL
2026-09-22 04:02:26 | WARD_B_TEMP_02 | 40.4 | CRITICAL
2026-09-22 04:02:26 | WARD_B_TEMP_03 | 36.7 | NORMAL
2026-09-22 04:02:26 | WARD_B_TEMP_04 | 37.1 | NORMAL
2026-09-22 04:02:26 | WARD_B_TEMP_05 | 36.1 | NORMAL
2026-09-22 04:02:27 | WARD_B_TEMP_01 | 37.3 | NORMAL
2026-09-22 04:02:27 | WARD_B_TEMP_02 | 39.8 | CRITICAL
2026-09-22 04:02:27 | WARD_B_TEMP_03 | 34.9 | CRITICAL
2026-09-22 04:02:27 | WARD_B_TEMP_04 | 36.5 | NORMAL
2026-09-22 04:02:27 | WARD_B_TEMP_05 | 35.4 | CRITICAL
2026-09-22 04:02:28 | WARD_B_TEMP_01 | 37.8 | WARNING
2026-09-22 04:02:28 | WARD_B_TEMP_02 | 34.8 | CRITICAL
2026-09-22 04:02:28 | WARD_B_TEMP_03 | 35.4 | CRITICAL
2026-09-22 04:02:28 | WARD_B_TEMP_04 | 37.4 | NORMAL
2026-09-22 04:02:28 | WARD_B_TEMP_05 | 40.2 | CRITICAL
2026-09-22 04:02:29 | WARD_B_TEMP_01 | 37.0 | NORMAL
2026-09-22 04:02:29 | WARD_B_TEMP_02 | 35.7 | NORMAL
2026-09-22 04:02:29 | WARD_B_TEMP_03 | 39.5 | CRITICAL
2026-09-22 04:02:29 | WARD_B_TEMP_04 | 37.2 | NORMAL
2026-09-22 04:02:29 | WARD_B_TEMP_05 | 38.9 | CRITICAL
2026-09-22 04:02:30 | WARD_B_TEMP_01 | 39.3 | CRITICAL
2026-09-22 04:02:30 | WARD_B_TEMP_02 | 38.1 | CRITICAL
2026-09-22 04:02:30 | WARD_B_TEMP_03 | 37.2 | NORMAL
2026-09-22 04:02:30 | WARD_B_TEMP_04 | 37.0 | NORMAL
2026-09-22 04:02:30 | WARD_B_TEMP_05 | 37.7 | WARNING
2026-09-22 04:02:31 | WARD_B_TEMP_01 | 39.5 | CRITICAL
2026-09-22 04:02:31 | WARD_B_TEMP_02 | 39.0 | CRITICAL
2026-09-22 04:02:31 | WARD_B_TEMP_03 | 39.3 | CRITICAL
2026-09-22 04:02:31 | WARD_B_TEMP_04 | 36.5 | NORMAL
2026-09-22 04:02:31 | WARD_B_TEMP_05 | 38.1 | CRITICAL
2026-09-22 04:02:32 | WARD_B_TEMP_01 | 38.2 | CRITICAL
2026-09-22 04:02:32 | WARD_B_TEMP_02 | 35.9 | NORMAL
2026-09-22 04:02:32 | WARD_B_TEMP_03 | 39.4 | CRITICAL
2026-09-22 04:02:32 | WARD_B_TEMP_04 | 34.7 | CRITICAL
2026-09-22 04:02:32 | WARD_B_TEMP_05 | 35.0 | CRITICAL
2026-09-22 04:02:33 | WARD_B_TEMP_01 | 38.6 | CRITICAL
2026-09-22 04:02:33 | WARD_B_TEMP_02 | 36.7 | NORMAL
2026-09-22 04:02:33 | WARD_B_TEMP_03 | 34.7 | CRITICAL
2026-09-22 04:02:33 | WARD_B_TEMP_04 | 36.7 | NORMAL
2026-09-22 04:02:33 | WARD_B_TEMP_05 | 37.4 | NORMAL
2026-09-22 04:02:34 | WARD_B_TEMP_01 | 39.8 | CRITICAL
2026-09-22 04:02:34 | WARD_B_TEMP_02 | 38.9 | CRITICAL
2026-09-22 04:02:34 | WARD_B_TEMP_03 | 38.8 | CRITICAL
2026-09-22 04:02:34 | WARD_B_TEMP_04 | 38.7 | CRITICAL
2026-09-22 04:02:34 | WARD_B_TEMP_05 | 39.6 | CRITICAL
2026-09-22 04:02:35 | WARD_B_TEMP_01 | 40.0 | CRITICAL
2026-09-22 04:02:35 | WARD_B_TEMP_02 | 35.3 | CRITICAL
2026-09-22 04:02:35 | WARD_B_TEMP_03 | 35.9 | NORMAL
2026-09-22 04:02:35 | WARD_B_TEMP_04 | 37.2 | NORMAL
2026-09-22 04:02:35 | WARD_B_TEMP_05 | 35.9 | NORMAL
2026-09-22 04:02:36 | WARD_B_TEMP_01 | 38.9 | CRITICAL
2026-09-22 04:02:36 | WARD_B_TEMP_02 | 40.3 | CRITICAL
2026-09-22 04:02:36 | WARD_B_TEMP_03 | 34.5 | CRITICAL
2026-09-22 04:02:36 | WARD_B_TEMP_04 | 38.6 | CRITICAL
2026-09-22 04:02:36 | WARD_B_TEMP_05 | 37.2 | NORMAL
2026-09-22 04:02:37 | WARD_B_TEMP_01 | 35.3 | CRITICAL
2026-09-22 04:02:37 | WARD_B_TEMP_02 | 40.0 | CRITICAL
2026-09-22 04:02:37 | WARD_B_TEMP_03 | 37.1 | NORMAL
2026-09-22 04:02:37 | WARD_B_TEMP_04 | 35.0 | CRITICAL
2026-09-22 04:02:37 | WARD_B_TEMP_05 | 36.9 | NORMAL
2026-09-22 04:02:38 | WARD_B_TEMP_01 | 34.7 | CRITICAL
2026-09-22 04:02:38 | WARD_B_TEMP_02 | 34.8 | CRITICAL
2026-09-22 04:02:38 | WARD_B_TEMP_03 | 38.1 | CRITICAL
2026-09-22 04:02:38 | WARD_B_TEMP_04 | 40.4 | CRITICAL
2026-09-22 04:02:38 | WARD_B_TEMP_05 | 39.2 | CRITICAL
2026-09-22 04:02:39 | WARD_B_TEMP_01 | 39.6 | CRITICAL
2026-09-22 04:02:39 | WARD_B_TEMP_02 | 38.3 | CRITICAL
2026-09-22 04:02:39 | WARD_B_TEMP_03 | 34.9 | CRITICAL
2026-09-22 04:02:39 | WARD_B_TEMP_04 | 36.2 | NORMAL
2026-09-22 04:02:39 | WARD_B_TEMP_05 | 38.4 | CRITICAL
2026-09-22 04:02:40 | WARD_B_TEMP_01 | 37.3 | NORMAL
2026-09-22 04:02:40 | WARD_B_TEMP_02 | 36.6 | NORMAL
2026-09-22 04:02:40 | WARD_B_TEMP_03 | 36.4 | NORMAL
2026-09-22 04:02:40 | WARD_B_TEMP_04 | 37.6 | WARNING
2026-09-22 04:02:40 | WARD_B_TEMP_05 | 35.4 | CRITICAL
2026-09-22 04:02:41 | WARD_B_TEMP_01 | 39.4 | CRITICAL
2026-09-22 04:02:41 | WARD_B_TEMP_02 | 36.4 | NORMAL
2026-09-22 04:02:41 | WARD_B_TEMP_03 | 37.7 | WARNING
2026-09-22 04:02:41 | WARD_B_TEMP_04 | 35.9 | NORMAL
2026-09-22 04:02:41 | WARD_B_TEMP_05 | 39.7 | CRITICAL
2026-09-22 04:02:42 | WARD_B_TEMP_01 | 37.3 | NORMAL
2026-09-22 04:02:42 | WARD_B_TEMP_02 | 39.5 | CRITICAL
2026-09-22 04:02:42 | WARD_B_TEMP_03 | 40.1 | CRITICAL
2026-09-22 04:02:42 | WARD_B_TEMP_04 | 35.5 | NORMAL
2026-09-22 04:02:42 | WARD_B_TEMP_05 | 35.9 | NORMAL
2026-09-22 04:02:43 | WARD_B_TEMP_01 | 36.6 | NORMAL
2026-09-22 04:02:43 | WARD_B_TEMP_02 | 35.2 | CRITICAL
2026-09-22 04:02:43 | WARD_B_TEMP_03 | 38.0 | WARNING
2026-09-22 04:02:43 | WARD_B_TEMP_04 | 35.9 | NORMAL
2026-09-22 04:02:43 | WARD_B_TEMP_05 | 36.9 | NORMAL
2026-09-22 04:02:44 | WARD_B_TEMP_01 | 36.5 | NORMAL
2026-09-22 04:02:44 | WARD_B_TEMP_02 | 36.0 | NORMAL
2026-09-22 04:02:44 | WARD_B_TEMP_03 | 37.5 | WARNING
2026-09-22 04:02:44 | WARD_B_TEMP_04 | 37.6 | WARNING
2026-09-22 04:02:44 | WARD_B_TEMP_05 | 36.8 | NORMAL
2026-09-22 04:02:45 | WARD_B_TEMP_01 | 34.8 | CRITICAL
2026-09-22 04:02:45 | WARD_B_TEMP_02 | 36.2 | NORMAL
2026-09-22 04:02:45 | WARD_B_TEMP_03 | 36.3 | NORMAL
2026-09-22 04:02:45 | WARD_B_TEMP_04 | 37.9 | WARNING
2026-09-22 04:02:45 | WARD_B_TEMP_05 | 36.5 | NORMAL
2026-09-22 04:02:46 | WARD_B_TEMP_01 | 36.2 | NORMAL
2026-09-22 04:02:46 | WARD_B_TEMP_02 | 36.7 | NORMAL
2026-09-22 04:02:46 | WARD_B_TEMP_03 | 38.7 | CRITICAL
2026-09-22 04:02:46 | WARD_B_TEMP_04 | 39.1 | CRITICAL
2026-09-22 04:02:46 | WARD_B_TEMP_05 | 38.3 | CRITICAL
2026-09-22 04:02:47 | WARD_B_TEMP_01 | 38.2 | CRITICAL
2026-09-22 04:02:47 | WARD_B_TEMP_02 | 35.3 | CRITICAL
2026-09-22 04:02:47 | WARD_B_TEMP_03 | 38.6 | CRITICAL
2026-09-22 04:02:47 | WARD_B_TEMP_04 | 38.8 | CRITICAL
2026-09-22 04:02:47 | WARD_B_TEMP_05 | 38.7 | CRITICAL
2026-09-22 04:02:48 | WARD_B_TEMP_01 | 37.6 | WARNING
2026-09-22 04:02:48 | WARD_B_TEMP_02 | 34.6 | CRITICAL
2026-09-22 04:02:48 | WARD_B_TEMP_03 | 40.1 | CRITICAL
2026-09-22 04:02:48 | WARD_B_TEMP_04 | 37.2 | NORMAL
2026-09-22 04:02:48 | WARD_B_TEMP_05 | 37.6 | WARNING
2026-09-22 04:02:49 | WARD_B_TEMP_01 | 35.3 | CRITICAL
2026-09-22 04:02:49 | WARD_B_TEMP_02 | 38.2 | CRITICAL
2026-09-22 04:02:49 | WARD_B_TEMP_03 | 36.0 | NORMAL
2026-09-22 04:02:49 | WARD_B_TEMP_04 | 34.7 | CRITICAL
2026-09-22 04:02:49 | WARD_B_TEMP_05 | 36.5 | NORMAL
2026-09-22 04:02:50 | WARD_B_TEMP_01 | 39.7 | CRITICAL
2026-09-22 04:02:50 | WARD_B_TEMP_02 | 35.6 | NORMAL
2026-09-22 04:02:50 | WARD_B_TEMP_03 | 37.3 | NORMAL
2026-09-22 04:02:50 | WARD_B_TEMP_04 | 40.0 | CRITICAL
2026-09-22 04:02:50 | WARD_B_TEMP_05 | 36.0 | NORMAL
2026-09-22 04:02:51 | WARD_B_TEMP_01 | 40.1 | CRITICAL
2026-09-22 04:02:51 | WARD_B_TEMP_02 | 36.2 | NORMAL
2026-09-22 04:02:51 | WARD_B_TEMP_03 | 40.4 | CRITICAL
2026-09-22 04:02:51 | WARD_B_TEMP_04 | 39.5 | CRITICAL
2026-09-22 04:02:51 | WARD_B_TEMP_05 | 38.5 | CRITICAL
2026-09-22 04:02:52 | WARD_B_TEMP_01 | 38.3 | CRITICAL
2026-09-22 04:02:52 | WARD_B_TEMP_02 | 39.4 | CRITICAL
2026-09-22 04:02:52 | WARD_B_TEMP_03 | 39.1 | CRITICAL
2026-09-22 04:02:52 | WARD_B_TEMP_04 | 36.7 | NORMAL
2026-09-22 04:02:52 | WARD_B_TEMP_05 | 39.4 | CRITICAL
2026-09-22 04:02:53 | WARD_B_TEMP_01 | 39.0 | CRITICAL
2026-09-22 04:02:53 | WARD_B_TEMP_02 | 39.0 | CRITICAL
2026-09-22 04:02:53 | WARD_B_TEMP_03 | 39.3 | CRITICAL
2026-09-22 04:02:53 | WARD_B_TEMP_04 | 36.1 | NORMAL
2026-09-22 04:02:53 | WARD_B_TEMP_05 | 39.3 | CRITICAL
2026-09-22 04:02:54 | WARD_B_TEMP_01 | 37.7 | WARNING
2026-09-22 04:02:54 | WARD_B_TEMP_02 | 38.4 | CRITICAL
2026-09-22 04:02:54 | WARD_B_TEMP_03 | 38.7 | CRITICAL
2026-09-22 04:02:54 | WARD_B_TEMP_04 | 35.1 | CRITICAL
2026-09-22 04:02:54 | WARD_B_TEMP_05 | 35.8 | NORMAL
2026-09-22 04:02:55 | WARD_B_TEMP_01 | 39.3 | CRITICAL
2026-09-22 04:02:55 | WARD_B_TEMP_02 | 38.1 | CRITICAL
2026-09-22 04:02:55 | WARD_B_TEMP_03 | 35.4 | CRITICAL
2026-09-22 04:02:55 | WARD_B_TEMP_04 | 34.6 | CRITICAL
2026-09-22 04:02:55 | WARD_B_TEMP_05 | 39.4 | CRITICAL
2026-09-22 04:02:56 | WARD_B_TEMP_01 | 37.7 | WARNING
2026-09-22 04:02:56 | WARD_B_TEMP_02 | 39.2 | CRITICAL
2026-09-22 04:02:56 | WARD_B_TEMP_03 | 38.1 | CRITICAL
2026-09-22 04:02:56 | WARD_B_TEMP_04 | 35.0 | CRITICAL
2026-09-22 04:02:56 | WARD_B_TEMP_05 | 39.9 | CRITICAL
2026-09-22 04:02:57 | WARD_B_TEMP_01 | 36.2 | NORMAL
2026-09-22 04:02:57 | WARD_B_TEMP_02 | 39.0 | CRITICAL
2026-09-22 04:02:57 | WARD_B_TEMP_03 | 39.5 | CRITICAL
2026-09-22 04:02:57 | WARD_B_TEMP_04 | 37.0 | NORMAL
2026-09-22 04:02:57 | WARD_B_TEMP_05 | 34.8 | CRITICAL
2026-09-22 04:02:58 | WARD_B_TEMP_01 | 34.9 | CRITICAL
2026-09-22 04:02:58 | WARD_B_TEMP_02 | 38.2 | CRITICAL
2026-09-22 04:02:58 | WARD_B_TEMP_03 | 38.0 | WARNING
2026-09-22 04:02:58 | WARD_B_TEMP_04 | 37.2 | NORMAL
2026-09-22 04:02:58 | WARD_B_TEMP_05 | 38.1 | CRITICAL
2026-09-22 04:02:59 | WARD_B_TEMP_01 | 38.7 | CRITICAL
2026-09-22 04:02:59 | WARD_B_TEMP_02 | 38.3 | CRITICAL
2026-09-22 04:02:59 | WARD_B_TEMP_03 | 38.3 | CRITICAL
2026-09-22 04:02:59 | WARD_B_TEMP_04 | 35.6 | NORMAL
2026-09-22 04:02:59 | WARD_B_TEMP_05 | 36.2 | NORMAL
2026-09-22 04:03:00 | WARD_B_TEMP_01 | 37.2 | NORMAL
2026-09-22 04:03:00 | WARD_B_TEMP_02 | 39.1 | CRITICAL
2026-09-22 04:03:00 | WARD_B_TEMP_03 | 35.8 | NORMAL
2026-09-22 04:03:00 | WARD_B_TEMP_04 | 36.1 | NORMAL
2026-09-22 04:03:00 | WARD_B_TEMP_05 | 38.4 | CRITICAL
2026-09-22 04:03:01 | WARD_B_TEMP_01 | 40.1 | CRITICAL
2026-09-22 04:03:01 | WARD_B_TEMP_02 | 40.1 | CRITICAL
2026-09-22 04:03:01 | WARD_B_TEMP_03 | 39.1 | CRITICAL
2026-09-22 04:03:01 | WARD_B_TEMP_04 | 38.8 | CRITICAL
2026-09-22 04:03:01 | WARD_B_TEMP_05 | 35.9 | NORMAL
2026-09-22 04:03:02 | WARD_B_TEMP_01 | 38.9 | CRITICAL
2026-09-22 04:03:02 | WARD_B_TEMP_02 | 39.8 | CRITICAL
2026-09-22 04:03:02 | WARD_B_TEMP_03 | 35.0 | CRITICAL
2026-09-22 04:03:02 | WARD_B_TEMP_04 | 40.0 | CRITICAL
2026-09-22 04:03:02 | WARD_B_TEMP_05 | 37.5 | WARNING
2026-09-22 04:03:03 | WARD_B_TEMP_01 | 39.5 | CRITICAL
2026-09-22 04:03:03 | WARD_B_TEMP_02 | 34.7 | CRITICAL
2026-09-22 04:03:03 | WARD_B_TEMP_03 | 37.1 | NORMAL
2026-09-22 04:03:03 | WARD_B_TEMP_04 | 35.3 | CRITICAL
2026-09-22 04:03:03 | WARD_B_TEMP_05 | 34.9 | CRITICAL
2026-09-22 04:03:04 | WARD_B_TEMP_01 | 40.3 | CRITICAL
2026-09-22 04:03:04 | WARD_B_TEMP_02 | 38.1 | CRITICAL
2026-09-22 04:03:04 | WARD_B_TEMP_03 | 35.5 | NORMAL
2026-09-22 04:03:04 | WARD_B_TEMP_04 | 35.9 | NORMAL
2026-09-22 04:03:04 | WARD_B_TEMP_05 | 38.1 | CRITICAL
2026-09-22 04:03:05 | WARD_B_TEMP_01 | 38.4 | CRITICAL
2026-09-22 04:03:05 | WARD_B_TEMP_02 | 36.6 | NORMAL
2026-09-22 04:03:05 | WARD_B_TEMP_03 | 39.2 | CRITICAL
2026-09-22 04:03:05 | WARD_B_TEMP_04 | 34.7 | CRITICAL
2026-09-22 04:03:05 | WARD_B_TEMP_05 | 36.4 | NORMAL
2026-09-22 04:03:06 | WARD_B_TEMP_01 | 38.6 | CRITICAL
2026-09-22 04:03:06 | WARD_B_TEMP_02 | 37.6 | WARNING
2026-09-22 04:03:06 | WARD_B_TEMP_03 | 37.0 | NORMAL
2026-09-22 04:03:06 | WARD_B_TEMP_04 | 36.9 | NORMAL
2026-09-22 04:03:06 | WARD_B_TEMP_05 | 35.4 | CRITICAL
2026-09-22 04:03:07 | WARD_B_TEMP_01 | 38.0 | WARNING
2026-09-22 04:03:07 | WARD_B_TEMP_02 | 39.4 | CRITICAL
2026-09-22 04:03:07 | WARD_B_TEMP_03 | 39.2 | CRITICAL
2026-09-22 04:03:07 | WARD_B_TEMP_04 | 38.1 | CRITICAL
2026-09-22 04:03:07 | WARD_B_TEMP_05 | 36.0 | NORMAL
2026-09-22 04:03:08 | WARD_B_TEMP_01 | 35.3 | CRITICAL
2026-09-22 04:03:08 | WARD_B_TEMP_02 | 36.4 | NORMAL
2026-09-22 04:03:08 | WARD_B_TEMP_03 | 39.4 | CRITICAL
2026-09-22 04:03:08 | WARD_B_TEMP_04 | 38.8 | CRITICAL
2026-09-22 04:03:08 | WARD_B_TEMP_05 | 38.4 | CRITICAL
2026-09-22 04:03:09 | WARD_B_TEMP_01 | 34.8 | CRITICAL
2026-09-22 04:03:09 | WARD_B_TEMP_02 | 36.9 | NORMAL
2026-09-22 04:03:09 | WARD_B_TEMP_03 | 40.2 | CRITICAL
2026-09-22 04:03:09 | WARD_B_TEMP_04 | 36.3 | NORMAL
2026-09-22 04:03:09 | WARD_B_TEMP_05 | 35.4 | CRITICAL
2026-09-22 04:03:10 | WARD_B_TEMP_01 | 36.3 | NORMAL
2026-09-22 04:03:10 | WARD_B_TEMP_02 | 37.1 | NORMAL
2026-09-22 04:03:10 | WARD_B_TEMP_03 | 38.7 | CRITICAL
2026-09-22 04:03:10 | WARD_B_TEMP_04 | 35.5 | NORMAL
2026-09-22 04:03:10 | WARD_B_TEMP_05 | 36.3 | NORMAL
2026-09-22 04:03:11 | WARD_B_TEMP_01 | 39.9 | CRITICAL
2026-09-22 04:03:11 | WARD_B_TEMP_02 | 37.7 | WARNING
2026-09-22 04:03:11 | WARD_B_TEMP_03 | 39.9 | CRITICAL
2026-09-22 04:03:11 | WARD_B_TEMP_04 | 35.1 | CRITICAL
2026-09-22 04:03:11 | WARD_B_TEMP_05 | 35.4 | CRITICAL
2026-09-22 04:03:12 | WARD_B_TEMP_01 | 34.8 | CRITICAL
2026-09-22 04:03:12 | WARD_B_TEMP_02 | 35.4 | CRITICAL
2026-09-22 04:03:12 | WARD_B_TEMP_03 | 38.8 | CRITICAL
2026-09-22 04:03:12 | WARD_B_TEMP_04 | 36.3 | NORMAL
2026-09-22 04:03:12 | WARD_B_TEMP_05 | 40.3 | CRITICAL
2026-09-22 04:03:13 | WARD_B_TEMP_01 | 34.8 | CRITICAL
2026-09-22 04:03:13 | WARD_B_TEMP_02 | 40.5 | CRITICAL
2026-09-22 04:03:13 | WARD_B_TEMP_03 | 38.6 | CRITICAL
2026-09-22 04:03:13 | WARD_B_TEMP_04 | 36.2 | NORMAL
2026-09-22 04:03:13 | WARD_B_TEMP_05 | 35.0 | CRITICAL
2026-09-22 04:03:14 | WARD_B_TEMP_01 | 40.2 | CRITICAL
2026-09-22 04:03:14 | WARD_B_TEMP_02 | 38.5 | CRITICAL
2026-09-22 04:03:14 | WARD_B_TEMP_03 | 38.1 | CRITICAL
2026-09-22 04:03:14 | WARD_B_TEMP_04 | 35.9 | NORMAL
2026-09-22 04:03:14 | WARD_B_TEMP_05 | 37.9 | WARNING
2026-09-22 04:03:15 | WARD_B_TEMP_01 | 35.0 | CRITICAL
2026-09-22 04:03:15 | WARD_B_TEMP_02 | 38.3 | CRITICAL
2026-09-22 04:03:15 | WARD_B_TEMP_03 | 39.8 | CRITICAL
2026-09-22 04:03:15 | WARD_B_TEMP_04 | 37.3 | NORMAL
2026-09-22 04:03:15 | WARD_B_TEMP_05 | 39.3 | CRITICAL
2026-09-22 04:03:16 | WARD_B_TEMP_01 | 37.8 | WARNING
2026-09-22 04:03:16 | WARD_B_TEMP_02 | 37.4 | NORMAL
2026-09-22 04:03:16 | WARD_B_TEMP_03 | 35.3 | CRITICAL
2026-09-22 04:03:16 | WARD_B_TEMP_04 | 36.6 | NORMAL
2026-09-22 04:03:16 | WARD_B_TEMP_05 | 39.7 | CRITICAL
2026-09-22 04:03:17 | WARD_B_TEMP_01 | 36.8 | NORMAL
2026-09-22 04:03:17 | WARD_B_TEMP_02 | 37.0 | NORMAL
2026-09-22 04:03:17 | WARD_B_TEMP_03 | 39.4 | CRITICAL
2026-09-22 04:03:17 | WARD_B_TEMP_04 | 38.2 | CRITICAL
2026-09-22 04:03:17 | WARD_B_TEMP_05 | 39.6 | CRITICAL
2026-09-22 04:03:18 | WARD_B_TEMP_01 | 39.9 | CRITICAL
2026-09-22 04:03:18 | WARD_B_TEMP_02 | 40.5 | CRITICAL
2026-09-22 04:03:18 | WARD_B_TEMP_03 | 36.5 | NORMAL
2026-09-22 04:03:18 | WARD_B_TEMP_04 | 36.5 | NORMAL
2026-09-22 04:03:18 | WARD_B_TEMP_05 | 37.9 | WARNING
2026-09-22 04:03:19 | WARD_B_TEMP_01 | 34.6 | CRITICAL
2026-09-22 04:03:19 | WARD_B_TEMP_02 | 37.4 | NORMAL
2026-09-22 04:03:19 | WARD_B_TEMP_03 | 38.4 | CRITICAL
2026-09-22 04:03:19 | WARD_B_TEMP_04 | 36.1 | NORMAL
2026-09-22 04:03:19 | WARD_B_TEMP_05 | 35.6 | NORMAL
2026-09-22 04:03:20 | WARD_B_TEMP_01 | 37.3 | NORMAL
2026-09-22 04:03:20 | WARD_B_TEMP_02 | 39.6 | CRITICAL
2026-09-22 04:03:20 | WARD_B_TEMP_03 | 39.6 | CRITICAL
2026-09-22 04:03:20 | WARD_B_TEMP_04 | 37.6 | WARNING
2026-09-22 04:03:20 | WARD_B_TEMP_05 | 36.1 | NORMAL
2026-09-22 04:03:21 | WARD_B_TEMP_01 | 37.7 | WARNING
2026-09-22 04:03:21 | WARD_B_TEMP_02 | 36.9 | NORMAL
2026-09-22 04:03:21 | WARD_B_TEMP_03 | 37.6 | WARNING
2026-09-22 04:03:21 | WARD_B_TEMP_04 | 35.1 | CRITICAL
2026-09-22 04:03:21 | WARD_B_TEMP_05 | 36.4 | NORMAL
2026-09-22 04:03:22 | WARD_B_TEMP_01 | 35.0 | CRITICAL
2026-09-22 04:03:22 | WARD_B_TEMP_02 | 35.3 | CRITICAL
2026-09-22 04:03:22 | WARD_B_TEMP_03 | 40.5 | CRITICAL
2026-09-22 04:03:22 | WARD_B_TEMP_04 | 37.5 | WARNING
2026-09-22 04:03:22 | WARD_B_TEMP_05 | 35.0 | CRITICAL
2026-09-22 04:03:23 | WARD_B_TEMP_01 | 40.1 | CRITICAL
2026-09-22 04:03:23 | WARD_B_TEMP_02 | 37.3 | NORMAL
2026-09-22 04:03:23 | WARD_B_TEMP_03 | 39.3 | CRITICAL
2026-09-22 04:03:23 | WARD_B_TEMP_04 | 39.6 | CRITICAL
2026-09-22 04:03:23 | WARD_B_TEMP_05 | 39.2 | CRITICAL
2026-09-22 04:03:24 | WARD_B_TEMP_01 | 37.5 | WARNING
2026-09-22 04:03:24 | WARD_B_TEMP_02 | 39.3 | CRITICAL
2026-09-22 04:03:24 | WARD_B_TEMP_03 | 39.7 | CRITICAL
2026-09-22 04:03:24 | WARD_B_TEMP_04 | 36.3 | NORMAL
2026-09-22 04:03:24 | WARD_B_TEMP_05 | 38.8 | CRITICAL
2026-09-22 04:03:25 | WARD_B_TEMP_01 | 36.2 | NORMAL
2026-09-22 04:03:25 | WARD_B_TEMP_02 | 34.8 | CRITICAL
2026-09-22 04:03:25 | WARD_B_TEMP_03 | 36.0 | NORMAL
2026-09-22 04:03:25 | WARD_B_TEMP_04 | 39.5 | CRITICAL
2026-09-22 04:03:25 | WARD_B_TEMP_05 | 40.3 | CRITICAL
2026-09-22 04:03:26 | WARD_B_TEMP_01 | 36.3 | NORMAL
2026-09-22 04:03:26 | WARD_B_TEMP_02 | 36.9 | NORMAL
2026-09-22 04:03:26 | WARD_B_TEMP_03 | 34.8 | CRITICAL
2026-09-22 04:03:26 | WARD_B_TEMP_04 | 38.3 | CRITICAL
2026-09-22 04:03:26 | WARD_B_TEMP_05 | 38.6 | CRITICAL
2026-09-22 04:03:27 | WARD_B_TEMP_01 | 37.7 | WARNING
2026-09-22 04:03:27 | WARD_B_TEMP_02 | 36.1 | NORMAL
2026-09-22 04:03:27 | WARD_B_TEMP_03 | 38.9 | CRITICAL
2026-09-22 04:03:27 | WARD_B_TEMP_04 | 37.7 | WARNING
2026-09-22 04:03:27 | WARD_B_TEMP_05 | 36.8 | NORMAL
2026-09-22 04:03:28 | WARD_B_TEMP_01 | 36.1 | NORMAL
2026-09-22 04:03:28 | WARD_B_TEMP_02 | 35.4 | CRITICAL
2026-09-22 04:03:28 | WARD_B_TEMP_03 | 38.2 | CRITICAL
2026-09-22 04:03:28 | WARD_B_TEMP_04 | 38.9 | CRITICAL
2026-09-22 04:03:28 | WARD_B_TEMP_05 | 35.3 | CRITICAL
2026-09-22 04:03:29 | WARD_B_TEMP_01 | 35.7 | NORMAL
2026-09-22 04:03:29 | WARD_B_TEMP_02 | 36.1 | NORMAL
2026-09-22 04:03:29 | WARD_B_TEMP_03 | 39.0 | CRITICAL
2026-09-22 04:03:29 | WARD_B_TEMP_04 | 35.7 | NORMAL
2026-09-22 04:03:29 | WARD_B_TEMP_05 | 39.9 | CRITICAL
2026-09-22 04:03:30 | WARD_B_TEMP_01 | 35.9 | NORMAL
2026-09-22 04:03:30 | WARD_B_TEMP_02 | 35.2 | CRITICAL
2026-09-22 04:03:30 | WARD_B_TEMP_03 | 37.9 | WARNING
2026-09-22 04:03:30 | WARD_B_TEMP_04 | 39.8 | CRITICAL
2026-09-22 04:03:30 | WARD_B_TEMP_05 | 38.1 | CRITICAL
2026-09-22 04:03:31 | WARD_B_TEMP_01 | 37.6 | WARNING
2026-09-22 04:03:31 | WARD_B_TEMP_02 | 37.0 | NORMAL
2026-09-22 04:03:31 | WARD_B_TEMP_03 | 37.1 | NORMAL
2026-09-22 04:03:31 | WARD_B_TEMP_04 | 39.8 | CRITICAL
2026-09-22 04:03:31 | WARD_B_TEMP_05 | 39.1 | CRITICAL
2026-09-22 04:03:32 | WARD_B_TEMP_01 | 35.0 | CRITICAL
2026-09-22 04:03:32 | WARD_B_TEMP_02 | 37.7 | WARNING
2026-09-22 04:03:32 | WARD_B_TEMP_03 | 38.9 | CRITICAL
2026-09-22 04:03:32 | WARD_B_TEMP_04 | 37.3 | NORMAL
2026-09-22 04:03:32 | WARD_B_TEMP_05 | 39.4 | CRITICAL
2026-09-22 04:03:33 | WARD_B_TEMP_01 | 37.3 | NORMAL
2026-09-22 04:03:33 | WARD_B_TEMP_02 | 38.6 | CRITICAL
2026-09-22 04:03:33 | WARD_B_TEMP_03 | 35.3 | CRITICAL
2026-09-22 04:03:33 | WARD_B_TEMP_04 | 36.3 | NORMAL
2026-09-22 04:03:33 | WARD_B_TEMP_05 | 39.6 | CRITICAL
2026-09-22 04:03:34 | WARD_B_TEMP_01 | 36.4 | NORMAL
2026-09-22 04:03:34 | WARD_B_TEMP_02 | 34.9 | CRITICAL
2026-09-22 04:03:34 | WARD_B_TEMP_03 | 34.7 | CRITICAL
2026-09-22 04:03:34 | WARD_B_TEMP_04 | 37.0 | NORMAL
2026-09-22 04:03:34 | WARD_B_TEMP_05 | 38.5 | CRITICAL
2026-09-22 04:03:35 | WARD_B_TEMP_01 | 35.2 | CRITICAL
2026-09-22 04:03:35 | WARD_B_TEMP_02 | 40.1 | CRITICAL
2026-09-22 04:03:35 | WARD_B_TEMP_03 | 40.3 | CRITICAL
2026-09-22 04:03:35 | WARD_B_TEMP_04 | 34.8 | CRITICAL
2026-09-22 04:03:35 | WARD_B_TEMP_05 | 35.9 | NORMAL
2026-09-22 04:03:36 | WARD_B_TEMP_01 | 40.1 | CRITICAL
2026-09-22 04:03:36 | WARD_B_TEMP_02 | 36.5 | NORMAL
2026-09-22 04:03:36 | WARD_B_TEMP_03 | 39.2 | CRITICAL
2026-09-22 04:03:36 | WARD_B_TEMP_04 | 38.5 | CRITICAL
2026-09-22 04:03:36 | WARD_B_TEMP_05 | 40.4 | CRITICAL
2026-09-22 04:03:37 | WARD_B_TEMP_01 | 40.1 | CRITICAL
2026-09-22 04:03:37 | WARD_B_TEMP_02 | 35.9 | NORMAL
2026-09-22 04:03:37 | WARD_B_TEMP_03 | 38.3 | CRITICAL
2026-09-22 04:03:37 | WARD_B_TEMP_04 | 37.7 | WARNING
2026-09-22 04:03:37 | WARD_B_TEMP_05 | 38.6 | CRITICAL
2026-09-22 04:03:38 | WARD_B_TEMP_01 | 36.2 | NORMAL
2026-09-22 04:03:38 | WARD_B_TEMP_02 | 35.3 | CRITICAL
2026-09-22 04:03:38 | WARD_B_TEMP_03 | 38.4 | CRITICAL
2026-09-22 04:03:38 | WARD_B_TEMP_04 | 38.6 | CRITICAL
2026-09-22 04:03:38 | WARD_B_TEMP_05 | 39.2 | CRITICAL
2026-09-22 04:03:39 | WARD_B_TEMP_01 | 35.8 | NORMAL
2026-09-22 04:03:39 | WARD_B_TEMP_02 | 37.3 | NORMAL
2026-09-22 04:03:39 | WARD_B_TEMP_03 | 37.5 | WARNING
2026-09-22 04:03:39 | WARD_B_TEMP_04 | 36.5 | NORMAL
2026-09-22 04:03:39 | WARD_B_TEMP_05 | 38.4 | CRITICAL
2026-09-22 04:03:40 | WARD_B_TEMP_01 | 38.2 | CRITICAL
2026-09-22 04:03:40 | WARD_B_TEMP_02 | 39.8 | CRITICAL
2026-09-22 04:03:40 | WARD_B_TEMP_03 | 39.5 | CRITICAL
2026-09-22 04:03:40 | WARD_B_TEMP_04 | 35.3 | CRITICAL
2026-09-22 04:03:40 | WARD_B_TEMP_05 | 37.0 | NORMAL
2026-09-22 04:03:41 | WARD_B_TEMP_01 | 38.1 | CRITICAL
2026-09-22 04:03:41 | WARD_B_TEMP_02 | 38.6 | CRITICAL
2026-09-22 04:03:41 | WARD_B_TEMP_03 | 39.3 | CRITICAL
2026-09-22 04:03:41 | WARD_B_TEMP_04 | 40.3 | CRITICAL
2026-09-22 04:03:41 | WARD_B_TEMP_05 | 40.4 | CRITICAL
2026-09-22 04:03:42 | WARD_B_TEMP_01 | 35.1 | CRITICAL
2026-09-22 04:03:42 | WARD_B_TEMP_02 | 37.1 | NORMAL
2026-09-22 04:03:42 | WARD_B_TEMP_03 | 36.9 | NORMAL
2026-09-22 04:03:42 | WARD_B_TEMP_04 | 35.0 | CRITICAL
2026-09-22 04:03:42 | WARD_B_TEMP_05 | 36.4 | NORMAL
2026-09-22 04:03:43 | WARD_B_TEMP_01 | 34.9 | CRITICAL
2026-09-22 04:03:43 | WARD_B_TEMP_02 | 38.6 | CRITICAL
2026-09-22 04:03:43 | WARD_B_TEMP_03 | 37.6 | WARNING
2026-09-22 04:03:43 | WARD_B_TEMP_04 | 34.8 | CRITICAL
2026-09-22 04:03:43 | WARD_B_TEMP_05 | 34.9 | CRITICAL
2026-09-22 04:03:44 | WARD_B_TEMP_01 | 38.9 | CRITICAL
2026-09-22 04:03:44 | WARD_B_TEMP_02 | 39.0 | CRITICAL
2026-09-22 04:03:44 | WARD_B_TEMP_03 | 36.1 | NORMAL
2026-09-22 04:03:44 | WARD_B_TEMP_04 | 35.9 | NORMAL
2026-09-22 04:03:44 | WARD_B_TEMP_05 | 37.0 | NORMAL
2026-09-22 04:03:45 | WARD_B_TEMP_01 | 36.7 | NORMAL
2026-09-22 04:03:45 | WARD_B_TEMP_02 | 35.0 | CRITICAL
2026-09-22 04:03:45 | WARD_B_TEMP_03 | 36.6 | NORMAL
2026-09-22 04:03:45 | WARD_B_TEMP_04 | 38.1 | CRITICAL
2026-09-22 04:03:45 | WARD_B_TEMP_05 | 39.0 | CRITICAL
2026-09-22 04:03:46 | WARD_B_TEMP_01 | 38.7 | CRITICAL
2026-09-22 04:03:46 | WARD_B_TEMP_02 | 36.5 | NORMAL
2026-09-22 04:03:46 | WARD_B_TEMP_03 | 36.4 | NORMAL
2026-09-22 04:03:46 | WARD_B_TEMP_04 | 39.3 | CRITICAL
2026-09-22 04:03:46 | WARD_B_TEMP_05 | 38.9 | CRITICAL
2026-09-22 04:03:47 | WARD_B_TEMP_01 | 35.8 | NORMAL
2026-09-22 04:03:47 | WARD_B_TEMP_02 | 37.9 | WARNING
2026-09-22 04:03:47 | WARD_B_TEMP_03 | 36.4 | NORMAL
2026-09-22 04:03:47 | WARD_B_TEMP_04 | 35.1 | CRITICAL
2026-09-22 04:03:47 | WARD_B_TEMP_05 | 38.6 | CRITICAL
2026-09-22 04:03:48 | WARD_B_TEMP_01 | 37.3 | NORMAL
2026-09-22 04:03:48 | WARD_B_TEMP_02 | 37.7 | WARNING
2026-09-22 04:03:48 | WARD_B_TEMP_03 | 34.5 | CRITICAL
2026-09-22 04:03:48 | WARD_B_TEMP_04 | 38.1 | CRITICAL
2026-09-22 04:03:48 | WARD_B_TEMP_05 | 37.1 | NORMAL
2026-09-22 04:03:49 | WARD_B_TEMP_01 | 36.2 | NORMAL
2026-09-22 04:03:49 | WARD_B_TEMP_02 | 35.4 | CRITICAL
2026-09-22 04:03:49 | WARD_B_TEMP_03 | 37.6 | WARNING
2026-09-22 04:03:49 | WARD_B_TEMP_04 | 38.9 | CRITICAL
2026-09-22 04:03:49 | WARD_B_TEMP_05 | 36.6 | NORMAL
2026-09-22 04:03:50 | WARD_B_TEMP_01 | 35.6 | NORMAL
2026-09-22 04:03:50 | WARD_B_TEMP_02 | 36.9 | NORMAL
2026-09-22 04:03:50 | WARD_B_TEMP_03 | 38.3 | CRITICAL
2026-09-22 04:03:50 | WARD_B_TEMP_04 | 35.4 | CRITICAL
2026-09-22 04:03:50 | WARD_B_TEMP_05 | 38.7 | CRITICAL
2026-09-22 04:03:51 | WARD_B_TEMP_01 | 36.7 | NORMAL
2026-09-22 04:03:51 | WARD_B_TEMP_02 | 37.8 | WARNING
2026-09-22 04:03:51 | WARD_B_TEMP_03 | 36.9 | NORMAL
2026-09-22 04:03:51 | WARD_B_TEMP_04 | 38.9 | CRITICAL
2026-09-22 04:03:51 | WARD_B_TEMP_05 | 36.7 | NORMAL
2026-09-22 04:03:52 | WARD_B_TEMP_01 | 35.5 | NORMAL
2026-09-22 04:03:52 | WARD_B_TEMP_02 | 38.8 | CRITICAL
2026-09-22 04:03:52 | WARD_B_TEMP_03 | 38.2 | CRITICAL
2026-09-22 04:03:52 | WARD_B_TEMP_04 | 37.8 | WARNING
2026-09-22 04:03:52 | WARD_B_TEMP_05 | 34.7 | CRITICAL
2026-09-22 04:03:53 | WARD_B_TEMP_01 | 37.2 | NORMAL
2026-09-22 04:03:53 | WARD_B_TEMP_02 | 35.6 | NORMAL
2026-09-22 04:03:53 | WARD_B_TEMP_03 | 38.9 | CRITICAL
2026-09-22 04:03:53 | WARD_B_TEMP_04 | 35.9 | NORMAL
2026-09-22 04:03:53 | WARD_B_TEMP_05 | 35.4 | CRITICAL
2026-09-22 04:03:54 | WARD_B_TEMP_01 | 40.1 | CRITICAL
2026-09-22 04:03:54 | WARD_B_TEMP_02 | 37.7 | WARNING
2026-09-22 04:03:54 | WARD_B_TEMP_03 | 36.1 | NORMAL
2026-09-22 04:03:54 | WARD_B_TEMP_04 | 39.9 | CRITICAL
2026-09-22 04:03:54 | WARD_B_TEMP_05 | 39.9 | CRITICAL
2026-09-22 04:03:55 | WARD_B_TEMP_01 | 34.9 | CRITICAL
2026-09-22 04:03:55 | WARD_B_TEMP_02 | 37.2 | NORMAL
2026-09-22 04:03:55 | WARD_B_TEMP_03 | 35.5 | NORMAL
2026-09-22 04:03:55 | WARD_B_TEMP_04 | 39.5 | CRITICAL
2026-09-22 04:03:55 | WARD_B_TEMP_05 | 37.0 | NORMAL
2026-09-22 04:03:56 | WARD_B_TEMP_01 | 34.8 | CRITICAL
2026-09-22 04:03:56 | WARD_B_TEMP_02 | 35.3 | CRITICAL
2026-09-22 04:03:56 | WARD_B_TEMP_03 | 38.8 | CRITICAL
2026-09-22 04:03:56 | WARD_B_TEMP_04 | 39.5 | CRITICAL
2026-09-22 04:03:56 | WARD_B_TEMP_05 | 40.4 | CRITICAL
2026-09-22 04:03:57 | WARD_B_TEMP_01 | 34.5 | CRITICAL
2026-09-22 04:03:57 | WARD_B_TEMP_02 | 39.7 | CRITICAL
2026-09-22 04:03:57 | WARD_B_TEMP_03 | 39.7 | CRITICAL
2026-09-22 04:03:57 | WARD_B_TEMP_04 | 36.0 | NORMAL
2026-09-22 04:03:57 | WARD_B_TEMP_05 | 36.3 | NORMAL
2026-09-22 04:03:58 | WARD_B_TEMP_01 | 38.8 | CRITICAL
2026-09-22 04:03:58 | WARD_B_TEMP_02 | 40.1 | CRITICAL
2026-09-22 04:03:58 | WARD_B_TEMP_03 | 37.0 | NORMAL
2026-09-22 04:03:58 | WARD_B_TEMP_04 | 36.1 | NORMAL
2026-09-22 04:03:58 | WARD_B_TEMP_05 | 37.5 | WARNING
2026-09-22 04:03:59 | WARD_B_TEMP_01 | 37.0 | NORMAL
2026-09-22 04:03:59 | WARD_B_TEMP_02 | 35.0 | CRITICAL
2026-09-22 04:03:59 | WARD_B_TEMP_03 | 35.6 | NORMAL
2026-09-22 04:03:59 | WARD_B_TEMP_04 | 38.6 | CRITICAL
2026-09-22 04:03:59 | WARD_B_TEMP_05 | 37.3 | NORMAL
2026-09-22 04:04:00 | WARD_B_TEMP_01 | 37.6 | WARNING
2026-09-22 04:04:00 | WARD_B_TEMP_02 | 35.5 | NORMAL
2026-09-22 04:04:00 | WARD_B_TEMP_03 | 37.4 | NORMAL
2026-09-22 04:04:00 | WARD_B_TEMP_04 | 38.2 | CRITICAL
2026-09-22 04:04:00 | WARD_B_TEMP_05 | 39.5 | CRITICAL
2026-09-22 04:04:01 | WARD_B_TEMP_01 | 37.2 | NORMAL
2026-09-22 04:04:01 | WARD_B_TEMP_02 | 34.6 | CRITICAL
2026-09-22 04:04:01 | WARD_B_TEMP_03 | 36.2 | NORMAL
2026-09-22 04:04:01 | WARD_B_TEMP_04 | 37.7 | WARNING
2026-09-22 04:04:01 | WARD_B_TEMP_05 | 34.6 | CRITICAL
2026-09-22 04:04:02 | WARD_B_TEMP_01 | 38.5 | CRITICAL
2026-09-22 04:04:02 | WARD_B_TEMP_02 | 40.4 | CRITICAL
2026-09-22 04:04:02 | WARD_B_TEMP_03 | 35.5 | NORMAL
2026-09-22 04:04:02 | WARD_B_TEMP_04 | 39.8 | CRITICAL
2026-09-22 04:04:02 | WARD_B_TEMP_05 | 38.2 | CRITICAL
2026-09-22 04:04:03 | WARD_B_TEMP_01 | 38.4 | CRITICAL
2026-09-22 04:04:03 | WARD_B_TEMP_02 | 40.0 | CRITICAL
2026-09-22 04:04:03 | WARD_B_TEMP_03 | 39.4 | CRITICAL
2026-09-22 04:04:03 | WARD_B_TEMP_04 | 34.7 | CRITICAL
2026-09-22 04:04:03 | WARD_B_TEMP_05 | 35.5 | NORMAL
2026-09-22 04:04:04 | WARD_B_TEMP_01 | 34.6 | CRITICAL
2026-09-22 04:04:04 | WARD_B_TEMP_02 | 39.0 | CRITICAL
2026-09-22 04:04:04 | WARD_B_TEMP_03 | 39.9 | CRITICAL
2026-09-22 04:04:04 | WARD_B_TEMP_04 | 34.9 | CRITICAL
2026-09-22 04:04:04 | WARD_B_TEMP_05 | 40.0 | CRITICAL
2026-09-22 04:04:05 | WARD_B_TEMP_01 | 35.7 | NORMAL
2026-09-22 04:04:05 | WARD_B_TEMP_02 | 38.9 | CRITICAL
2026-09-22 04:04:05 | WARD_B_TEMP_03 | 38.2 | CRITICAL
2026-09-22 04:04:05 | WARD_B_TEMP_04 | 39.4 | CRITICAL
2026-09-22 04:04:05 | WARD_B_TEMP_05 | 36.2 | NORMAL
2026-09-22 04:04:06 | WARD_B_TEMP_01 | 37.2 | NORMAL
2026-09-22 04:04:06 | WARD_B_TEMP_02 | 39.8 | CRITICAL
2026-09-22 04:04:06 | WARD_B_TEMP_03 | 37.7 | WARNING
2026-09-22 04:04:06 | WARD_B_TEMP_04 | 38.0 | WARNING
2026-09-22 04:04:06 | WARD_B_TEMP_05 | 35.5 | NORMAL
2026-09-22 04:04:07 | WARD_B_TEMP_01 | 35.1 | CRITICAL
2026-09-22 04:04:07 | WARD_B_TEMP_02 | 35.2 | CRITICAL
2026-09-22 04:04:07 | WARD_B_TEMP_03 | 34.5 | CRITICAL
2026-09-22 04:04:07 | WARD_B_TEMP_04 | 38.7 | CRITICAL
2026-09-22 04:04:07 | WARD_B_TEMP_05 | 36.6 | NORMAL
2026-09-22 04:04:08 | WARD_B_TEMP_01 | 35.8 | NORMAL
2026-09-22 04:04:08 | WARD_B_TEMP_02 | 35.0 | CRITICAL
2026-09-22 04:04:08 | WARD_B_TEMP_03 | 34.6 | CRITICAL
2026-09-22 04:04:08 | WARD_B_TEMP_04 | 36.8 | NORMAL
2026-09-22 04:04:08 | WARD_B_TEMP_05 | 39.6 | CRITICAL
2026-09-22 04:04:09 | WARD_B_TEMP_01 | 39.8 | CRITICAL
2026-09-22 04:04:09 | WARD_B_TEMP_02 | 36.2 | NORMAL
2026-09-22 04:04:09 | WARD_B_TEMP_03 | 40.4 | CRITICAL
2026-09-22 04:04:09 | WARD_B_TEMP_04 | 37.7 | WARNING
2026-09-22 04:04:09 | WARD_B_TEMP_05 | 37.2 | NORMAL
2026-09-22 04:04:10 | WARD_B_TEMP_01 | 37.4 | NORMAL
2026-09-22 04:04:10 | WARD_B_TEMP_02 | 34.8 | CRITICAL
2026-09-22 04:04:10 | WARD_B_TEMP_03 | 37.3 | NORMAL
2026-09-22 04:04:10 | WARD_B_TEMP_04 | 39.7 | CRITICAL
2026-09-22 04:04:10 | WARD_B_TEMP_05 | 38.0 | WARNING
2026-09-22 04:04:11 | WARD_B_TEMP_01 | 38.0 | WARNING
2026-09-22 04:04:11 | WARD_B_TEMP_02 | 39.4 | CRITICAL
2026-09-22 04:04:11 | WARD_B_TEMP_03 | 37.0 | NORMAL
2026-09-22 04:04:11 | WARD_B_TEMP_04 | 36.9 | NORMAL
2026-09-22 04:04:11 | WARD_B_TEMP_05 | 34.7 | CRITICAL
2026-09-22 04:04:12 | WARD_B_TEMP_01 | 39.2 | CRITICAL
2026-09-22 04:04:12 | WARD_B_TEMP_02 | 40.1 | CRITICAL
2026-09-22 04:04:12 | WARD_B_TEMP_03 | 38.4 | CRITICAL
2026-09-22 04:04:12 | WARD_B_TEMP_04 | 37.6 | WARNING
2026-09-22 04:04:12 | WARD_B_TEMP_05 | 36.2 | NORMAL
2026-09-22 04:04:13 | WARD_B_TEMP_01 | 38.3 | CRITICAL
2026-09-22 04:04:13 | WARD_B_TEMP_02 | 37.8 | WARNING
2026-09-22 04:04:13 | WARD_B_TEMP_03 | 37.1 | NORMAL
2026-09-22 04:04:13 | WARD_B_TEMP_04 | 38.7 | CRITICAL
2026-09-22 04:04:13 | WARD_B_TEMP_05 | 37.8 | WARNING
2026-09-22 04:04:14 | WARD_B_TEMP_01 | 37.5 | WARNING
2026-09-22 04:04:14 | WARD_B_TEMP_02 | 39.6 | CRITICAL
2026-09-22 04:04:14 | WARD_B_TEMP_03 | 39.3 | CRITICAL
2026-09-22 04:04:14 | WARD_B_TEMP_04 | 37.4 | NORMAL
2026-09-22 04:04:14 | WARD_B_TEMP_05 | 36.4 | NORMAL
2026-09-22 04:04:15 | WARD_B_TEMP_01 | 35.4 | CRITICAL
2026-09-22 04:04:15 | WARD_B_TEMP_02 | 36.4 | NORMAL
2026-09-22 04:04:15 | WARD_B_TEMP_03 | 35.8 | NORMAL
2026-09-22 04:04:15 | WARD_B_TEMP_04 | 36.7 | NORMAL
2026-09-22 04:04:15 | WARD_B_TEMP_05 | 38.7 | CRITICAL
2026-09-22 04:04:16 | WARD_B_TEMP_01 | 38.5 | CRITICAL
2026-09-22 04:04:16 | WARD_B_TEMP_02 | 39.6 | CRITICAL
2026-09-22 04:04:16 | WARD_B_TEMP_03 | 35.1 | CRITICAL
2026-09-22 04:04:16 | WARD_B_TEMP_04 | 35.3 | CRITICAL
2026-09-22 04:04:16 | WARD_B_TEMP_05 | 40.4 | CRITICAL
2026-09-22 04:04:17 | WARD_B_TEMP_01 | 37.8 | WARNING
2026-09-22 04:04:17 | WARD_B_TEMP_02 | 35.7 | NORMAL
2026-09-22 04:04:17 | WARD_B_TEMP_03 | 39.1 | CRITICAL
2026-09-22 04:04:17 | WARD_B_TEMP_04 | 38.6 | CRITICAL
2026-09-22 04:04:17 | WARD_B_TEMP_05 | 37.2 | NORMAL
2026-09-22 04:04:18 | WARD_B_TEMP_01 | 40.0 | CRITICAL
2026-09-22 04:04:18 | WARD_B_TEMP_02 | 39.1 | CRITICAL
2026-09-22 04:04:18 | WARD_B_TEMP_03 | 37.5 | WARNING
2026-09-22 04:04:18 | WARD_B_TEMP_04 | 37.7 | WARNING
2026-09-22 04:04:18 | WARD_B_TEMP_05 | 38.2 | CRITICAL
2026-09-22 04:04:19 | WARD_B_TEMP_01 | 38.8 | CRITICAL
2026-09-22 04:04:19 | WARD_B_TEMP_02 | 34.7 | CRITICAL
2026-09-22 04:04:19 | WARD_B_TEMP_03 | 37.2 | NORMAL
2026-09-22 04:04:19 | WARD_B_TEMP_04 | 38.3 | CRITICAL
2026-09-22 04:04:19 | WARD_B_TEMP_05 | 39.9 | CRITICAL
2026-09-22 04:04:20 | WARD_B_TEMP_01 | 37.3 | NORMAL
2026-09-22 04:04:20 | WARD_B_TEMP_02 | 38.9 | CRITICAL
2026-09-22 04:04:20 | WARD_B_TEMP_03 | 36.8 | NORMAL
2026-09-22 04:04:20 | WARD_B_TEMP_04 | 38.2 | CRITICAL
2026-09-22 04:04:20 | WARD_B_TEMP_05 | 37.2 | NORMAL
2026-09-22 04:04:21 | WARD_B_TEMP_01 | 38.0 | WARNING
2026-09-22 04:04:21 | WARD_B_TEMP_02 | 37.6 | WARNING
2026-09-22 04:04:21 | WARD_B_TEMP_03 | 37.1 | NORMAL
2026-09-22 04:04:21 | WARD_B_TEMP_04 | 38.8 | CRITICAL
2026-09-22 04:04:21 | WARD_B_TEMP_05 | 40.2 | CRITICAL
2026-09-22 04:04:22 | WARD_B_TEMP_01 | 34.6 | CRITICAL
2026-09-22 04:04:22 | WARD_B_TEMP_02 | 35.6 | NORMAL
2026-09-22 04:04:22 | WARD_B_TEMP_03 | 34.8 | CRITICAL
2026-09-22 04:04:22 | WARD_B_TEMP_04 | 39.2 | CRITICAL
2026-09-22 04:04:22 | WARD_B_TEMP_05 | 39.1 | CRITICAL
2026-09-22 04:04:23 | WARD_B_TEMP_01 | 36.0 | NORMAL
2026-09-22 04:04:23 | WARD_B_TEMP_02 | 37.5 | WARNING
2026-09-22 04:04:23 | WARD_B_TEMP_03 | 38.3 | CRITICAL
2026-09-22 04:04:23 | WARD_B_TEMP_04 | 37.1 | NORMAL
2026-09-22 04:04:23 | WARD_B_TEMP_05 | 40.0 | CRITICAL
2026-09-22 04:04:24 | WARD_B_TEMP_01 | 37.9 | WARNING
2026-09-22 04:04:24 | WARD_B_TEMP_02 | 40.3 | CRITICAL
2026-09-22 04:04:24 | WARD_B_TEMP_03 | 39.6 | CRITICAL
2026-09-22 04:04:24 | WARD_B_TEMP_04 | 38.6 | CRITICAL
2026-09-22 04:04:24 | WARD_B_TEMP_05 | 35.0 | CRITICAL
2026-09-22 04:04:25 | WARD_B_TEMP_01 | 36.7 | NORMAL
2026-09-22 04:04:25 | WARD_B_TEMP_02 | 35.1 | CRITICAL
2026-09-22 04:04:25 | WARD_B_TEMP_03 | 40.3 | CRITICAL
2026-09-22 04:04:25 | WARD_B_TEMP_04 | 39.2 | CRITICAL
2026-09-22 04:04:25 | WARD_B_TEMP_05 | 38.4 | CRITICAL
2026-09-22 04:04:26 | WARD_B_TEMP_01 | 36.6 | NORMAL
2026-09-22 04:04:26 | WARD_B_TEMP_02 | 37.6 | WARNING
2026-09-22 04:04:26 | WARD_B_TEMP_03 | 39.3 | CRITICAL
2026-09-22 04:04:26 | WARD_B_TEMP_04 | 35.1 | CRITICAL
2026-09-22 04:04:26 | WARD_B_TEMP_05 | 37.0 | NORMAL
2026-09-22 04:04:27 | WARD_B_TEMP_01 | 37.1 | NORMAL
2026-09-22 04:04:27 | WARD_B_TEMP_02 | 39.9 | CRITICAL
2026-09-22 04:04:27 | WARD_B_TEMP_03 | 38.4 | CRITICAL
2026-09-22 04:04:27 | WARD_B_TEMP_04 | 34.6 | CRITICAL
2026-09-22 04:04:27 | WARD_B_TEMP_05 | 39.2 | CRITICAL
2026-09-22 04:04:28 | WARD_B_TEMP_01 | 40.4 | CRITICAL
2026-09-22 04:04:28 | WARD_B_TEMP_02 | 34.9 | CRITICAL
2026-09-22 04:04:28 | WARD_B_TEMP_03 | 39.4 | CRITICAL
2026-09-22 04:04:28 | WARD_B_TEMP_04 | 35.9 | NORMAL
2026-09-22 04:04:28 | WARD_B_TEMP_05 | 38.0 | WARNING
2026-09-22 04:04:29 | WARD_B_TEMP_01 | 37.0 | NORMAL
2026-09-22 04:04:29 | WARD_B_TEMP_02 | 35.8 | NORMAL
2026-09-22 04:04:29 | WARD_B_TEMP_03 | 39.8 | CRITICAL
2026-09-22 04:04:29 | WARD_B_TEMP_04 | 38.0 | WARNING
2026-09-22 04:04:29 | WARD_B_TEMP_05 | 40.4 | CRITICAL
2026-09-22 04:04:30 | WARD_B_TEMP_01 | 36.9 | NORMAL
2026-09-22 04:04:30 | WARD_B_TEMP_02 | 38.4 | CRITICAL
2026-09-22 04:04:30 | WARD_B_TEMP_03 | 38.0 | WARNING
2026-09-22 04:04:30 | WARD_B_TEMP_04 | 37.3 | NORMAL
2026-09-22 04:04:30 | WARD_B_TEMP_05 | 38.2 | CRITICAL
2026-09-22 04:04:31 | WARD_B_TEMP_01 | 39.2 | CRITICAL
2026-09-22 04:04:31 | WARD_B_TEMP_02 | 36.3 | NORMAL
2026-09-22 04:04:31 | WARD_B_TEMP_03 | 35.6 | NORMAL
2026-09-22 04:04:31 | WARD_B_TEMP_04 | 40.2 | CRITICAL
2026-09-22 04:04:31 | WARD_B_TEMP_05 | 40.2 | CRITICAL
2026-09-22 04:04:32 | WARD_B_TEMP_01 | 37.7 | WARNING
2026-09-22 04:04:32 | WARD_B_TEMP_02 | 37.6 | WARNING
2026-09-22 04:04:32 | WARD_B_TEMP_03 | 38.7 | CRITICAL
2026-09-22 04:04:32 | WARD_B_TEMP_04 | 34.7 | CRITICAL
2026-09-22 04:04:32 | WARD_B_TEMP_05 | 39.3 | CRITICAL
2026-09-22 04:04:33 | WARD_B_TEMP_01 | 36.1 | NORMAL
2026-09-22 04:04:33 | WARD_B_TEMP_02 | 38.9 | CRITICAL
2026-09-22 04:04:33 | WARD_B_TEMP_03 | 36.5 | NORMAL
2026-09-22 04:04:33 | WARD_B_TEMP_04 | 35.6 | NORMAL
2026-09-22 04:04:33 | WARD_B_TEMP_05 | 38.5 | CRITICAL
2026-09-22 04:04:34 | WARD_B_TEMP_01 | 40.2 | CRITICAL
2026-09-22 04:04:34 | WARD_B_TEMP_02 | 35.0 | CRITICAL
2026-09-22 04:04:34 | WARD_B_TEMP_03 | 40.5 | CRITICAL
2026-09-22 04:04:34 | WARD_B_TEMP_04 | 35.7 | NORMAL
2026-09-22 04:04:34 | WARD_B_TEMP_05 | 35.5 | NORMAL
2026-09-22 04:04:35 | WARD_B_TEMP_01 | 39.9 | CRITICAL
2026-09-22 04:04:35 | WARD_B_TEMP_02 | 38.3 | CRITICAL
2026-09-22 04:04:35 | WARD_B_TEMP_03 | 40.4 | CRITICAL
2026-09-22 04:04:35 | WARD_B_TEMP_04 | 37.0 | NORMAL
2026-09-22 04:04:35 | WARD_B_TEMP_05 | 35.5 | NORMAL
2026-09-22 04:04:36 | WARD_B_TEMP_01 | 40.5 | CRITICAL
2026-09-22 04:04:36 | WARD_B_TEMP_02 | 38.0 | WARNING
2026-09-22 04:04:36 | WARD_B_TEMP_03 | 38.0 | WARNING
2026-09-22 04:04:36 | WARD_B_TEMP_04 | 37.3 | NORMAL
2026-09-22 04:04:36 | WARD_B_TEMP_05 | 38.8 | CRITICAL
2026-09-22 04:04:37 | WARD_B_TEMP_01 | 36.1 | NORMAL
2026-09-22 04:04:37 | WARD_B_TEMP_02 | 40.5 | CRITICAL
2026-09-22 04:04:37 | WARD_B_TEMP_03 | 38.9 | CRITICAL
2026-09-22 04:04:37 | WARD_B_TEMP_04 | 37.4 | NORMAL
2026-09-22 04:04:37 | WARD_B_TEMP_05 | 39.5 | CRITICAL
2026-09-22 04:04:38 | WARD_B_TEMP_01 | 36.7 | NORMAL
2026-09-22 04:04:38 | WARD_B_TEMP_02 | 34.9 | CRITICAL
2026-09-22 04:04:38 | WARD_B_TEMP_03 | 39.5 | CRITICAL
2026-09-22 04:04:38 | WARD_B_TEMP_04 | 39.6 | CRITICAL
2026-09-22 04:04:38 | WARD_B_TEMP_05 | 34.8 | CRITICAL
2026-09-22 04:04:39 | WARD_B_TEMP_01 | 36.4 | NORMAL
2026-09-22 04:04:39 | WARD_B_TEMP_02 | 38.7 | CRITICAL
2026-09-22 04:04:39 | WARD_B_TEMP_03 | 39.5 | CRITICAL
2026-09-22 04:04:39 | WARD_B_TEMP_04 | 35.8 | NORMAL
2026-09-22 04:04:39 | WARD_B_TEMP_05 | 35.5 | NORMAL
2026-09-22 04:04:40 | WARD_B_TEMP_01 | 37.2 | NORMAL
2026-09-22 04:04:40 | WARD_B_TEMP_02 | 36.2 | NORMAL
2026-09-22 04:04:40 | WARD_B_TEMP_03 | 40.3 | CRITICAL
2026-09-22 04:04:40 | WARD_B_TEMP_04 | 38.7 | CRITICAL
2026-09-22 04:04:40 | WARD_B_TEMP_05 | 40.4 | CRITICAL
2026-09-22 04:04:41 | WARD_B_TEMP_01 | 40.0 | CRITICAL
2026-09-22 04:04:41 | WARD_B_TEMP_02 | 39.7 | CRITICAL
2026-09-22 04:04:41 | WARD_B_TEMP_03 | 34.9 | CRITICAL
2026-09-22 04:04:41 | WARD_B_TEMP_04 | 35.7 | NORMAL
2026-09-22 04:04:41 | WARD_B_TEMP_05 | 38.7 | CRITICAL
2026-09-22 04:04:42 | WARD_B_TEMP_01 | 35.4 | CRITICAL
2026-09-22 04:04:42 | WARD_B_TEMP_02 | 35.0 | CRITICAL
2026-09-22 04:04:42 | WARD_B_TEMP_03 | 40.4 | CRITICAL
2026-09-22 04:04:42 | WARD_B_TEMP_04 | 39.4 | CRITICAL
2026-09-22 04:04:42 | WARD_B_TEMP_05 | 36.3 | NORMAL
2026-09-22 04:04:43 | WARD_B_TEMP_01 | 36.4 | NORMAL
2026-09-22 04:04:43 | WARD_B_TEMP_02 | 38.6 | CRITICAL
2026-09-22 04:04:43 | WARD_B_TEMP_03 | 40.2 | CRITICAL
2026-09-22 04:04:43 | WARD_B_TEMP_04 | 36.1 | NORMAL
2026-09-22 04:04:43 | WARD_B_TEMP_05 | 38.3 | CRITICAL
2026-09-22 04:04:44 | WARD_B_TEMP_01 | 37.1 | NORMAL
2026-09-22 04:04:44 | WARD_B_TEMP_02 | 37.3 | NORMAL
2026-09-22 04:04:44 | WARD_B_TEMP_03 | 37.7 | WARNING
2026-09-22 04:04:44 | WARD_B_TEMP_04 | 37.5 | WARNING
2026-09-22 04:04:44 | WARD_B_TEMP_05 | 40.1 | CRITICAL
2026-09-22 04:04:45 | WARD_B_TEMP_01 | 34.6 | CRITICAL
2026-09-22 04:04:45 | WARD_B_TEMP_02 | 35.1 | CRITICAL
2026-09-22 04:04:45 | WARD_B_TEMP_03 | 39.0 | CRITICAL
2026-09-22 04:04:45 | WARD_B_TEMP_04 | 35.4 | CRITICAL
2026-09-22 04:04:45 | WARD_B_TEMP_05 | 38.5 | CRITICAL
2026-09-22 04:04:46 | WARD_B_TEMP_01 | 39.3 | CRITICAL
2026-09-22 04:04:46 | WARD_B_TEMP_02 | 35.5 | NORMAL
2026-09-22 04:04:46 | WARD_B_TEMP_03 | 37.3 | NORMAL
2026-09-22 04:04:46 | WARD_B_TEMP_04 | 38.4 | CRITICAL
2026-09-22 04:04:46 | WARD_B_TEMP_05 | 36.9 | NORMAL
2026-09-22 04:04:47 | WARD_B_TEMP_01 | 38.3 | CRITICAL
2026-09-22 04:04:47 | WARD_B_TEMP_02 | 36.2 | NORMAL
2026-09-22 04:04:47 | WARD_B_TEMP_03 | 38.5 | CRITICAL
2026-09-22 04:04:47 | WARD_B_TEMP_04 | 36.6 | NORMAL
2026-09-22 04:04:47 | WARD_B_TEMP_05 | 37.2 | NORMAL
2026-09-22 04:04:48 | WARD_B_TEMP_01 | 38.0 | WARNING
2026-09-22 04:04:48 | WARD_B_TEMP_02 | 36.3 | NORMAL
2026-09-22 04:04:48 | WARD_B_TEMP_03 | 38.7 | CRITICAL
2026-09-22 04:04:48 | WARD_B_TEMP_04 | 34.6 | CRITICAL
2026-09-22 04:04:48 | WARD_B_TEMP_05 | 35.4 | CRITICAL
2026-09-22 04:04:49 | WARD_B_TEMP_01 | 39.6 | CRITICAL
2026-09-22 04:04:49 | WARD_B_TEMP_02 | 39.4 | CRITICAL
2026-09-22 04:04:49 | WARD_B_TEMP_03 | 37.1 | NORMAL
2026-09-22 04:04:49 | WARD_B_TEMP_04 | 38.4 | CRITICAL
2026-09-22 04:04:49 | WARD_B_TEMP_05 | 35.7 | NORMAL
2026-09-22 04:04:50 | WARD_B_TEMP_01 | 35.3 | CRITICAL
2026-09-22 04:04:50 | WARD_B_TEMP_02 | 35.5 | NORMAL
2026-09-22 04:04:50 | WARD_B_TEMP_03 | 36.6 | NORMAL
2026-09-22 04:04:50 | WARD_B_TEMP_04 | 39.8 | CRITICAL
2026-09-22 04:04:50 | WARD_B_TEMP_05 | 38.6 | CRITICAL
2026-09-22 04:04:51 | WARD_B_TEMP_01 | 38.6 | CRITICAL
2026-09-22 04:04:51 | WARD_B_TEMP_02 | 37.5 | WARNING
2026-09-22 04:04:51 | WARD_B_TEMP_03 | 37.8 | WARNING
2026-09-22 04:04:51 | WARD_B_TEMP_04 | 38.2 | CRITICAL
2026-09-22 04:04:51 | WARD_B_TEMP_05 | 36.1 | NORMAL
2026-09-22 04:04:52 | WARD_B_TEMP_01 | 35.8 | NORMAL
2026-09-22 04:04:52 | WARD_B_TEMP_02 | 34.5 | CRITICAL
2026-09-22 04:04:52 | WARD_B_TEMP_03 | 39.5 | CRITICAL
2026-09-22 04:04:52 | WARD_B_TEMP_04 | 39.3 | CRITICAL
2026-09-22 04:04:52 | WARD_B_TEMP_05 | 37.5 | WARNING
2026-09-22 04:04:53 | WARD_B_TEMP_01 | 40.4 | CRITICAL
2026-09-22 04:04:53 | WARD_B_TEMP_02 | 38.4 | CRITICAL
2026-09-22 04:04:53 | WARD_B_TEMP_03 | 39.9 | CRITICAL
2026-09-22 04:04:53 | WARD_B_TEMP_04 | 35.1 | CRITICAL
2026-09-22 04:04:53 | WARD_B_TEMP_05 | 36.7 | NORMAL
2026-09-22 04:04:54 | WARD_B_TEMP_01 | 37.9 | WARNING
2026-09-22 04:04:54 | WARD_B_TEMP_02 | 35.7 | NORMAL
2026-09-22 04:04:54 | WARD_B_TEMP_03 | 34.9 | CRITICAL
2026-09-22 04:04:54 | WARD_B_TEMP_04 | 39.6 | CRITICAL
2026-09-22 04:04:54 | WARD_B_TEMP_05 | 34.7 | CRITICAL
2026-09-22 04:04:55 | WARD_B_TEMP_01 | 35.8 | NORMAL
2026-09-22 04:04:55 | WARD_B_TEMP_02 | 38.6 | CRITICAL
2026-09-22 04:04:55 | WARD_B_TEMP_03 | 35.7 | NORMAL
2026-09-22 04:04:55 | WARD_B_TEMP_04 | 37.4 | NORMAL
2026-09-22 04:04:55 | WARD_B_TEMP_05 | 36.9 | NORMAL
2026-09-22 04:04:56 | WARD_B_TEMP_01 | 38.7 | CRITICAL
2026-09-22 04:04:56 | WARD_B_TEMP_02 | 36.0 | NORMAL
2026-09-22 04:04:56 | WARD_B_TEMP_03 | 39.8 | CRITICAL
2026-09-22 04:04:56 | WARD_B_TEMP_04 | 38.4 | CRITICAL
2026-09-22 04:04:56 | WARD_B_TEMP_05 | 40.2 | CRITICAL
2026-09-22 04:04:57 | WARD_B_TEMP_01 | 39.1 | CRITICAL
2026-09-22 04:04:57 | WARD_B_TEMP_02 | 36.6 | NORMAL
2026-09-22 04:04:57 | WARD_B_TEMP_03 | 36.7 | NORMAL
2026-09-22 04:04:57 | WARD_B_TEMP_04 | 39.2 | CRITICAL
2026-09-22 04:04:57 | WARD_B_TEMP_05 | 35.8 | NORMAL
2026-09-22 04:04:58 | WARD_B_TEMP_01 | 38.4 | CRITICAL
2026-09-22 04:04:58 | WARD_B_TEMP_02 | 34.9 | CRITICAL
2026-09-22 04:04:58 | WARD_B_TEMP_03 | 34.7 | CRITICAL
2026-09-22 04:04:58 | WARD_B_TEMP_04 | 39.4 | CRITICAL
2026-09-22 04:04:58 | WARD_B_TEMP_05 | 37.0 | NORMAL
2026-09-22 04:04:59 | WARD_B_TEMP_01 | 39.5 | CRITICAL
2026-09-22 04:04:59 | WARD_B_TEMP_02 | 36.6 | NORMAL
2026-09-22 04:04:59 | WARD_B_TEMP_03 | 35.4 | CRITICAL
2026-09-22 04:04:59 | WARD_B_TEMP_04 | 37.2 | NORMAL
2026-09-22 04:04:59 | WARD_B_TEMP_05 | 34.8 | CRITICAL
2026-09-22 04:05:00 | WARD_B_TEMP_01 | 37.3 | NORMAL
2026-09-22 04:05:00 | WARD_B_TEMP_02 | 37.5 | WARNING
2026-09-22 04:05:00 | WARD_B_TEMP_03 | 36.7 | NORMAL
2026-09-22 04:05:00 | WARD_B_TEMP_04 | 39.2 | CRITICAL
2026-09-22 04:05:00 | WARD_B_TEMP_05 | 37.0 | NORMAL
2026-09-22 04:05:01 | WARD_B_TEMP_01 | 34.8 | CRITICAL
2026-09-22 04:05:01 | WARD_B_TEMP_02 | 38.9 | CRITICAL
2026-09-22 04:05:01 | WARD_B_TEMP_03 | 38.1 | CRITICAL
2026-09-22 04:05:01 | WARD_B_TEMP_04 | 36.5 | NORMAL
2026-09-22 04:05:01 | WARD_B_TEMP_05 | 34.8 | CRITICAL
2026-09-22 04:05:02 | WARD_B_TEMP_01 | 37.8 | WARNING
2026-09-22 04:05:02 | WARD_B_TEMP_02 | 39.3 | CRITICAL
2026-09-22 04:05:02 | WARD_B_TEMP_03 | 35.1 | CRITICAL
2026-09-22 04:05:02 | WARD_B_TEMP_04 | 38.0 | WARNING
2026-09-22 04:05:02 | WARD_B_TEMP_05 | 39.4 | CRITICAL
2026-09-22 04:05:03 | WARD_B_TEMP_01 | 38.2 | CRITICAL
2026-09-22 04:05:03 | WARD_B_TEMP_02 | 37.7 | WARNING
2026-09-22 04:05:03 | WARD_B_TEMP_03 | 37.2 | NORMAL
2026-09-22 04:05:03 | WARD_B_TEMP_04 | 38.6 | CRITICAL
2026-09-22 04:05:03 | WARD_B_TEMP_05 | 35.7 | NORMAL
2026-09-22 04:05:04 | WARD_B_TEMP_01 | 36.7 | NORMAL
2026-09-22 04:05:04 | WARD_B_TEMP_02 | 39.6 | CRITICAL
2026-09-22 04:05:04 | WARD_B_TEMP_03 | 37.8 | WARNING
2026-09-22 04:05:04 | WARD_B_TEMP_04 | 36.3 | NORMAL
2026-09-22 04:05:04 | WARD_B_TEMP_05 | 37.9 | WARNING
2026-09-22 04:05:05 | WARD_B_TEMP_01 | 35.9 | NORMAL
2026-09-22 04:05:05 | WARD_B_TEMP_02 | 37.4 | NORMAL
2026-09-22 04:05:05 | WARD_B_TEMP_03 | 39.8 | CRITICAL
2026-09-22 04:05:05 | WARD_B_TEMP_04 | 34.9 | CRITICAL
2026-09-22 04:05:05 | WARD_B_TEMP_05 | 35.7 | NORMAL
2026-09-22 04:05:06 | WARD_B_TEMP_01 | 35.4 | CRITICAL
2026-09-22 04:05:06 | WARD_B_TEMP_02 | 37.0 | NORMAL
2026-09-22 04:05:06 | WARD_B_TEMP_03 | 37.0 | NORMAL
2026-09-22 04:05:06 | WARD_B_TEMP_04 | 35.3 | CRITICAL
2026-09-22 04:05:06 | WARD_B_TEMP_05 | 35.1 | CRITICAL
2026-09-22 04:05:07 | WARD_B_TEMP_01 | 38.7 | CRITICAL
2026-09-22 04:05:07 | WARD_B_TEMP_02 | 35.9 | NORMAL
2026-09-22 04:05:07 | WARD_B_TEMP_03 | 36.9 | NORMAL
2026-09-22 04:05:07 | WARD_B_TEMP_04 | 36.9 | NORMAL
2026-09-22 04:05:07 | WARD_B_TEMP_05 | 37.9 | WARNING
2026-09-22 04:05:08 | WARD_B_TEMP_01 | 35.2 | CRITICAL
2026-09-22 04:05:08 | WARD_B_TEMP_02 | 35.3 | CRITICAL
2026-09-22 04:05:08 | WARD_B_TEMP_03 | 35.9 | NORMAL
2026-09-22 04:05:08 | WARD_B_TEMP_04 | 40.1 | CRITICAL
2026-09-22 04:05:08 | WARD_B_TEMP_05 | 36.6 | NORMAL
2026-09-22 04:05:09 | WARD_B_TEMP_01 | 36.4 | NORMAL
2026-09-22 04:05:09 | WARD_B_TEMP_02 | 36.8 | NORMAL
2026-09-22 04:05:09 | WARD_B_TEMP_03 | 34.9 | CRITICAL
2026-09-22 04:05:09 | WARD_B_TEMP_04 | 37.8 | WARNING
2026-09-22 04:05:09 | WARD_B_TEMP_05 | 38.7 | CRITICAL
2026-09-22 04:05:10 | WARD_B_TEMP_01 | 38.3 | CRITICAL
2026-09-22 04:05:10 | WARD_B_TEMP_02 | 37.9 | WARNING
2026-09-22 04:05:10 | WARD_B_TEMP_03 | 36.7 | NORMAL
2026-09-22 04:05:10 | WARD_B_TEMP_04 | 40.3 | CRITICAL
2026-09-22 04:05:10 | WARD_B_TEMP_05 | 39.9 | CRITICAL
2026-09-22 04:05:11 | WARD_B_TEMP_01 | 38.4 | CRITICAL
2026-09-22 04:05:11 | WARD_B_TEMP_02 | 39.5 | CRITICAL
2026-09-22 04:05:11 | WARD_B_TEMP_03 | 37.8 | WARNING
2026-09-22 04:05:11 | WARD_B_TEMP_04 | 34.9 | CRITICAL
2026-09-22 04:05:11 | WARD_B_TEMP_05 | 38.3 | CRITICAL
2026-09-22 04:05:12 | WARD_B_TEMP_01 | 38.6 | CRITICAL
2026-09-22 04:05:12 | WARD_B_TEMP_02 | 36.5 | NORMAL
2026-09-22 04:05:12 | WARD_B_TEMP_03 | 40.4 | CRITICAL
2026-09-22 04:05:12 | WARD_B_TEMP_04 | 36.4 | NORMAL
2026-09-22 04:05:12 | WARD_B_TEMP_05 | 40.5 | CRITICAL
2026-09-22 04:05:13 | WARD_B_TEMP_01 | 37.4 | NORMAL
2026-09-22 04:05:13 | WARD_B_TEMP_02 | 36.4 | NORMAL
2026-09-22 04:05:13 | WARD_B_TEMP_03 | 39.5 | CRITICAL
2026-09-22 04:05:13 | WARD_B_TEMP_04 | 39.7 | CRITICAL
2026-09-22 04:05:13 | WARD_B_TEMP_05 | 38.7 | CRITICAL
2026-09-22 04:05:14 | WARD_B_TEMP_01 | 36.3 | NORMAL
2026-09-22 04:05:14 | WARD_B_TEMP_02 | 40.3 | CRITICAL
2026-09-22 04:05:14 | WARD_B_TEMP_03 | 35.5 | NORMAL
2026-09-22 04:05:14 | WARD_B_TEMP_04 | 37.2 | NORMAL
2026-09-22 04:05:14 | WARD_B_TEMP_05 | 37.7 | WARNING
2026-09-22 04:05:15 | WARD_B_TEMP_01 | 35.0 | CRITICAL
2026-09-22 04:05:15 | WARD_B_TEMP_02 | 38.7 | CRITICAL
2026-09-22 04:05:15 | WARD_B_TEMP_03 | 39.5 | CRITICAL
2026-09-22 04:05:15 | WARD_B_TEMP_04 | 36.1 | NORMAL
2026-09-22 04:05:15 | WARD_B_TEMP_05 | 36.5 | NORMAL
2026-09-22 04:05:16 | WARD_B_TEMP_01 | 38.3 | CRITICAL
2026-09-22 04:05:16 | WARD_B_TEMP_02 | 34.8 | CRITICAL
2026-09-22 04:05:16 | WARD_B_TEMP_03 | 35.7 | NORMAL
2026-09-22 04:05:16 | WARD_B_TEMP_04 | 35.2 | CRITICAL
2026-09-22 04:05:16 | WARD_B_TEMP_05 | 39.3 | CRITICAL
2026-09-22 04:05:17 | WARD_B_TEMP_01 | 35.4 | CRITICAL
2026-09-22 04:05:17 | WARD_B_TEMP_02 | 37.9 | WARNING
2026-09-22 04:05:17 | WARD_B_TEMP_03 | 37.3 | NORMAL
2026-09-22 04:05:17 | WARD_B_TEMP_04 | 37.6 | WARNING
2026-09-22 04:05:17 | WARD_B_TEMP_05 | 35.3 | CRITICAL
2026-09-22 04:05:18 | WARD_B_TEMP_01 | 36.0 | NORMAL
2026-09-22 04:05:18 | WARD_B_TEMP_02 | 37.1 | NORMAL
2026-09-22 04:05:18 | WARD_B_TEMP_03 | 39.2 | CRITICAL
2026-09-22 04:05:18 | WARD_B_TEMP_04 | 37.0 | NORMAL
2026-09-22 04:05:18 | WARD_B_TEMP_05 | 39.7 | CRITICAL
2026-09-22 04:05:19 | WARD_B_TEMP_01 | 39.0 | CRITICAL
2026-09-22 04:05:19 | WARD_B_TEMP_02 | 36.1 | NORMAL
2026-09-22 04:05:19 | WARD_B_TEMP_03 | 36.5 | NORMAL
2026-09-22 04:05:19 | WARD_B_TEMP_04 | 39.4 | CRITICAL
2026-09-22 04:05:19 | WARD_B_TEMP_05 | 37.7 | WARNING
2026-09-22 04:05:20 | WARD_B_TEMP_01 | 37.3 | NORMAL
2026-09-22 04:05:20 | WARD_B_TEMP_02 | 34.8 | CRITICAL
2026-09-22 04:05:20 | WARD_B_TEMP_03 | 38.0 | WARNING
2026-09-22 04:05:20 | WARD_B_TEMP_04 | 36.6 | NORMAL
2026-09-22 04:05:20 | WARD_B_TEMP_05 | 39.1 | CRITICAL
2026-09-22 04:05:21 | WARD_B_TEMP_01 | 38.4 | CRITICAL
2026-09-22 04:05:21 | WARD_B_TEMP_02 | 38.7 | CRITICAL
2026-09-22 04:05:21 | WARD_B_TEMP_03 | 36.0 | NORMAL
2026-09-22 04:05:21 | WARD_B_TEMP_04 | 37.8 | WARNING
2026-09-22 04:05:21 | WARD_B_TEMP_05 | 38.9 | CRITICAL
2026-09-22 04:05:22 | WARD_B_TEMP_01 | 39.6 | CRITICAL
2026-09-22 04:05:22 | WARD_B_TEMP_02 | 39.8 | CRITICAL
2026-09-22 04:05:22 | WARD_B_TEMP_03 | 35.4 | CRITICAL
2026-09-22 04:05:22 | WARD_B_TEMP_04 | 37.3 | NORMAL
2026-09-22 04:05:22 | WARD_B_TEMP_05 | 37.7 | WARNING
2026-09-22 04:05:23 | WARD_B_TEMP_01 | 39.9 | CRITICAL
2026-09-22 04:05:23 | WARD_B_TEMP_02 | 39.2 | CRITICAL
2026-09-22 04:05:23 | WARD_B_TEMP_03 | 40.1 | CRITICAL
2026-09-22 04:05:23 | WARD_B_TEMP_04 | 36.8 | NORMAL
2026-09-22 04:05:23 | WARD_B_TEMP_05 | 35.8 | NORMAL
2026-09-22 04:05:24 | WARD_B_TEMP_01 | 37.5 | WARNING
2026-09-22 04:05:24 | WARD_B_TEMP_02 | 34.9 | CRITICAL
2026-09-22 04:05:24 | WARD_B_TEMP_03 | 37.9 | WARNING
2026-09-22 04:05:24 | WARD_B_TEMP_04 | 35.2 | CRITICAL
2026-09-22 04:05:24 | WARD_B_TEMP_05 | 36.2 | NORMAL
2026-09-22 04:05:25 | WARD_B_TEMP_01 | 37.1 | NORMAL
2026-09-22 04:05:25 | WARD_B_TEMP_02 | 38.8 | CRITICAL
2026-09-22 04:05:25 | WARD_B_TEMP_03 | 37.2 | NORMAL
2026-09-22 04:05:25 | WARD_B_TEMP_04 | 39.4 | CRITICAL
2026-09-22 04:05:25 | WARD_B_TEMP_05 | 39.3 | CRITICAL
2026-09-22 04:05:26 | WARD_B_TEMP_01 | 36.6 | NORMAL
2026-09-22 04:05:26 | WARD_B_TEMP_02 | 36.1 | NORMAL
2026-09-22 04:05:26 | WARD_B_TEMP_03 | 38.5 | CRITICAL
2026-09-22 04:05:26 | WARD_B_TEMP_04 | 38.1 | CRITICAL
2026-09-22 04:05:26 | WARD_B_TEMP_05 | 37.2 | NORMAL
2026-09-22 04:05:27 | WARD_B_TEMP_01 | 37.8 | WARNING
2026-09-22 04:05:27 | WARD_B_TEMP_02 | 35.8 | NORMAL
2026-09-22 04:05:27 | WARD_B_TEMP_03 | 34.9 | CRITICAL
2026-09-22 04:05:27 | WARD_B_TEMP_04 | 39.4 | CRITICAL
2026-09-22 04:05:27 | WARD_B_TEMP_05 | 36.6 | NORMAL
2026-09-22 04:05:28 | WARD_B_TEMP_01 | 36.3 | NORMAL
2026-09-22 04:05:28 | WARD_B_TEMP_02 | 40.1 | CRITICAL
2026-09-22 04:05:28 | WARD_B_TEMP_03 | 40.1 | CRITICAL
2026-09-22 04:05:28 | WARD_B_TEMP_04 | 37.3 | NORMAL
2026-09-22 04:05:28 | WARD_B_TEMP_05 | 35.4 | CRITICAL
2026-09-22 04:05:29 | WARD_B_TEMP_01 | 39.4 | CRITICAL
2026-09-22 04:05:29 | WARD_B_TEMP_02 | 38.7 | CRITICAL
2026-09-22 04:05:29 | WARD_B_TEMP_03 | 37.4 | NORMAL
2026-09-22 04:05:29 | WARD_B_TEMP_04 | 38.5 | CRITICAL
2026-09-22 04:05:29 | WARD_B_TEMP_05 | 35.2 | CRITICAL
2026-09-22 04:05:30 | WARD_B_TEMP_01 | 36.1 | NORMAL
2026-09-22 04:05:30 | WARD_B_TEMP_02 | 34.9 | CRITICAL
2026-09-22 04:05:30 | WARD_B_TEMP_03 | 36.3 | NORMAL
2026-09-22 04:05:30 | WARD_B_TEMP_04 | 37.5 | WARNING
2026-09-22 04:05:30 | WARD_B_TEMP_05 | 40.3 | CRITICAL
2026-09-22 04:05:31 | WARD_B_TEMP_01 | 37.5 | WARNING
2026-09-22 04:05:31 | WARD_B_TEMP_02 | 35.9 | NORMAL
2026-09-22 04:05:31 | WARD_B_TEMP_03 | 39.7 | CRITICAL
2026-09-22 04:05:31 | WARD_B_TEMP_04 | 34.7 | CRITICAL
2026-09-22 04:05:31 | WARD_B_TEMP_05 | 35.9 | NORMAL
2026-09-22 04:05:32 | WARD_B_TEMP_01 | 35.5 | NORMAL
2026-09-22 04:05:32 | WARD_B_TEMP_02 | 37.2 | NORMAL
2026-09-22 04:05:32 | WARD_B_TEMP_03 | 39.4 | CRITICAL
2026-09-22 04:05:32 | WARD_B_TEMP_04 | 40.3 | CRITICAL
2026-09-22 04:05:32 | WARD_B_TEMP_05 | 35.5 | NORMAL
2026-09-22 04:05:33 | WARD_B_TEMP_01 | 39.5 | CRITICAL
2026-09-22 04:05:33 | WARD_B_TEMP_02 | 35.5 | NORMAL
2026-09-22 04:05:33 | WARD_B_TEMP_03 | 35.9 | NORMAL
2026-09-22 04:05:33 | WARD_B_TEMP_04 | 38.2 | CRITICAL
2026-09-22 04:05:33 | WARD_B_TEMP_05 | 36.2 | NORMAL
2026-09-22 04:05:34 | WARD_B_TEMP_01 | 35.3 | CRITICAL
2026-09-22 04:05:34 | WARD_B_TEMP_02 | 36.4 | NORMAL
2026-09-22 04:05:34 | WARD_B_TEMP_03 | 40.0 | CRITICAL
2026-09-22 04:05:34 | WARD_B_TEMP_04 | 36.5 | NORMAL
2026-09-22 04:05:34 | WARD_B_TEMP_05 | 35.2 | CRITICAL
2026-09-22 04:05:35 | WARD_B_TEMP_01 | 38.3 | CRITICAL
2026-09-22 04:05:35 | WARD_B_TEMP_02 | 37.3 | NORMAL
2026-09-22 04:05:35 | WARD_B_TEMP_03 | 38.3 | CRITICAL
2026-09-22 04:05:35 | WARD_B_TEMP_04 | 35.0 | CRITICAL
2026-09-22 04:05:35 | WARD_B_TEMP_05 | 39.5 | CRITICAL
2026-09-22 04:05:36 | WARD_B_TEMP_01 | 38.6 | CRITICAL
2026-09-22 04:05:36 | WARD_B_TEMP_02 | 40.4 | CRITICAL
2026-09-22 04:05:36 | WARD_B_TEMP_03 | 35.2 | CRITICAL
2026-09-22 04:05:36 | WARD_B_TEMP_04 | 35.0 | CRITICAL
2026-09-22 04:05:36 | WARD_B_TEMP_05 | 36.5 | NORMAL
2026-09-22 04:05:37 | WARD_B_TEMP_01 | 37.3 | NORMAL
2026-09-22 04:05:37 | WARD_B_TEMP_02 | 36.3 | NORMAL
2026-09-22 04:05:37 | WARD_B_TEMP_03 | 35.7 | NORMAL
2026-09-22 04:05:37 | WARD_B_TEMP_04 | 38.3 | CRITICAL
2026-09-22 04:05:37 | WARD_B_TEMP_05 | 40.0 | CRITICAL
2026-09-22 04:05:38 | WARD_B_TEMP_01 | 37.1 | NORMAL
2026-09-22 04:05:38 | WARD_B_TEMP_02 | 37.2 | NORMAL
2026-09-22 04:05:38 | WARD_B_TEMP_03 | 39.4 | CRITICAL
2026-09-22 04:05:38 | WARD_B_TEMP_04 | 39.2 | CRITICAL
2026-09-22 04:05:38 | WARD_B_TEMP_05 | 38.9 | CRITICAL
2026-09-22 04:05:39 | WARD_B_TEMP_01 | 37.4 | NORMAL
2026-09-22 04:05:39 | WARD_B_TEMP_02 | 37.7 | WARNING
2026-09-22 04:05:39 | WARD_B_TEMP_03 | 39.4 | CRITICAL
2026-09-22 04:05:39 | WARD_B_TEMP_04 | 39.6 | CRITICAL
2026-09-22 04:05:39 | WARD_B_TEMP_05 | 37.7 | WARNING
2026-09-22 04:05:40 | WARD_B_TEMP_01 | 37.6 | WARNING
2026-09-22 04:05:40 | WARD_B_TEMP_02 | 39.0 | CRITICAL
2026-09-22 04:05:40 | WARD_B_TEMP_03 | 39.2 | CRITICAL
2026-09-22 04:05:40 | WARD_B_TEMP_04 | 37.8 | WARNING
2026-09-22 04:05:40 | WARD_B_TEMP_05 | 38.7 | CRITICAL
2026-09-22 04:05:41 | WARD_B_TEMP_01 | 36.7 | NORMAL
2026-09-22 04:05:41 | WARD_B_TEMP_02 | 39.1 | CRITICAL
2026-09-22 04:05:41 | WARD_B_TEMP_03 | 36.5 | NORMAL
2026-09-22 04:05:41 | WARD_B_TEMP_04 | 35.2 | CRITICAL
2026-09-22 04:05:41 | WARD_B_TEMP_05 | 36.4 | NORMAL
2026-09-22 04:05:42 | WARD_B_TEMP_01 | 37.8 | WARNING
2026-09-22 04:05:42 | WARD_B_TEMP_02 | 35.4 | CRITICAL
2026-09-22 04:05:42 | WARD_B_TEMP_03 | 38.9 | CRITICAL
2026-09-22 04:05:42 | WARD_B_TEMP_04 | 36.5 | NORMAL
2026-09-22 04:05:42 | WARD_B_TEMP_05 | 40.0 | CRITICAL
2026-09-22 04:05:43 | WARD_B_TEMP_01 | 34.6 | CRITICAL
2026-09-22 04:05:43 | WARD_B_TEMP_02 | 35.5 | NORMAL
2026-09-22 04:05:43 | WARD_B_TEMP_03 | 38.2 | CRITICAL
2026-09-22 04:05:43 | WARD_B_TEMP_04 | 40.1 | CRITICAL
2026-09-22 04:05:43 | WARD_B_TEMP_05 | 39.5 | CRITICAL
2026-09-22 04:05:44 | WARD_B_TEMP_01 | 36.9 | NORMAL
2026-09-22 04:05:44 | WARD_B_TEMP_02 | 40.0 | CRITICAL
2026-09-22 04:05:44 | WARD_B_TEMP_03 | 39.5 | CRITICAL
2026-09-22 04:05:44 | WARD_B_TEMP_04 | 34.6 | CRITICAL
2026-09-22 04:05:44 | WARD_B_TEMP_05 | 38.3 | CRITICAL
2026-09-22 04:05:45 | WARD_B_TEMP_01 | 37.6 | WARNING
2026-09-22 04:05:45 | WARD_B_TEMP_02 | 39.7 | CRITICAL
2026-09-22 04:05:45 | WARD_B_TEMP_03 | 36.8 | NORMAL
2026-09-22 04:05:45 | WARD_B_TEMP_04 | 39.0 | CRITICAL
2026-09-22 04:05:45 | WARD_B_TEMP_05 | 35.6 | NORMAL
2026-09-22 04:05:46 | WARD_B_TEMP_01 | 36.5 | NORMAL
2026-09-22 04:05:46 | WARD_B_TEMP_02 | 37.7 | WARNING
2026-09-22 04:05:46 | WARD_B_TEMP_03 | 37.6 | WARNING
2026-09-22 04:05:46 | WARD_B_TEMP_04 | 39.8 | CRITICAL
2026-09-22 04:05:46 | WARD_B_TEMP_05 | 34.7 | CRITICAL
2026-09-22 04:05:47 | WARD_B_TEMP_01 | 36.4 | NORMAL
2026-09-22 04:05:47 | WARD_B_TEMP_02 | 34.5 | CRITICAL
2026-09-22 04:05:47 | WARD_B_TEMP_03 | 35.4 | CRITICAL
2026-09-22 04:05:47 | WARD_B_TEMP_04 | 35.6 | NORMAL
2026-09-22 04:05:47 | WARD_B_TEMP_05 | 34.7 | CRITICAL
2026-09-22 04:05:48 | WARD_B_TEMP_01 | 36.5 | NORMAL
2026-09-22 04:05:48 | WARD_B_TEMP_02 | 38.6 | CRITICAL
2026-09-22 04:05:48 | WARD_B_TEMP_03 | 35.2 | CRITICAL
2026-09-22 04:05:48 | WARD_B_TEMP_04 | 37.6 | WARNING
2026-09-22 04:05:48 | WARD_B_TEMP_05 | 39.7 | CRITICAL
2026-09-22 04:05:49 | WARD_B_TEMP_01 | 37.9 | WARNING
2026-09-22 04:05:49 | WARD_B_TEMP_02 | 35.5 | NORMAL
2026-09-22 04:05:49 | WARD_B_TEMP_03 | 34.7 | CRITICAL
2026-09-22 04:05:49 | WARD_B_TEMP_04 | 35.5 | NORMAL
2026-09-22 04:05:49 | WARD_B_TEMP_05 | 38.3 | CRITICAL
2026-09-22 04:05:50 | WARD_B_TEMP_01 | 38.0 | WARNING
2026-09-22 04:05:50 | WARD_B_TEMP_02 | 39.6 | CRITICAL
2026-09-22 04:05:50 | WARD_B_TEMP_03 | 34.5 | CRITICAL
2026-09-22 04:05:50 | WARD_B_TEMP_04 | 37.9 | WARNING
2026-09-22 04:05:50 | WARD_B_TEMP_05 | 34.8 | CRITICAL
2026-09-22 04:05:51 | WARD_B_TEMP_01 | 35.7 | NORMAL
2026-09-22 04:05:51 | WARD_B_TEMP_02 | 34.5 | CRITICAL
2026-09-22 04:05:51 | WARD_B_TEMP_03 | 36.5 | NORMAL
2026-09-22 04:05:51 | WARD_B_TEMP_04 | 36.3 | NORMAL
2026-09-22 04:05:51 | WARD_B_TEMP_05 | 36.9 | NORMAL
2026-09-22 04:05:52 | WARD_B_TEMP_01 | 37.0 | NORMAL
2026-09-22 04:05:52 | WARD_B_TEMP_02 | 36.4 | NORMAL
2026-09-22 04:05:52 | WARD_B_TEMP_03 | 37.1 | NORMAL
2026-09-22 04:05:52 | WARD_B_TEMP_04 | 36.9 | NORMAL
2026-09-22 04:05:52 | WARD_B_TEMP_05 | 36.0 | NORMAL
2026-09-22 04:05:53 | WARD_B_TEMP_01 | 34.8 | CRITICAL
2026-09-22 04:05:53 | WARD_B_TEMP_02 | 40.1 | CRITICAL
2026-09-22 04:05:53 | WARD_B_TEMP_03 | 34.8 | CRITICAL
2026-09-22 04:05:53 | WARD_B_TEMP_04 | 39.1 | CRITICAL
2026-09-22 04:05:53 | WARD_B_TEMP_05 | 35.9 | NORMAL
2026-09-22 04:05:54 | WARD_B_TEMP_01 | 34.7 | CRITICAL
2026-09-22 04:05:54 | WARD_B_TEMP_02 | 37.2 | NORMAL
2026-09-22 04:05:54 | WARD_B_TEMP_03 | 34.7 | CRITICAL
2026-09-22 04:05:54 | WARD_B_TEMP_04 | 35.3 | CRITICAL
2026-09-22 04:05:54 | WARD_B_TEMP_05 | 40.2 | CRITICAL
2026-09-22 04:05:55 | WARD_B_TEMP_01 | 39.8 | CRITICAL
2026-09-22 04:05:55 | WARD_B_TEMP_02 | 37.5 | WARNING
2026-09-22 04:05:55 | WARD_B_TEMP_03 | 38.6 | CRITICAL
2026-09-22 04:05:55 | WARD_B_TEMP_04 | 37.3 | NORMAL
2026-09-22 04:05:55 | WARD_B_TEMP_05 | 35.4 | CRITICAL
2026-09-22 04:05:56 | WARD_B_TEMP_01 | 39.2 | CRITICAL
2026-09-22 04:05:56 | WARD_B_TEMP_02 | 38.9 | CRITICAL
2026-09-22 04:05:56 | WARD_B_TEMP_03 | 34.9 | CRITICAL
2026-09-22 04:05:56 | WARD_B_TEMP_04 | 38.9 | CRITICAL
2026-09-22 04:05:56 | WARD_B_TEMP_05 | 40.3 | CRITICAL
2026-09-22 04:05:57 | WARD_B_TEMP_01 | 34.6 | CRITICAL
2026-09-22 04:05:57 | WARD_B_TEMP_02 | 39.3 | CRITICAL
2026-09-22 04:05:57 | WARD_B_TEMP_03 | 35.5 | NORMAL
2026-09-22 04:05:57 | WARD_B_TEMP_04 | 36.1 | NORMAL
2026-09-22 04:05:57 | WARD_B_TEMP_05 | 35.2 | CRITICAL
2026-09-22 04:05:58 | WARD_B_TEMP_01 | 39.6 | CRITICAL
2026-09-22 04:05:58 | WARD_B_TEMP_02 | 38.3 | CRITICAL
2026-09-22 04:05:58 | WARD_B_TEMP_03 | 36.2 | NORMAL
2026-09-22 04:05:58 | WARD_B_TEMP_04 | 37.0 | NORMAL
2026-09-22 04:05:58 | WARD_B_TEMP_05 | 36.4 | NORMAL
2026-09-22 04:05:59 | WARD_B_TEMP_01 | 37.2 | NORMAL
2026-09-22 04:05:59 | WARD_B_TEMP_02 | 34.6 | CRITICAL
2026-09-22 04:05:59 | WARD_B_TEMP_03 | 40.2 | CRITICAL
2026-09-22 04:05:59 | WARD_B_TEMP_04 | 39.2 | CRITICAL
2026-09-22 04:05:59 | WARD_B_TEMP_05 | 36.2 | NORMAL
2026-09-22 04:06:00 | WARD_B_TEMP_01 | 38.9 | CRITICAL
2026-09-22 04:06:00 | WARD_B_TEMP_02 | 35.5 | NORMAL
2026-09-22 04:06:00 | WARD_B_TEMP_03 | 35.9 | NORMAL
2026-09-22 04:06:00 | WARD_B_TEMP_04 | 40.2 | CRITICAL
2026-09-22 04:06:00 | WARD_B_TEMP_05 | 40.1 | CRITICAL
2026-09-22 04:06:01 | WARD_B_TEMP_01 | 37.7 | WARNING
2026-09-22 04:06:01 | WARD_B_TEMP_02 | 35.9 | NORMAL
2026-09-22 04:06:01 | WARD_B_TEMP_03 | 35.0 | CRITICAL
2026-09-22 04:06:01 | WARD_B_TEMP_04 | 39.9 | CRITICAL
2026-09-22 04:06:01 | WARD_B_TEMP_05 | 38.9 | CRITICAL
2026-09-22 04:06:02 | WARD_B_TEMP_01 | 35.7 | NORMAL
2026-09-22 04:06:02 | WARD_B_TEMP_02 | 40.4 | CRITICAL
2026-09-22 04:06:02 | WARD_B_TEMP_03 | 37.6 | WARNING
2026-09-22 04:06:02 | WARD_B_TEMP_04 | 34.6 | CRITICAL
2026-09-22 04:06:02 | WARD_B_TEMP_05 | 37.4 | NORMAL
2026-09-22 04:06:03 | WARD_B_TEMP_01 | 35.1 | CRITICAL
2026-09-22 04:06:03 | WARD_B_TEMP_02 | 38.4 | CRITICAL
2026-09-22 04:06:03 | WARD_B_TEMP_03 | 34.6 | CRITICAL
2026-09-22 04:06:03 | WARD_B_TEMP_04 | 38.5 | CRITICAL
2026-09-22 04:06:03 | WARD_B_TEMP_05 | 35.9 | NORMAL
2026-09-22 04:06:04 | WARD_B_TEMP_01 | 38.2 | CRITICAL
2026-09-22 04:06:04 | WARD_B_TEMP_02 | 35.4 | CRITICAL
2026-09-22 04:06:04 | WARD_B_TEMP_03 | 38.1 | CRITICAL
2026-09-22 04:06:04 | WARD_B_TEMP_04 | 35.7 | NORMAL
2026-09-22 04:06:04 | WARD_B_TEMP_05 | 39.9 | CRITICAL
2026-09-22 04:06:05 | WARD_B_TEMP_01 | 37.5 | WARNING
2026-09-22 04:06:05 | WARD_B_TEMP_02 | 40.2 | CRITICAL
2026-09-22 04:06:05 | WARD_B_TEMP_03 | 38.4 | CRITICAL
2026-09-22 04:06:05 | WARD_B_TEMP_04 | 39.3 | CRITICAL
2026-09-22 04:06:05 | WARD_B_TEMP_05 | 39.6 | CRITICAL
2026-09-22 04:06:06 | WARD_B_TEMP_01 | 38.7 | CRITICAL
2026-09-22 04:06:06 | WARD_B_TEMP_02 | 35.7 | NORMAL
2026-09-22 04:06:06 | WARD_B_TEMP_03 | 39.1 | CRITICAL
2026-09-22 04:06:06 | WARD_B_TEMP_04 | 34.7 | CRITICAL
2026-09-22 04:06:06 | WARD_B_TEMP_05 | 36.8 | NORMAL
2026-09-22 04:06:07 | WARD_B_TEMP_01 | 37.1 | NORMAL
2026-09-22 04:06:07 | WARD_B_TEMP_02 | 37.5 | WARNING
2026-09-22 04:06:07 | WARD_B_TEMP_03 | 37.6 | WARNING
2026-09-22 04:06:07 | WARD_B_TEMP_04 | 39.0 | CRITICAL
2026-09-22 04:06:07 | WARD_B_TEMP_05 | 39.4 | CRITICAL
2026-09-22 04:06:08 | WARD_B_TEMP_01 | 38.3 | CRITICAL
2026-09-22 04:06:08 | WARD_B_TEMP_02 | 36.3 | NORMAL
2026-09-22 04:06:08 | WARD_B_TEMP_03 | 40.3 | CRITICAL
2026-09-22 04:06:08 | WARD_B_TEMP_04 | 38.4 | CRITICAL
2026-09-22 04:06:08 | WARD_B_TEMP_05 | 38.2 | CRITICAL
2026-09-22 04:06:09 | WARD_B_TEMP_01 | 39.4 | CRITICAL
2026-09-22 04:06:09 | WARD_B_TEMP_02 | 38.4 | CRITICAL
2026-09-22 04:06:09 | WARD_B_TEMP_03 | 37.6 | WARNING
2026-09-22 04:06:09 | WARD_B_TEMP_04 | 35.7 | NORMAL
2026-09-22 04:06:09 | WARD_B_TEMP_05 | 39.6 | CRITICAL
2026-09-22 04:06:10 | WARD_B_TEMP_01 | 37.6 | WARNING
2026-09-22 04:06:10 | WARD_B_TEMP_02 | 35.0 | CRITICAL
2026-09-22 04:06:10 | WARD_B_TEMP_03 | 38.2 | CRITICAL
2026-09-22 04:06:10 | WARD_B_TEMP_04 | 39.4 | CRITICAL
2026-09-22 04:06:10 | WARD_B_TEMP_05 | 35.3 | CRITICAL
2026-09-22 04:06:11 | WARD_B_TEMP_01 | 38.0 | WARNING
2026-09-22 04:06:11 | WARD_B_TEMP_02 | 34.8 | CRITICAL
2026-09-22 04:06:11 | WARD_B_TEMP_03 | 36.1 | NORMAL
2026-09-22 04:06:11 | WARD_B_TEMP_04 | 36.4 | NORMAL
2026-09-22 04:06:11 | WARD_B_TEMP_05 | 36.9 | NORMAL
2026-09-22 04:06:12 | WARD_B_TEMP_01 | 37.9 | WARNING
2026-09-22 04:06:12 | WARD_B_TEMP_02 | 39.9 | CRITICAL
2026-09-22 04:06:12 | WARD_B_TEMP_03 | 40.0 | CRITICAL
2026-09-22 04:06:12 | WARD_B_TEMP_04 | 39.4 | CRITICAL
2026-09-22 04:06:12 | WARD_B_TEMP_05 | 39.9 | CRITICAL
2026-09-22 04:06:13 | WARD_B_TEMP_01 | 39.3 | CRITICAL
2026-09-22 04:06:13 | WARD_B_TEMP_02 | 35.9 | NORMAL
2026-09-22 04:06:13 | WARD_B_TEMP_03 | 35.6 | NORMAL
2026-09-22 04:06:13 | WARD_B_TEMP_04 | 39.3 | CRITICAL
2026-09-22 04:06:13 | WARD_B_TEMP_05 | 39.2 | CRITICAL
2026-09-22 04:06:14 | WARD_B_TEMP_01 | 36.1 | NORMAL
2026-09-22 04:06:14 | WARD_B_TEMP_02 | 36.0 | NORMAL
2026-09-22 04:06:14 | WARD_B_TEMP_03 | 38.8 | CRITICAL
2026-09-22 04:06:14 | WARD_B_TEMP_04 | 39.4 | CRITICAL
2026-09-22 04:06:14 | WARD_B_TEMP_05 | 36.0 | NORMAL
2026-09-22 04:06:15 | WARD_B_TEMP_01 | 37.0 | NORMAL
2026-09-22 04:06:15 | WARD_B_TEMP_02 | 35.3 | CRITICAL
2026-09-22 04:06:15 | WARD_B_TEMP_03 | 35.6 | NORMAL
2026-09-22 04:06:15 | WARD_B_TEMP_04 | 37.6 | WARNING
2026-09-22 04:06:15 | WARD_B_TEMP_05 | 39.3 | CRITICAL
2026-09-22 04:06:16 | WARD_B_TEMP_01 | 35.8 | NORMAL
2026-09-22 04:06:16 | WARD_B_TEMP_02 | 35.3 | CRITICAL
2026-09-22 04:06:16 | WARD_B_TEMP_03 | 35.4 | CRITICAL
2026-09-22 04:06:16 | WARD_B_TEMP_04 | 36.0 | NORMAL
2026-09-22 04:06:16 | WARD_B_TEMP_05 | 35.3 | CRITICAL
2026-09-22 04:06:17 | WARD_B_TEMP_01 | 40.3 | CRITICAL
2026-09-22 04:06:17 | WARD_B_TEMP_02 | 38.2 | CRITICAL
2026-09-22 04:06:17 | WARD_B_TEMP_03 | 36.6 | NORMAL
2026-09-22 04:06:17 | WARD_B_TEMP_04 | 40.2 | CRITICAL
2026-09-22 04:06:17 | WARD_B_TEMP_05 | 38.6 | CRITICAL
2026-09-22 04:06:18 | WARD_B_TEMP_01 | 36.3 | NORMAL
2026-09-22 04:06:18 | WARD_B_TEMP_02 | 38.1 | CRITICAL
2026-09-22 04:06:18 | WARD_B_TEMP_03 | 37.9 | WARNING
2026-09-22 04:06:18 | WARD_B_TEMP_04 | 37.1 | NORMAL
2026-09-22 04:06:18 | WARD_B_TEMP_05 | 38.8 | CRITICAL
2026-09-22 04:06:19 | WARD_B_TEMP_01 | 38.8 | CRITICAL
2026-09-22 04:06:19 | WARD_B_TEMP_02 | 38.1 | CRITICAL
2026-09-22 04:06:19 | WARD_B_TEMP_03 | 38.1 | CRITICAL
2026-09-22 04:06:19 | WARD_B_TEMP_04 | 39.5 | CRITICAL
2026-09-22 04:06:19 | WARD_B_TEMP_05 | 34.6 | CRITICAL
2026-09-22 04:06:20 | WARD_B_TEMP_01 | 38.2 | CRITICAL
2026-09-22 04:06:20 | WARD_B_TEMP_02 | 37.6 | WARNING
2026-09-22 04:06:20 | WARD_B_TEMP_03 | 36.5 | NORMAL
2026-09-22 04:06:20 | WARD_B_TEMP_04 | 36.7 | NORMAL
2026-09-22 04:06:20 | WARD_B_TEMP_05 | 36.9 | NORMAL
2026-09-22 04:06:21 | WARD_B_TEMP_01 | 39.9 | CRITICAL
2026-09-22 04:06:21 | WARD_B_TEMP_02 | 38.3 | CRITICAL
2026-09-22 04:06:21 | WARD_B_TEMP_03 | 39.3 | CRITICAL
2026-09-22 04:06:21 | WARD_B_TEMP_04 | 39.2 | CRITICAL
2026-09-22 04:06:21 | WARD_B_TEMP_05 | 36.6 | NORMAL
2026-09-22 04:06:22 | WARD_B_TEMP_01 | 36.0 | NORMAL
2026-09-22 04:06:22 | WARD_B_TEMP_02 | 38.0 | WARNING
2026-09-22 04:06:22 | WARD_B_TEMP_03 | 34.9 | CRITICAL
2026-09-22 04:06:22 | WARD_B_TEMP_04 | 37.4 | NORMAL
2026-09-22 04:06:22 | WARD_B_TEMP_05 | 36.5 | NORMAL
2026-09-22 04:06:23 | WARD_B_TEMP_01 | 36.8 | NORMAL
2026-09-22 04:06:23 | WARD_B_TEMP_02 | 39.1 | CRITICAL
2026-09-22 04:06:23 | WARD_B_TEMP_03 | 35.8 | NORMAL
2026-09-22 04:06:23 | WARD_B_TEMP_04 | 40.2 | CRITICAL
2026-09-22 04:06:23 | WARD_B_TEMP_05 | 38.9 | CRITICAL
2026-09-22 04:06:24 | WARD_B_TEMP_01 | 35.4 | CRITICAL
2026-09-22 04:06:24 | WARD_B_TEMP_02 | 38.2 | CRITICAL
2026-09-22 04:06:24 | WARD_B_TEMP_03 | 36.0 | NORMAL
2026-09-22 04:06:24 | WARD_B_TEMP_04 | 35.3 | CRITICAL
2026-09-22 04:06:24 | WARD_B_TEMP_05 | 39.7 | CRITICAL
2026-09-22 04:06:25 | WARD_B_TEMP_01 | 38.3 | CRITICAL
2026-09-22 04:06:25 | WARD_B_TEMP_02 | 35.0 | CRITICAL
2026-09-22 04:06:25 | WARD_B_TEMP_03 | 37.8 | WARNING
2026-09-22 04:06:25 | WARD_B_TEMP_04 | 40.4 | CRITICAL
2026-09-22 04:06:25 | WARD_B_TEMP_05 | 40.5 | CRITICAL
2026-09-22 04:06:26 | WARD_B_TEMP_01 | 37.4 | NORMAL
2026-09-22 04:06:26 | WARD_B_TEMP_02 | 34.7 | CRITICAL
2026-09-22 04:06:26 | WARD_B_TEMP_03 | 39.8 | CRITICAL
2026-09-22 04:06:26 | WARD_B_TEMP_04 | 36.8 | NORMAL
2026-09-22 04:06:26 | WARD_B_TEMP_05 | 37.3 | NORMAL
2026-09-22 04:06:27 | WARD_B_TEMP_01 | 39.4 | CRITICAL
2026-09-22 04:06:27 | WARD_B_TEMP_02 | 36.7 | NORMAL
2026-09-22 04:06:27 | WARD_B_TEMP_03 | 35.9 | NORMAL
2026-09-22 04:06:27 | WARD_B_TEMP_04 | 38.3 | CRITICAL
2026-09-22 04:06:27 | WARD_B_TEMP_05 | 40.0 | CRITICAL
2026-09-22 04:06:28 | WARD_B_TEMP_01 | 38.9 | CRITICAL
2026-09-22 04:06:28 | WARD_B_TEMP_02 | 39.1 | CRITICAL
2026-09-22 04:06:28 | WARD_B_TEMP_03 | 35.5 | NORMAL
2026-09-22 04:06:28 | WARD_B_TEMP_04 | 37.4 | NORMAL
2026-09-22 04:06:28 | WARD_B_TEMP_05 | 40.0 | CRITICAL
2026-09-22 04:06:29 | WARD_B_TEMP_01 | 40.1 | CRITICAL
2026-09-22 04:06:29 | WARD_B_TEMP_02 | 40.2 | CRITICAL
2026-09-22 04:06:29 | WARD_B_TEMP_03 | 38.4 | CRITICAL
2026-09-22 04:06:29 | WARD_B_TEMP_04 | 37.1 | NORMAL
2026-09-22 04:06:29 | WARD_B_TEMP_05 | 38.2 | CRITICAL
2026-09-22 04:06:30 | WARD_B_TEMP_01 | 35.4 | CRITICAL
2026-09-22 04:06:30 | WARD_B_TEMP_02 | 38.2 | CRITICAL
2026-09-22 04:06:30 | WARD_B_TEMP_03 | 40.1 | CRITICAL
2026-09-22 04:06:30 | WARD_B_TEMP_04 | 37.2 | NORMAL
2026-09-22 04:06:30 | WARD_B_TEMP_05 | 39.1 | CRITICAL
2026-09-22 04:06:31 | WARD_B_TEMP_01 | 38.0 | WARNING
2026-09-22 04:06:31 | WARD_B_TEMP_02 | 37.8 | WARNING
2026-09-22 04:06:31 | WARD_B_TEMP_03 | 40.4 | CRITICAL
2026-09-22 04:06:31 | WARD_B_TEMP_04 | 37.5 | WARNING
2026-09-22 04:06:31 | WARD_B_TEMP_05 | 36.1 | NORMAL
2026-09-22 04:06:32 | WARD_B_TEMP_01 | 38.9 | CRITICAL
2026-09-22 04:06:32 | WARD_B_TEMP_02 | 36.5 | NORMAL
2026-09-22 04:06:32 | WARD_B_TEMP_03 | 34.7 | CRITICAL
2026-09-22 04:06:32 | WARD_B_TEMP_04 | 39.8 | CRITICAL
2026-09-22 04:06:32 | WARD_B_TEMP_05 | 36.0 | NORMAL
2026-09-22 04:06:33 | WARD_B_TEMP_01 | 38.9 | CRITICAL
2026-09-22 04:06:33 | WARD_B_TEMP_02 | 36.9 | NORMAL
2026-09-22 04:06:33 | WARD_B_TEMP_03 | 35.3 | CRITICAL
2026-09-22 04:06:33 | WARD_B_TEMP_04 | 39.7 | CRITICAL
2026-09-22 04:06:33 | WARD_B_TEMP_05 | 38.3 | CRITICAL
2026-09-22 04:06:34 | WARD_B_TEMP_01 | 35.8 | NORMAL
2026-09-22 04:06:34 | WARD_B_TEMP_02 | 37.6 | WARNING
2026-09-22 04:06:34 | WARD_B_TEMP_03 | 37.8 | WARNING
2026-09-22 04:06:34 | WARD_B_TEMP_04 | 36.4 | NORMAL
2026-09-22 04:06:34 | WARD_B_TEMP_05 | 34.6 | CRITICAL
2026-09-22 04:06:35 | WARD_B_TEMP_01 | 35.1 | CRITICAL
2026-09-22 04:06:35 | WARD_B_TEMP_02 | 35.6 | NORMAL
2026-09-22 04:06:35 | WARD_B_TEMP_03 | 38.4 | CRITICAL
2026-09-22 04:06:35 | WARD_B_TEMP_04 | 36.9 | NORMAL
2026-09-22 04:06:35 | WARD_B_TEMP_05 | 38.2 | CRITICAL
2026-09-22 04:06:36 | WARD_B_TEMP_01 | 36.0 | NORMAL
2026-09-22 04:06:36 | WARD_B_TEMP_02 | 35.6 | NORMAL
2026-09-22 04:06:36 | WARD_B_TEMP_03 | 38.0 | WARNING
2026-09-22 04:06:36 | WARD_B_TEMP_04 | 37.9 | WARNING
2026-09-22 04:06:36 | WARD_B_TEMP_05 | 34.9 | CRITICAL
2026-09-22 04:06:37 | WARD_B_TEMP_01 | 40.4 | CRITICAL
2026-09-22 04:06:37 | WARD_B_TEMP_02 | 39.8 | CRITICAL
2026-09-22 04:06:37 | WARD_B_TEMP_03 | 37.9 | WARNING
2026-09-22 04:06:37 | WARD_B_TEMP_04 | 39.0 | CRITICAL
2026-09-22 04:06:37 | WARD_B_TEMP_05 | 36.2 | NORMAL
2026-09-22 04:06:38 | WARD_B_TEMP_01 | 39.3 | CRITICAL
2026-09-22 04:06:38 | WARD_B_TEMP_02 | 35.1 | CRITICAL
2026-09-22 04:06:38 | WARD_B_TEMP_03 | 36.3 | NORMAL
2026-09-22 04:06:38 | WARD_B_TEMP_04 | 38.1 | CRITICAL
2026-09-22 04:06:38 | WARD_B_TEMP_05 | 35.1 | CRITICAL
2026-09-22 04:06:39 | WARD_B_TEMP_01 | 38.0 | WARNING
2026-09-22 04:06:39 | WARD_B_TEMP_02 | 39.4 | CRITICAL
2026-09-22 04:06:39 | WARD_B_TEMP_03 | 34.6 | CRITICAL
2026-09-22 04:06:39 | WARD_B_TEMP_04 | 34.9 | CRITICAL
2026-09-22 04:06:39 | WARD_B_TEMP_05 | 39.2 | CRITICAL
2026-09-22 04:06:40 | WARD_B_TEMP_01 | 34.5 | CRITICAL
2026-09-22 04:06:40 | WARD_B_TEMP_02 | 36.7 | NORMAL
2026-09-22 04:06:40 | WARD_B_TEMP_03 | 35.5 | NORMAL
2026-09-22 04:06:40 | WARD_B_TEMP_04 | 35.1 | CRITICAL
2026-09-22 04:06:40 | WARD_B_TEMP_05 | 35.1 | CRITICAL
2026-09-22 04:06:41 | WARD_B_TEMP_01 | 38.4 | CRITICAL
2026-09-22 04:06:41 | WARD_B_TEMP_02 | 40.1 | CRITICAL
2026-09-22 04:06:41 | WARD_B_TEMP_03 | 38.5 | CRITICAL
2026-09-22 04:06:41 | WARD_B_TEMP_04 | 37.4 | NORMAL
2026-09-22 04:06:41 | WARD_B_TEMP_05 | 40.0 | CRITICAL
2026-09-22 04:06:42 | WARD_B_TEMP_01 | 34.7 | CRITICAL
2026-09-22 04:06:42 | WARD_B_TEMP_02 | 39.3 | CRITICAL
2026-09-22 04:06:42 | WARD_B_TEMP_03 | 38.2 | CRITICAL
2026-09-22 04:06:42 | WARD_B_TEMP_04 | 38.8 | CRITICAL
2026-09-22 04:06:42 | WARD_B_TEMP_05 | 39.7 | CRITICAL
2026-09-22 04:06:43 | WARD_B_TEMP_01 | 39.2 | CRITICAL
2026-09-22 04:06:43 | WARD_B_TEMP_02 | 39.6 | CRITICAL
2026-09-22 04:06:43 | WARD_B_TEMP_03 | 39.9 | CRITICAL
2026-09-22 04:06:43 | WARD_B_TEMP_04 | 38.8 | CRITICAL
2026-09-22 04:06:43 | WARD_B_TEMP_05 | 35.5 | NORMAL
2026-09-22 04:06:44 | WARD_B_TEMP_01 | 36.2 | NORMAL
2026-09-22 04:06:44 | WARD_B_TEMP_02 | 38.0 | WARNING
2026-09-22 04:06:44 | WARD_B_TEMP_03 | 37.3 | NORMAL
2026-09-22 04:06:44 | WARD_B_TEMP_04 | 36.0 | NORMAL
2026-09-22 04:06:44 | WARD_B_TEMP_05 | 40.5 | CRITICAL
2026-09-22 04:06:45 | WARD_B_TEMP_01 | 34.7 | CRITICAL
2026-09-22 04:06:45 | WARD_B_TEMP_02 | 36.6 | NORMAL
2026-09-22 04:06:45 | WARD_B_TEMP_03 | 37.9 | WARNING
2026-09-22 04:06:45 | WARD_B_TEMP_04 | 40.3 | CRITICAL
2026-09-22 04:06:45 | WARD_B_TEMP_05 | 39.5 | CRITICAL
2026-09-22 04:06:46 | WARD_B_TEMP_01 | 36.2 | NORMAL
2026-09-22 04:06:46 | WARD_B_TEMP_02 | 35.3 | CRITICAL
2026-09-22 04:06:46 | WARD_B_TEMP_03 | 39.0 | CRITICAL
2026-09-22 04:06:46 | WARD_B_TEMP_04 | 34.6 | CRITICAL
2026-09-22 04:06:46 | WARD_B_TEMP_05 | 39.2 | CRITICAL
2026-09-22 04:06:47 | WARD_B_TEMP_01 | 35.0 | CRITICAL
2026-09-22 04:06:47 | WARD_B_TEMP_02 | 34.8 | CRITICAL
2026-09-22 04:06:47 | WARD_B_TEMP_03 | 38.0 | WARNING
2026-09-22 04:06:47 | WARD_B_TEMP_04 | 37.9 | WARNING
2026-09-22 04:06:47 | WARD_B_TEMP_05 | 36.0 | NORMAL
2026-09-22 04:06:48 | WARD_B_TEMP_01 | 39.4 | CRITICAL
2026-09-22 04:06:48 | WARD_B_TEMP_02 | 34.7 | CRITICAL
2026-09-22 04:06:48 | WARD_B_TEMP_03 | 38.7 | CRITICAL
2026-09-22 04:06:48 | WARD_B_TEMP_04 | 36.5 | NORMAL
2026-09-22 04:06:48 | WARD_B_TEMP_05 | 38.2 | CRITICAL
2026-09-22 04:06:49 | WARD_B_TEMP_01 | 34.7 | CRITICAL
2026-09-22 04:06:49 | WARD_B_TEMP_02 | 40.3 | CRITICAL
2026-09-22 04:06:49 | WARD_B_TEMP_03 | 38.9 | CRITICAL
2026-09-22 04:06:49 | WARD_B_TEMP_04 | 38.6 | CRITICAL
2026-09-22 04:06:49 | WARD_B_TEMP_05 | 37.7 | WARNING
2026-09-22 04:06:50 | WARD_B_TEMP_01 | 38.9 | CRITICAL
2026-09-22 04:06:50 | WARD_B_TEMP_02 | 35.7 | NORMAL
2026-09-22 04:06:50 | WARD_B_TEMP_03 | 34.6 | CRITICAL
2026-09-22 04:06:50 | WARD_B_TEMP_04 | 40.4 | CRITICAL
2026-09-22 04:06:50 | WARD_B_TEMP_05 | 35.3 | CRITICAL
2026-09-22 04:06:51 | WARD_B_TEMP_01 | 37.2 | NORMAL
2026-09-22 04:06:51 | WARD_B_TEMP_02 | 37.6 | WARNING
2026-09-22 04:06:51 | WARD_B_TEMP_03 | 39.2 | CRITICAL
2026-09-22 04:06:51 | WARD_B_TEMP_04 | 40.2 | CRITICAL
2026-09-22 04:06:51 | WARD_B_TEMP_05 | 40.3 | CRITICAL
2026-09-22 04:06:52 | WARD_B_TEMP_01 | 36.6 | NORMAL
2026-09-22 04:06:52 | WARD_B_TEMP_02 | 37.2 | NORMAL
2026-09-22 04:06:52 | WARD_B_TEMP_03 | 39.3 | CRITICAL
2026-09-22 04:06:52 | WARD_B_TEMP_04 | 37.4 | NORMAL
2026-09-22 04:06:52 | WARD_B_TEMP_05 | 36.9 | NORMAL
2026-09-22 04:06:53 | WARD_B_TEMP_01 | 36.6 | NORMAL
2026-09-22 04:06:53 | WARD_B_TEMP_02 | 35.1 | CRITICAL
2026-09-22 04:06:53 | WARD_B_TEMP_03 | 40.4 | CRITICAL
2026-09-22 04:06:53 | WARD_B_TEMP_04 | 38.8 | CRITICAL
2026-09-22 04:06:53 | WARD_B_TEMP_05 | 38.0 | WARNING
2026-09-22 04:06:54 | WARD_B_TEMP_01 | 37.6 | WARNING
2026-09-22 04:06:54 | WARD_B_TEMP_02 | 37.5 | WARNING
2026-09-22 04:06:54 | WARD_B_TEMP_03 | 39.1 | CRITICAL
2026-09-22 04:06:54 | WARD_B_TEMP_04 | 37.9 | WARNING
2026-09-22 04:06:54 | WARD_B_TEMP_05 | 39.0 | CRITICAL
2026-09-22 04:06:55 | WARD_B_TEMP_01 | 37.3 | NORMAL
2026-09-22 04:06:55 | WARD_B_TEMP_02 | 35.9 | NORMAL
2026-09-22 04:06:55 | WARD_B_TEMP_03 | 36.7 | NORMAL
2026-09-22 04:06:55 | WARD_B_TEMP_04 | 38.9 | CRITICAL
2026-09-22 04:06:55 | WARD_B_TEMP_05 | 36.4 | NORMAL
2026-09-22 04:06:56 | WARD_B_TEMP_01 | 35.6 | NORMAL
2026-09-22 04:06:56 | WARD_B_TEMP_02 | 35.2 | CRITICAL
2026-09-22 04:06:56 | WARD_B_TEMP_03 | 39.3 | CRITICAL
2026-09-22 04:06:56 | WARD_B_TEMP_04 | 38.0 | WARNING
2026-09-22 04:06:56 | WARD_B_TEMP_05 | 35.0 | CRITICAL
2026-09-22 04:06:57 | WARD_B_TEMP_01 | 39.3 | CRITICAL
2026-09-22 04:06:57 | WARD_B_TEMP_02 | 35.1 | CRITICAL
2026-09-22 04:06:57 | WARD_B_TEMP_03 | 36.5 | NORMAL
2026-09-22 04:06:57 | WARD_B_TEMP_04 | 39.9 | CRITICAL
2026-09-22 04:06:57 | WARD_B_TEMP_05 | 36.0 | NORMAL
2026-09-22 04:06:58 | WARD_B_TEMP_01 | 37.3 | NORMAL
2026-09-22 04:06:58 | WARD_B_TEMP_02 | 39.6 | CRITICAL
2026-09-22 04:06:58 | WARD_B_TEMP_03 | 37.7 | WARNING
2026-09-22 04:06:58 | WARD_B_TEMP_04 | 35.0 | CRITICAL
2026-09-22 04:06:58 | WARD_B_TEMP_05 | 38.5 | CRITICAL
2026-09-22 04:06:59 | WARD_B_TEMP_01 | 35.6 | NORMAL
2026-09-22 04:06:59 | WARD_B_TEMP_02 | 39.6 | CRITICAL
2026-09-22 04:06:59 | WARD_B_TEMP_03 | 37.5 | WARNING
2026-09-22 04:06:59 | WARD_B_TEMP_04 | 36.3 | NORMAL
2026-09-22 04:06:59 | WARD_B_TEMP_05 | 40.2 | CRITICAL
2026-09-22 04:07:00 | WARD_B_TEMP_01 | 35.1 | CRITICAL
2026-09-22 04:07:00 | WARD_B_TEMP_02 | 40.1 | CRITICAL
2026-09-22 04:07:00 | WARD_B_TEMP_03 | 35.0 | CRITICAL
2026-09-22 04:07:00 | WARD_B_TEMP_04 | 38.9 | CRITICAL
2026-09-22 04:07:00 | WARD_B_TEMP_05 | 34.6 | CRITICAL
2026-09-22 04:07:01 | WARD_B_TEMP_01 | 34.9 | CRITICAL
2026-09-22 04:07:01 | WARD_B_TEMP_02 | 38.2 | CRITICAL
2026-09-22 04:07:01 | WARD_B_TEMP_03 | 37.6 | WARNING
2026-09-22 04:07:01 | WARD_B_TEMP_04 | 36.3 | NORMAL
2026-09-22 04:07:01 | WARD_B_TEMP_05 | 39.7 | CRITICAL
2026-09-22 04:07:02 | WARD_B_TEMP_01 | 35.5 | NORMAL
2026-09-22 04:07:02 | WARD_B_TEMP_02 | 36.3 | NORMAL
2026-09-22 04:07:02 | WARD_B_TEMP_03 | 34.6 | CRITICAL
2026-09-22 04:07:02 | WARD_B_TEMP_04 | 36.7 | NORMAL
2026-09-22 04:07:02 | WARD_B_TEMP_05 | 40.0 | CRITICAL
2026-09-22 04:07:03 | WARD_B_TEMP_01 | 35.0 | CRITICAL
2026-09-22 04:07:03 | WARD_B_TEMP_02 | 37.6 | WARNING
2026-09-22 04:07:03 | WARD_B_TEMP_03 | 34.8 | CRITICAL
2026-09-22 04:07:03 | WARD_B_TEMP_04 | 40.1 | CRITICAL
2026-09-22 04:07:03 | WARD_B_TEMP_05 | 35.4 | CRITICAL
2026-09-22 04:07:04 | WARD_B_TEMP_01 | 39.5 | CRITICAL
2026-09-22 04:07:04 | WARD_B_TEMP_02 | 39.4 | CRITICAL
2026-09-22 04:07:04 | WARD_B_TEMP_03 | 36.8 | NORMAL
2026-09-22 04:07:04 | WARD_B_TEMP_04 | 37.8 | WARNING
2026-09-22 04:07:04 | WARD_B_TEMP_05 | 37.0 | NORMAL
2026-09-22 04:07:05 | WARD_B_TEMP_01 | 37.8 | WARNING
2026-09-22 04:07:05 | WARD_B_TEMP_02 | 39.5 | CRITICAL
2026-09-22 04:07:05 | WARD_B_TEMP_03 | 36.5 | NORMAL
2026-09-22 04:07:05 | WARD_B_TEMP_04 | 36.9 | NORMAL
2026-09-22 04:07:05 | WARD_B_TEMP_05 | 37.1 | NORMAL
2026-09-22 04:07:06 | WARD_B_TEMP_01 | 40.4 | CRITICAL
2026-09-22 04:07:06 | WARD_B_TEMP_02 | 36.9 | NORMAL
2026-09-22 04:07:06 | WARD_B_TEMP_03 | 39.5 | CRITICAL
2026-09-22 04:07:06 | WARD_B_TEMP_04 | 38.9 | CRITICAL
2026-09-22 04:07:06 | WARD_B_TEMP_05 | 36.6 | NORMAL
2026-09-22 04:07:07 | WARD_B_TEMP_01 | 38.0 | WARNING
2026-09-22 04:07:07 | WARD_B_TEMP_02 | 38.3 | CRITICAL
2026-09-22 04:07:07 | WARD_B_TEMP_03 | 40.5 | CRITICAL
2026-09-22 04:07:07 | WARD_B_TEMP_04 | 38.9 | CRITICAL
2026-09-22 04:07:07 | WARD_B_TEMP_05 | 38.6 | CRITICAL
2026-09-22 04:07:08 | WARD_B_TEMP_01 | 39.0 | CRITICAL
2026-09-22 04:07:08 | WARD_B_TEMP_02 | 37.0 | NORMAL
2026-09-22 04:07:08 | WARD_B_TEMP_03 | 37.0 | NORMAL
2026-09-22 04:07:08 | WARD_B_TEMP_04 | 37.1 | NORMAL
2026-09-22 04:07:08 | WARD_B_TEMP_05 | 39.7 | CRITICAL
2026-09-22 04:07:09 | WARD_B_TEMP_01 | 40.3 | CRITICAL
2026-09-22 04:07:09 | WARD_B_TEMP_02 | 38.6 | CRITICAL
2026-09-22 04:07:09 | WARD_B_TEMP_03 | 38.9 | CRITICAL
2026-09-22 04:07:09 | WARD_B_TEMP_04 | 40.1 | CRITICAL
2026-09-22 04:07:09 | WARD_B_TEMP_05 | 39.1 | CRITICAL
2026-09-22 04:07:10 | WARD_B_TEMP_01 | 40.0 | CRITICAL
2026-09-22 04:07:10 | WARD_B_TEMP_02 | 40.0 | CRITICAL
2026-09-22 04:07:10 | WARD_B_TEMP_03 | 38.3 | CRITICAL
2026-09-22 04:07:10 | WARD_B_TEMP_04 | 37.7 | WARNING
2026-09-22 04:07:10 | WARD_B_TEMP_05 | 39.8 | CRITICAL
2026-09-22 04:07:11 | WARD_B_TEMP_01 | 36.0 | NORMAL
2026-09-22 04:07:11 | WARD_B_TEMP_02 | 40.0 | CRITICAL
2026-09-22 04:07:11 | WARD_B_TEMP_03 | 37.1 | NORMAL
2026-09-22 04:07:11 | WARD_B_TEMP_04 | 37.0 | NORMAL
2026-09-22 04:07:11 | WARD_B_TEMP_05 | 36.3 | NORMAL
2026-09-22 04:07:12 | WARD_B_TEMP_01 | 39.5 | CRITICAL
2026-09-22 04:07:12 | WARD_B_TEMP_02 | 38.3 | CRITICAL
2026-09-22 04:07:12 | WARD_B_TEMP_03 | 36.4 | NORMAL
2026-09-22 04:07:12 | WARD_B_TEMP_04 | 36.6 | NORMAL
2026-09-22 04:07:12 | WARD_B_TEMP_05 | 36.2 | NORMAL
2026-09-22 04:07:13 | WARD_B_TEMP_01 | 37.9 | WARNING
2026-09-22 04:07:13 | WARD_B_TEMP_02 | 38.7 | CRITICAL
2026-09-22 04:07:13 | WARD_B_TEMP_03 | 39.3 | CRITICAL
2026-09-22 04:07:13 | WARD_B_TEMP_04 | 34.9 | CRITICAL
2026-09-22 04:07:13 | WARD_B_TEMP_05 | 38.4 | CRITICAL
2026-09-22 04:07:14 | WARD_B_TEMP_01 | 40.1 | CRITICAL
2026-09-22 04:07:14 | WARD_B_TEMP_02 | 38.1 | CRITICAL
2026-09-22 04:07:14 | WARD_B_TEMP_03 | 36.2 | NORMAL
2026-09-22 04:07:14 | WARD_B_TEMP_04 | 36.9 | NORMAL
2026-09-22 04:07:14 | WARD_B_TEMP_05 | 40.3 | CRITICAL
2026-09-22 04:07:15 | WARD_B_TEMP_01 | 38.4 | CRITICAL
2026-09-22 04:07:15 | WARD_B_TEMP_02 | 35.7 | NORMAL
2026-09-22 04:07:15 | WARD_B_TEMP_03 | 34.7 | CRITICAL
2026-09-22 04:07:15 | WARD_B_TEMP_04 | 39.1 | CRITICAL
2026-09-22 04:07:15 | WARD_B_TEMP_05 | 36.0 | NORMAL
2026-09-22 04:07:16 | WARD_B_TEMP_01 | 36.8 | NORMAL
2026-09-22 04:07:16 | WARD_B_TEMP_02 | 36.7 | NORMAL
2026-09-22 04:07:16 | WARD_B_TEMP_03 | 36.5 | NORMAL
2026-09-22 04:07:16 | WARD_B_TEMP_04 | 35.5 | NORMAL
2026-09-22 04:07:16 | WARD_B_TEMP_05 | 36.0 | NORMAL
2026-09-22 04:07:17 | WARD_B_TEMP_01 | 36.4 | NORMAL
2026-09-22 04:07:17 | WARD_B_TEMP_02 | 36.4 | NORMAL
2026-09-22 04:07:17 | WARD_B_TEMP_03 | 35.3 | CRITICAL
2026-09-22 04:07:17 | WARD_B_TEMP_04 | 37.7 | WARNING
2026-09-22 04:07:17 | WARD_B_TEMP_05 | 40.1 | CRITICAL
2026-09-22 04:07:18 | WARD_B_TEMP_01 | 34.5 | CRITICAL
2026-09-22 04:07:18 | WARD_B_TEMP_02 | 38.1 | CRITICAL
2026-09-22 04:07:18 | WARD_B_TEMP_03 | 40.4 | CRITICAL
2026-09-22 04:07:18 | WARD_B_TEMP_04 | 36.7 | NORMAL
2026-09-22 04:07:18 | WARD_B_TEMP_05 | 36.1 | NORMAL
2026-09-22 04:07:19 | WARD_B_TEMP_01 | 36.8 | NORMAL
2026-09-22 04:07:19 | WARD_B_TEMP_02 | 38.5 | CRITICAL
2026-09-22 04:07:19 | WARD_B_TEMP_03 | 38.3 | CRITICAL
2026-09-22 04:07:19 | WARD_B_TEMP_04 | 35.9 | NORMAL
2026-09-22 04:07:19 | WARD_B_TEMP_05 | 36.0 | NORMAL
2026-09-22 04:07:20 | WARD_B_TEMP_01 | 39.4 | CRITICAL
2026-09-22 04:07:20 | WARD_B_TEMP_02 | 37.0 | NORMAL
2026-09-22 04:07:20 | WARD_B_TEMP_03 | 38.7 | CRITICAL
2026-09-22 04:07:20 | WARD_B_TEMP_04 | 37.7 | WARNING
2026-09-22 04:07:20 | WARD_B_TEMP_05 | 36.6 | NORMAL
2026-09-22 04:07:21 | WARD_B_TEMP_01 | 36.5 | NORMAL
2026-09-22 04:07:21 | WARD_B_TEMP_02 | 37.8 | WARNING
2026-09-22 04:07:21 | WARD_B_TEMP_03 | 36.6 | NORMAL
2026-09-22 04:07:21 | WARD_B_TEMP_04 | 36.0 | NORMAL
2026-09-22 04:07:21 | WARD_B_TEMP_05 | 36.3 | NORMAL
2026-09-22 04:07:22 | WARD_B_TEMP_01 | 34.7 | CRITICAL
2026-09-22 04:07:22 | WARD_B_TEMP_02 | 38.1 | CRITICAL
2026-09-22 04:07:22 | WARD_B_TEMP_03 | 39.8 | CRITICAL
2026-09-22 04:07:22 | WARD_B_TEMP_04 | 38.7 | CRITICAL
2026-09-22 04:07:22 | WARD_B_TEMP_05 | 36.2 | NORMAL
2026-09-22 04:07:23 | WARD_B_TEMP_01 | 37.7 | WARNING
2026-09-22 04:07:23 | WARD_B_TEMP_02 | 37.0 | NORMAL
2026-09-22 04:07:23 | WARD_B_TEMP_03 | 34.6 | CRITICAL
2026-09-22 04:07:23 | WARD_B_TEMP_04 | 39.9 | CRITICAL
2026-09-22 04:07:23 | WARD_B_TEMP_05 | 35.3 | CRITICAL
2026-09-22 04:07:24 | WARD_B_TEMP_01 | 39.5 | CRITICAL
2026-09-22 04:07:24 | WARD_B_TEMP_02 | 36.3 | NORMAL
2026-09-22 04:07:24 | WARD_B_TEMP_03 | 36.1 | NORMAL
2026-09-22 04:07:24 | WARD_B_TEMP_04 | 37.5 | WARNING
2026-09-22 04:07:24 | WARD_B_TEMP_05 | 38.6 | CRITICAL
2026-09-22 04:07:25 | WARD_B_TEMP_01 | 35.9 | NORMAL
2026-09-22 04:07:25 | WARD_B_TEMP_02 | 36.6 | NORMAL
2026-09-22 04:07:25 | WARD_B_TEMP_03 | 37.1 | NORMAL
2026-09-22 04:07:25 | WARD_B_TEMP_04 | 35.5 | NORMAL
2026-09-22 04:07:25 | WARD_B_TEMP_05 | 37.8 | WARNING
2026-09-22 04:07:26 | WARD_B_TEMP_01 | 38.1 | CRITICAL
2026-09-22 04:07:26 | WARD_B_TEMP_02 | 37.4 | NORMAL
2026-09-22 04:07:26 | WARD_B_TEMP_03 | 34.6 | CRITICAL
2026-09-22 04:07:26 | WARD_B_TEMP_04 | 35.4 | CRITICAL
2026-09-22 04:07:26 | WARD_B_TEMP_05 | 37.5 | WARNING
2026-09-22 04:07:27 | WARD_B_TEMP_01 | 35.8 | NORMAL
2026-09-22 04:07:27 | WARD_B_TEMP_02 | 36.6 | NORMAL
2026-09-22 04:07:27 | WARD_B_TEMP_03 | 37.1 | NORMAL
2026-09-22 04:07:27 | WARD_B_TEMP_04 | 34.7 | CRITICAL
2026-09-22 04:07:27 | WARD_B_TEMP_05 | 38.4 | CRITICAL
2026-09-22 04:07:28 | WARD_B_TEMP_01 | 36.8 | NORMAL
2026-09-22 04:07:28 | WARD_B_TEMP_02 | 38.7 | CRITICAL
2026-09-22 04:07:28 | WARD_B_TEMP_03 | 36.6 | NORMAL
2026-09-22 04:07:28 | WARD_B_TEMP_04 | 36.9 | NORMAL
2026-09-22 04:07:28 | WARD_B_TEMP_05 | 37.9 | WARNING
2026-09-22 04:07:29 | WARD_B_TEMP_01 | 39.6 | CRITICAL
2026-09-22 04:07:29 | WARD_B_TEMP_02 | 39.5 | CRITICAL
2026-09-22 04:07:29 | WARD_B_TEMP_03 | 38.2 | CRITICAL
2026-09-22 04:07:29 | WARD_B_TEMP_04 | 36.7 | NORMAL
2026-09-22 04:07:29 | WARD_B_TEMP_05 | 39.9 | CRITICAL
2026-09-22 04:07:30 | WARD_B_TEMP_01 | 38.1 | CRITICAL
2026-09-22 04:07:30 | WARD_B_TEMP_02 | 37.5 | WARNING
2026-09-22 04:07:30 | WARD_B_TEMP_03 | 37.1 | NORMAL
2026-09-22 04:07:30 | WARD_B_TEMP_04 | 39.4 | CRITICAL
2026-09-22 04:07:30 | WARD_B_TEMP_05 | 40.1 | CRITICAL
2026-09-22 04:07:31 | WARD_B_TEMP_01 | 37.5 | WARNING
2026-09-22 04:07:31 | WARD_B_TEMP_02 | 38.6 | CRITICAL
2026-09-22 04:07:31 | WARD_B_TEMP_03 | 39.8 | CRITICAL
2026-09-22 04:07:31 | WARD_B_TEMP_04 | 36.4 | NORMAL
2026-09-22 04:07:31 | WARD_B_TEMP_05 | 36.0 | NORMAL
2026-09-22 04:07:32 | WARD_B_TEMP_01 | 38.5 | CRITICAL
2026-09-22 04:07:32 | WARD_B_TEMP_02 | 35.3 | CRITICAL
2026-09-22 04:07:32 | WARD_B_TEMP_03 | 37.3 | NORMAL
2026-09-22 04:07:32 | WARD_B_TEMP_04 | 39.6 | CRITICAL
2026-09-22 04:07:32 | WARD_B_TEMP_05 | 40.3 | CRITICAL
2026-09-22 04:07:33 | WARD_B_TEMP_01 | 35.6 | NORMAL
2026-09-22 04:07:33 | WARD_B_TEMP_02 | 38.7 | CRITICAL
2026-09-22 04:07:33 | WARD_B_TEMP_03 | 40.0 | CRITICAL
2026-09-22 04:07:33 | WARD_B_TEMP_04 | 36.7 | NORMAL
2026-09-22 04:07:33 | WARD_B_TEMP_05 | 36.4 | NORMAL
2026-09-22 04:07:34 | WARD_B_TEMP_01 | 35.3 | CRITICAL
2026-09-22 04:07:34 | WARD_B_TEMP_02 | 40.1 | CRITICAL
2026-09-22 04:07:34 | WARD_B_TEMP_03 | 39.0 | CRITICAL
2026-09-22 04:07:34 | WARD_B_TEMP_04 | 35.0 | CRITICAL
2026-09-22 04:07:34 | WARD_B_TEMP_05 | 36.0 | NORMAL
2026-09-22 04:07:35 | WARD_B_TEMP_01 | 35.2 | CRITICAL
2026-09-22 04:07:35 | WARD_B_TEMP_02 | 38.3 | CRITICAL
2026-09-22 04:07:35 | WARD_B_TEMP_03 | 35.3 | CRITICAL
2026-09-22 04:07:35 | WARD_B_TEMP_04 | 38.0 | WARNING
2026-09-22 04:07:35 | WARD_B_TEMP_05 | 39.6 | CRITICAL
2026-09-22 04:07:36 | WARD_B_TEMP_01 | 37.0 | NORMAL
2026-09-22 04:07:36 | WARD_B_TEMP_02 | 38.2 | CRITICAL
2026-09-22 04:07:36 | WARD_B_TEMP_03 | 38.8 | CRITICAL
2026-09-22 04:07:36 | WARD_B_TEMP_04 | 35.0 | CRITICAL
2026-09-22 04:07:36 | WARD_B_TEMP_05 | 35.2 | CRITICAL
2026-09-22 04:07:37 | WARD_B_TEMP_01 | 38.7 | CRITICAL
2026-09-22 04:07:37 | WARD_B_TEMP_02 | 36.2 | NORMAL
2026-09-22 04:07:37 | WARD_B_TEMP_03 | 39.0 | CRITICAL
2026-09-22 04:07:37 | WARD_B_TEMP_04 | 37.8 | WARNING
2026-09-22 04:07:37 | WARD_B_TEMP_05 | 39.4 | CRITICAL
2026-09-22 04:07:38 | WARD_B_TEMP_01 | 35.8 | NORMAL
2026-09-22 04:07:38 | WARD_B_TEMP_02 | 35.0 | CRITICAL
2026-09-22 04:07:38 | WARD_B_TEMP_03 | 37.7 | WARNING
2026-09-22 04:07:38 | WARD_B_TEMP_04 | 36.8 | NORMAL
2026-09-22 04:07:38 | WARD_B_TEMP_05 | 35.6 | NORMAL
2026-09-22 04:07:39 | WARD_B_TEMP_01 | 37.4 | NORMAL
2026-09-22 04:07:39 | WARD_B_TEMP_02 | 38.4 | CRITICAL
2026-09-22 04:07:39 | WARD_B_TEMP_03 | 35.0 | CRITICAL
2026-09-22 04:07:39 | WARD_B_TEMP_04 | 35.9 | NORMAL
2026-09-22 04:07:39 | WARD_B_TEMP_05 | 37.7 | WARNING
2026-09-22 04:07:40 | WARD_B_TEMP_01 | 36.3 | NORMAL
2026-09-22 04:07:40 | WARD_B_TEMP_02 | 37.3 | NORMAL
2026-09-22 04:07:40 | WARD_B_TEMP_03 | 40.2 | CRITICAL
2026-09-22 04:07:40 | WARD_B_TEMP_04 | 36.4 | NORMAL
2026-09-22 04:07:40 | WARD_B_TEMP_05 | 36.5 | NORMAL
2026-09-22 04:07:41 | WARD_B_TEMP_01 | 35.9 | NORMAL
2026-09-22 04:07:41 | WARD_B_TEMP_02 | 38.7 | CRITICAL
2026-09-22 04:07:41 | WARD_B_TEMP_03 | 37.0 | NORMAL
2026-09-22 04:07:41 | WARD_B_TEMP_04 | 35.6 | NORMAL
2026-09-22 04:07:41 | WARD_B_TEMP_05 | 38.4 | CRITICAL
2026-09-22 04:07:42 | WARD_B_TEMP_01 | 36.0 | NORMAL
2026-09-22 04:07:42 | WARD_B_TEMP_02 | 39.1 | CRITICAL
2026-09-22 04:07:42 | WARD_B_TEMP_03 | 36.4 | NORMAL
2026-09-22 04:07:42 | WARD_B_TEMP_04 | 35.8 | NORMAL
2026-09-22 04:07:42 | WARD_B_TEMP_05 | 36.1 | NORMAL
2026-09-22 04:07:43 | WARD_B_TEMP_01 | 39.0 | CRITICAL
2026-09-22 04:07:43 | WARD_B_TEMP_02 | 40.0 | CRITICAL
2026-09-22 04:07:43 | WARD_B_TEMP_03 | 35.6 | NORMAL
2026-09-22 04:07:43 | WARD_B_TEMP_04 | 34.9 | CRITICAL
2026-09-22 04:07:43 | WARD_B_TEMP_05 | 35.9 | NORMAL
2026-09-22 04:07:44 | WARD_B_TEMP_01 | 36.6 | NORMAL
2026-09-22 04:07:44 | WARD_B_TEMP_02 | 34.6 | CRITICAL
2026-09-22 04:07:44 | WARD_B_TEMP_03 | 37.9 | WARNING
2026-09-22 04:07:44 | WARD_B_TEMP_04 | 36.8 | NORMAL
2026-09-22 04:07:44 | WARD_B_TEMP_05 | 39.2 | CRITICAL
2026-09-22 04:07:45 | WARD_B_TEMP_01 | 35.1 | CRITICAL
2026-09-22 04:07:45 | WARD_B_TEMP_02 | 40.2 | CRITICAL
2026-09-22 04:07:45 | WARD_B_TEMP_03 | 38.5 | CRITICAL
2026-09-22 04:07:45 | WARD_B_TEMP_04 | 36.4 | NORMAL
2026-09-22 04:07:45 | WARD_B_TEMP_05 | 40.1 | CRITICAL
2026-09-22 04:07:46 | WARD_B_TEMP_01 | 37.4 | NORMAL
2026-09-22 04:07:46 | WARD_B_TEMP_02 | 38.9 | CRITICAL
2026-09-22 04:07:46 | WARD_B_TEMP_03 | 36.4 | NORMAL
2026-09-22 04:07:46 | WARD_B_TEMP_04 | 35.2 | CRITICAL
2026-09-22 04:07:46 | WARD_B_TEMP_05 | 38.8 | CRITICAL
2026-09-22 04:07:47 | WARD_B_TEMP_01 | 38.9 | CRITICAL
2026-09-22 04:07:47 | WARD_B_TEMP_02 | 36.7 | NORMAL
2026-09-22 04:07:47 | WARD_B_TEMP_03 | 37.6 | WARNING
2026-09-22 04:07:47 | WARD_B_TEMP_04 | 40.0 | CRITICAL
2026-09-22 04:07:47 | WARD_B_TEMP_05 | 36.9 | NORMAL
2026-09-22 04:07:48 | WARD_B_TEMP_01 | 34.6 | CRITICAL
2026-09-22 04:07:48 | WARD_B_TEMP_02 | 36.5 | NORMAL
2026-09-22 04:07:48 | WARD_B_TEMP_03 | 36.7 | NORMAL
2026-09-22 04:07:48 | WARD_B_TEMP_04 | 36.2 | NORMAL
2026-09-22 04:07:48 | WARD_B_TEMP_05 | 37.5 | WARNING
2026-09-22 04:07:49 | WARD_B_TEMP_01 | 36.9 | NORMAL
2026-09-22 04:07:49 | WARD_B_TEMP_02 | 38.8 | CRITICAL
2026-09-22 04:07:49 | WARD_B_TEMP_03 | 36.0 | NORMAL
2026-09-22 04:07:49 | WARD_B_TEMP_04 | 36.5 | NORMAL
2026-09-22 04:07:49 | WARD_B_TEMP_05 | 39.5 | CRITICAL
2026-09-22 04:07:50 | WARD_B_TEMP_01 | 37.2 | NORMAL
2026-09-22 04:07:50 | WARD_B_TEMP_02 | 35.3 | CRITICAL
2026-09-22 04:07:50 | WARD_B_TEMP_03 | 36.3 | NORMAL
2026-09-22 04:07:50 | WARD_B_TEMP_04 | 36.4 | NORMAL
2026-09-22 04:07:50 | WARD_B_TEMP_05 | 40.1 | CRITICAL
2026-09-22 04:07:51 | WARD_B_TEMP_01 | 34.6 | CRITICAL
2026-09-22 04:07:51 | WARD_B_TEMP_02 | 39.1 | CRITICAL
2026-09-22 04:07:51 | WARD_B_TEMP_03 | 37.7 | WARNING
2026-09-22 04:07:51 | WARD_B_TEMP_04 | 40.4 | CRITICAL
2026-09-22 04:07:51 | WARD_B_TEMP_05 | 36.1 | NORMAL
2026-09-22 04:07:52 | WARD_B_TEMP_01 | 37.3 | NORMAL
2026-09-22 04:07:52 | WARD_B_TEMP_02 | 38.7 | CRITICAL
2026-09-22 04:07:52 | WARD_B_TEMP_03 | 37.3 | NORMAL
2026-09-22 04:07:52 | WARD_B_TEMP_04 | 36.6 | NORMAL
2026-09-22 04:07:52 | WARD_B_TEMP_05 | 36.4 | NORMAL
2026-09-22 04:07:53 | WARD_B_TEMP_01 | 36.8 | NORMAL
2026-09-22 04:07:53 | WARD_B_TEMP_02 | 37.1 | NORMAL
2026-09-22 04:07:53 | WARD_B_TEMP_03 | 39.0 | CRITICAL
2026-09-22 04:07:53 | WARD_B_TEMP_04 | 37.3 | NORMAL
2026-09-22 04:07:53 | WARD_B_TEMP_05 | 39.5 | CRITICAL
2026-09-22 04:07:55 | WARD_B_TEMP_01 | 37.2 | NORMAL
2026-09-22 04:07:55 | WARD_B_TEMP_02 | 36.3 | NORMAL
2026-09-22 04:07:55 | WARD_B_TEMP_03 | 38.6 | CRITICAL
2026-09-22 04:07:55 | WARD_B_TEMP_04 | 36.7 | NORMAL
2026-09-22 04:07:55 | WARD_B_TEMP_05 | 35.7 | NORMAL
2026-09-22 04:07:56 | WARD_B_TEMP_01 | 37.6 | WARNING
2026-09-22 04:07:56 | WARD_B_TEMP_02 | 37.3 | NORMAL
2026-09-22 04:07:56 | WARD_B_TEMP_03 | 40.4 | CRITICAL
2026-09-22 04:07:56 | WARD_B_TEMP_04 | 36.3 | NORMAL
2026-09-22 04:07:56 | WARD_B_TEMP_05 | 35.5 | NORMAL
2026-09-22 04:07:57 | WARD_B_TEMP_01 | 36.1 | NORMAL
2026-09-22 04:07:57 | WARD_B_TEMP_02 | 38.4 | CRITICAL
2026-09-22 04:07:57 | WARD_B_TEMP_03 | 39.3 | CRITICAL
2026-09-22 04:07:57 | WARD_B_TEMP_04 | 38.0 | WARNING
2026-09-22 04:07:57 | WARD_B_TEMP_05 | 35.4 | CRITICAL
2026-09-22 04:07:58 | WARD_B_TEMP_01 | 37.5 | WARNING
2026-09-22 04:07:58 | WARD_B_TEMP_02 | 40.4 | CRITICAL
2026-09-22 04:07:58 | WARD_B_TEMP_03 | 35.9 | NORMAL
2026-09-22 04:07:58 | WARD_B_TEMP_04 | 38.6 | CRITICAL
2026-09-22 04:07:58 | WARD_B_TEMP_05 | 38.5 | CRITICAL
2026-09-22 04:07:59 | WARD_B_TEMP_01 | 34.5 | CRITICAL
2026-09-22 04:07:59 | WARD_B_TEMP_02 | 35.6 | NORMAL
2026-09-22 04:07:59 | WARD_B_TEMP_03 | 37.1 | NORMAL
2026-09-22 04:07:59 | WARD_B_TEMP_04 | 37.7 | WARNING
2026-09-22 04:07:59 | WARD_B_TEMP_05 | 36.9 | NORMAL
2026-09-22 04:08:00 | WARD_B_TEMP_01 | 36.2 | NORMAL
2026-09-22 04:08:00 | WARD_B_TEMP_02 | 38.4 | CRITICAL
2026-09-22 04:08:00 | WARD_B_TEMP_03 | 35.4 | CRITICAL
2026-09-22 04:08:00 | WARD_B_TEMP_04 | 35.4 | CRITICAL
2026-09-22 04:08:00 | WARD_B_TEMP_05 | 39.9 | CRITICAL
2026-09-22 04:08:01 | WARD_B_TEMP_01 | 36.2 | NORMAL
2026-09-22 04:08:01 | WARD_B_TEMP_02 | 37.4 | NORMAL
2026-09-22 04:08:01 | WARD_B_TEMP_03 | 40.1 | CRITICAL
2026-09-22 04:08:01 | WARD_B_TEMP_04 | 38.3 | CRITICAL
2026-09-22 04:08:01 | WARD_B_TEMP_05 | 36.8 | NORMAL
2026-09-22 04:08:02 | WARD_B_TEMP_01 | 34.7 | CRITICAL
2026-09-22 04:08:02 | WARD_B_TEMP_02 | 39.8 | CRITICAL
2026-09-22 04:08:02 | WARD_B_TEMP_03 | 38.4 | CRITICAL
2026-09-22 04:08:02 | WARD_B_TEMP_04 | 38.2 | CRITICAL
2026-09-22 04:08:02 | WARD_B_TEMP_05 | 36.5 | NORMAL
2026-09-22 04:08:03 | WARD_B_TEMP_01 | 37.6 | WARNING
2026-09-22 04:08:03 | WARD_B_TEMP_02 | 37.4 | NORMAL
2026-09-22 04:08:03 | WARD_B_TEMP_03 | 36.9 | NORMAL
2026-09-22 04:08:03 | WARD_B_TEMP_04 | 35.7 | NORMAL
2026-09-22 04:08:03 | WARD_B_TEMP_05 | 35.9 | NORMAL
2026-09-22 04:08:04 | WARD_B_TEMP_01 | 35.2 | CRITICAL
2026-09-22 04:08:04 | WARD_B_TEMP_02 | 37.9 | WARNING
2026-09-22 04:08:04 | WARD_B_TEMP_03 | 37.0 | NORMAL
2026-09-22 04:08:04 | WARD_B_TEMP_04 | 38.2 | CRITICAL
2026-09-22 04:08:04 | WARD_B_TEMP_05 | 39.8 | CRITICAL
2026-09-22 04:08:05 | WARD_B_TEMP_01 | 39.4 | CRITICAL
2026-09-22 04:08:05 | WARD_B_TEMP_02 | 39.5 | CRITICAL
2026-09-22 04:08:05 | WARD_B_TEMP_03 | 37.4 | NORMAL
2026-09-22 04:08:05 | WARD_B_TEMP_04 | 40.4 | CRITICAL
2026-09-22 04:08:05 | WARD_B_TEMP_05 | 35.6 | NORMAL
2026-09-22 04:08:06 | WARD_B_TEMP_01 | 40.0 | CRITICAL
2026-09-22 04:08:06 | WARD_B_TEMP_02 | 39.6 | CRITICAL
2026-09-22 04:08:06 | WARD_B_TEMP_03 | 36.3 | NORMAL
2026-09-22 04:08:06 | WARD_B_TEMP_04 | 38.2 | CRITICAL
2026-09-22 04:08:06 | WARD_B_TEMP_05 | 39.5 | CRITICAL
2026-09-22 04:08:07 | WARD_B_TEMP_01 | 37.5 | WARNING
2026-09-22 04:08:07 | WARD_B_TEMP_02 | 38.7 | CRITICAL
2026-09-22 04:08:07 | WARD_B_TEMP_03 | 37.4 | NORMAL
2026-09-22 04:08:07 | WARD_B_TEMP_04 | 36.7 | NORMAL
2026-09-22 04:08:07 | WARD_B_TEMP_05 | 35.2 | CRITICAL
2026-09-22 04:08:08 | WARD_B_TEMP_01 | 37.6 | WARNING
2026-09-22 04:08:08 | WARD_B_TEMP_02 | 35.3 | CRITICAL
2026-09-22 04:08:08 | WARD_B_TEMP_03 | 40.2 | CRITICAL
2026-09-22 04:08:08 | WARD_B_TEMP_04 | 38.2 | CRITICAL
2026-09-22 04:08:08 | WARD_B_TEMP_05 | 36.9 | NORMAL
2026-09-22 04:08:09 | WARD_B_TEMP_01 | 35.0 | CRITICAL
2026-09-22 04:08:09 | WARD_B_TEMP_02 | 37.9 | WARNING
2026-09-22 04:08:09 | WARD_B_TEMP_03 | 38.6 | CRITICAL
2026-09-22 04:08:09 | WARD_B_TEMP_04 | 37.5 | WARNING
2026-09-22 04:08:09 | WARD_B_TEMP_05 | 37.3 | NORMAL
2026-09-22 04:08:10 | WARD_B_TEMP_01 | 34.6 | CRITICAL
2026-09-22 04:08:10 | WARD_B_TEMP_02 | 39.9 | CRITICAL
2026-09-22 04:08:10 | WARD_B_TEMP_03 | 35.0 | CRITICAL
2026-09-22 04:08:10 | WARD_B_TEMP_04 | 38.0 | WARNING
2026-09-22 04:08:10 | WARD_B_TEMP_05 | 38.8 | CRITICAL
2026-09-22 04:08:11 | WARD_B_TEMP_01 | 39.5 | CRITICAL
2026-09-22 04:08:11 | WARD_B_TEMP_02 | 35.0 | CRITICAL
2026-09-22 04:08:11 | WARD_B_TEMP_03 | 38.4 | CRITICAL
2026-09-22 04:08:11 | WARD_B_TEMP_04 | 38.7 | CRITICAL
2026-09-22 04:08:11 | WARD_B_TEMP_05 | 35.8 | NORMAL
2026-09-22 04:08:12 | WARD_B_TEMP_01 | 35.7 | NORMAL
2026-09-22 04:08:12 | WARD_B_TEMP_02 | 36.8 | NORMAL
2026-09-22 04:08:12 | WARD_B_TEMP_03 | 37.2 | NORMAL
2026-09-22 04:08:12 | WARD_B_TEMP_04 | 39.8 | CRITICAL
2026-09-22 04:08:12 | WARD_B_TEMP_05 | 34.9 | CRITICAL
2026-09-22 04:08:13 | WARD_B_TEMP_01 | 36.5 | NORMAL
2026-09-22 04:08:13 | WARD_B_TEMP_02 | 36.3 | NORMAL
2026-09-22 04:08:13 | WARD_B_TEMP_03 | 37.0 | NORMAL
2026-09-22 04:08:13 | WARD_B_TEMP_04 | 37.8 | WARNING
2026-09-22 04:08:13 | WARD_B_TEMP_05 | 39.9 | CRITICAL
2026-09-22 04:08:14 | WARD_B_TEMP_01 | 36.8 | NORMAL
2026-09-22 04:08:14 | WARD_B_TEMP_02 | 37.7 | WARNING
2026-09-22 04:08:14 | WARD_B_TEMP_03 | 37.4 | NORMAL
2026-09-22 04:08:14 | WARD_B_TEMP_04 | 38.3 | CRITICAL
2026-09-22 04:08:14 | WARD_B_TEMP_05 | 35.1 | CRITICAL
2026-09-22 04:08:15 | WARD_B_TEMP_01 | 36.3 | NORMAL
2026-09-22 04:08:15 | WARD_B_TEMP_02 | 36.8 | NORMAL
2026-09-22 04:08:15 | WARD_B_TEMP_03 | 39.8 | CRITICAL
2026-09-22 04:08:15 | WARD_B_TEMP_04 | 38.0 | WARNING
2026-09-22 04:08:15 | WARD_B_TEMP_05 | 35.4 | CRITICAL
2026-09-22 04:08:16 | WARD_B_TEMP_01 | 37.4 | NORMAL
2026-09-22 04:08:16 | WARD_B_TEMP_02 | 35.0 | CRITICAL
2026-09-22 04:08:16 | WARD_B_TEMP_03 | 38.4 | CRITICAL
2026-09-22 04:08:16 | WARD_B_TEMP_04 | 37.9 | WARNING
2026-09-22 04:08:16 | WARD_B_TEMP_05 | 38.1 | CRITICAL
2026-09-22 04:08:17 | WARD_B_TEMP_01 | 36.7 | NORMAL
2026-09-22 04:08:17 | WARD_B_TEMP_02 | 35.2 | CRITICAL
2026-09-22 04:08:17 | WARD_B_TEMP_03 | 35.1 | CRITICAL
2026-09-22 04:08:17 | WARD_B_TEMP_04 | 40.5 | CRITICAL
2026-09-22 04:08:17 | WARD_B_TEMP_05 | 40.2 | CRITICAL
2026-09-22 04:08:18 | WARD_B_TEMP_01 | 35.7 | NORMAL
2026-09-22 04:08:18 | WARD_B_TEMP_02 | 38.8 | CRITICAL
2026-09-22 04:08:18 | WARD_B_TEMP_03 | 36.3 | NORMAL
2026-09-22 04:08:18 | WARD_B_TEMP_04 | 38.4 | CRITICAL
2026-09-22 04:08:18 | WARD_B_TEMP_05 | 36.5 | NORMAL
2026-09-22 04:08:19 | WARD_B_TEMP_01 | 39.1 | CRITICAL
2026-09-22 04:08:19 | WARD_B_TEMP_02 | 38.5 | CRITICAL
2026-09-22 04:08:19 | WARD_B_TEMP_03 | 38.7 | CRITICAL
2026-09-22 04:08:19 | WARD_B_TEMP_04 | 34.6 | CRITICAL
2026-09-22 04:08:19 | WARD_B_TEMP_05 | 35.6 | NORMAL
2026-09-22 04:08:20 | WARD_B_TEMP_01 | 35.5 | NORMAL
2026-09-22 04:08:20 | WARD_B_TEMP_02 | 35.8 | NORMAL
2026-09-22 04:08:20 | WARD_B_TEMP_03 | 35.2 | CRITICAL
2026-09-22 04:08:20 | WARD_B_TEMP_04 | 40.0 | CRITICAL
2026-09-22 04:08:20 | WARD_B_TEMP_05 | 39.0 | CRITICAL
2026-09-22 04:08:21 | WARD_B_TEMP_01 | 37.0 | NORMAL
2026-09-22 04:08:21 | WARD_B_TEMP_02 | 35.5 | NORMAL
2026-09-22 04:08:21 | WARD_B_TEMP_03 | 35.5 | NORMAL
2026-09-22 04:08:21 | WARD_B_TEMP_04 | 34.7 | CRITICAL
2026-09-22 04:08:21 | WARD_B_TEMP_05 | 35.2 | CRITICAL
2026-09-22 04:08:22 | WARD_B_TEMP_01 | 39.9 | CRITICAL
2026-09-22 04:08:22 | WARD_B_TEMP_02 | 34.8 | CRITICAL
2026-09-22 04:08:22 | WARD_B_TEMP_03 | 40.1 | CRITICAL
2026-09-22 04:08:22 | WARD_B_TEMP_04 | 35.6 | NORMAL
2026-09-22 04:08:22 | WARD_B_TEMP_05 | 38.4 | CRITICAL
2026-09-22 04:08:23 | WARD_B_TEMP_01 | 36.1 | NORMAL
2026-09-22 04:08:23 | WARD_B_TEMP_02 | 36.3 | NORMAL
2026-09-22 04:08:23 | WARD_B_TEMP_03 | 35.2 | CRITICAL
2026-09-22 04:08:23 | WARD_B_TEMP_04 | 38.5 | CRITICAL
2026-09-22 04:08:23 | WARD_B_TEMP_05 | 36.2 | NORMAL
2026-09-22 04:08:24 | WARD_B_TEMP_01 | 40.4 | CRITICAL
2026-09-22 04:08:24 | WARD_B_TEMP_02 | 39.0 | CRITICAL
2026-09-22 04:08:24 | WARD_B_TEMP_03 | 38.1 | CRITICAL
2026-09-22 04:08:24 | WARD_B_TEMP_04 | 35.2 | CRITICAL
2026-09-22 04:08:24 | WARD_B_TEMP_05 | 34.5 | CRITICAL
2026-09-22 04:08:25 | WARD_B_TEMP_01 | 35.6 | NORMAL
2026-09-22 04:08:25 | WARD_B_TEMP_02 | 37.2 | NORMAL
2026-09-22 04:08:25 | WARD_B_TEMP_03 | 36.9 | NORMAL
2026-09-22 04:08:25 | WARD_B_TEMP_04 | 38.8 | CRITICAL
2026-09-22 04:08:25 | WARD_B_TEMP_05 | 39.5 | CRITICAL
2026-09-22 04:08:26 | WARD_B_TEMP_01 | 34.8 | CRITICAL
2026-09-22 04:08:26 | WARD_B_TEMP_02 | 36.9 | NORMAL
2026-09-22 04:08:26 | WARD_B_TEMP_03 | 37.8 | WARNING
2026-09-22 04:08:26 | WARD_B_TEMP_04 | 37.8 | WARNING
2026-09-22 04:08:26 | WARD_B_TEMP_05 | 36.3 | NORMAL
2026-09-22 04:08:27 | WARD_B_TEMP_01 | 39.2 | CRITICAL
2026-09-22 04:08:27 | WARD_B_TEMP_02 | 36.3 | NORMAL
2026-09-22 04:08:27 | WARD_B_TEMP_03 | 38.9 | CRITICAL
2026-09-22 04:08:27 | WARD_B_TEMP_04 | 38.0 | WARNING
2026-09-22 04:08:27 | WARD_B_TEMP_05 | 37.0 | NORMAL
2026-09-22 04:08:28 | WARD_B_TEMP_01 | 38.3 | CRITICAL
2026-09-22 04:08:28 | WARD_B_TEMP_02 | 38.0 | WARNING
2026-09-22 04:08:28 | WARD_B_TEMP_03 | 39.6 | CRITICAL
2026-09-22 04:08:28 | WARD_B_TEMP_04 | 37.6 | WARNING
2026-09-22 04:08:28 | WARD_B_TEMP_05 | 38.0 | WARNING
2026-09-22 04:08:29 | WARD_B_TEMP_01 | 34.9 | CRITICAL
2026-09-22 04:08:29 | WARD_B_TEMP_02 | 36.2 | NORMAL
2026-09-22 04:08:29 | WARD_B_TEMP_03 | 40.4 | CRITICAL
2026-09-22 04:08:29 | WARD_B_TEMP_04 | 38.5 | CRITICAL
2026-09-22 04:08:29 | WARD_B_TEMP_05 | 39.0 | CRITICAL
2026-09-22 04:08:30 | WARD_B_TEMP_01 | 36.5 | NORMAL
2026-09-22 04:08:30 | WARD_B_TEMP_02 | 40.5 | CRITICAL
2026-09-22 04:08:30 | WARD_B_TEMP_03 | 39.3 | CRITICAL
2026-09-22 04:08:30 | WARD_B_TEMP_04 | 36.3 | NORMAL
2026-09-22 04:08:30 | WARD_B_TEMP_05 | 36.9 | NORMAL
2026-09-22 04:08:31 | WARD_B_TEMP_01 | 39.1 | CRITICAL
2026-09-22 04:08:31 | WARD_B_TEMP_02 | 38.7 | CRITICAL
2026-09-22 04:08:31 | WARD_B_TEMP_03 | 40.4 | CRITICAL
2026-09-22 04:08:31 | WARD_B_TEMP_04 | 35.1 | CRITICAL
2026-09-22 04:08:31 | WARD_B_TEMP_05 | 35.8 | NORMAL
2026-09-22 04:08:32 | WARD_B_TEMP_01 | 35.6 | NORMAL
2026-09-22 04:08:32 | WARD_B_TEMP_02 | 38.8 | CRITICAL
2026-09-22 04:08:32 | WARD_B_TEMP_03 | 38.6 | CRITICAL
2026-09-22 04:08:32 | WARD_B_TEMP_04 | 35.3 | CRITICAL
2026-09-22 04:08:32 | WARD_B_TEMP_05 | 40.0 | CRITICAL
2026-09-22 04:08:33 | WARD_B_TEMP_01 | 40.0 | CRITICAL
2026-09-22 04:08:33 | WARD_B_TEMP_02 | 37.3 | NORMAL
2026-09-22 04:08:33 | WARD_B_TEMP_03 | 40.4 | CRITICAL
2026-09-22 04:08:33 | WARD_B_TEMP_04 | 35.5 | NORMAL
2026-09-22 04:08:33 | WARD_B_TEMP_05 | 37.6 | WARNING
2026-09-22 04:08:34 | WARD_B_TEMP_01 | 37.4 | NORMAL
2026-09-22 04:08:34 | WARD_B_TEMP_02 | 37.4 | NORMAL
2026-09-22 04:08:34 | WARD_B_TEMP_03 | 37.1 | NORMAL
2026-09-22 04:08:34 | WARD_B_TEMP_04 | 37.1 | NORMAL
2026-09-22 04:08:34 | WARD_B_TEMP_05 | 37.5 | WARNING
2026-09-22 04:08:35 | WARD_B_TEMP_01 | 37.8 | WARNING
2026-09-22 04:08:35 | WARD_B_TEMP_02 | 38.0 | WARNING
2026-09-22 04:08:35 | WARD_B_TEMP_03 | 35.4 | CRITICAL
2026-09-22 04:08:35 | WARD_B_TEMP_04 | 37.1 | NORMAL
2026-09-22 04:08:35 | WARD_B_TEMP_05 | 36.1 | NORMAL
2026-09-22 04:08:36 | WARD_B_TEMP_01 | 35.7 | NORMAL
2026-09-22 04:08:36 | WARD_B_TEMP_02 | 37.7 | WARNING
2026-09-22 04:08:36 | WARD_B_TEMP_03 | 38.8 | CRITICAL
2026-09-22 04:08:36 | WARD_B_TEMP_04 | 39.4 | CRITICAL
2026-09-22 04:08:36 | WARD_B_TEMP_05 | 37.8 | WARNING
2026-09-22 04:08:37 | WARD_B_TEMP_01 | 35.2 | CRITICAL
2026-09-22 04:08:37 | WARD_B_TEMP_02 | 38.5 | CRITICAL
2026-09-22 04:08:37 | WARD_B_TEMP_03 | 37.5 | WARNING
2026-09-22 04:08:37 | WARD_B_TEMP_04 | 40.0 | CRITICAL
2026-09-22 04:08:37 | WARD_B_TEMP_05 | 36.1 | NORMAL
2026-09-22 04:08:38 | WARD_B_TEMP_01 | 34.9 | CRITICAL
2026-09-22 04:08:38 | WARD_B_TEMP_02 | 40.1 | CRITICAL
2026-09-22 04:08:38 | WARD_B_TEMP_03 | 36.5 | NORMAL
2026-09-22 04:08:38 | WARD_B_TEMP_04 | 35.1 | CRITICAL
2026-09-22 04:08:38 | WARD_B_TEMP_05 | 37.1 | NORMAL
2026-09-22 04:08:39 | WARD_B_TEMP_01 | 35.8 | NORMAL
2026-09-22 04:08:39 | WARD_B_TEMP_02 | 37.3 | NORMAL
2026-09-22 04:08:39 | WARD_B_TEMP_03 | 35.5 | NORMAL
2026-09-22 04:08:39 | WARD_B_TEMP_04 | 37.0 | NORMAL
2026-09-22 04:08:39 | WARD_B_TEMP_05 | 35.1 | CRITICAL
2026-09-22 04:08:40 | WARD_B_TEMP_01 | 39.1 | CRITICAL
2026-09-22 04:08:40 | WARD_B_TEMP_02 | 35.8 | NORMAL
2026-09-22 04:08:40 | WARD_B_TEMP_03 | 40.0 | CRITICAL
2026-09-22 04:08:40 | WARD_B_TEMP_04 | 39.0 | CRITICAL
2026-09-22 04:08:40 | WARD_B_TEMP_05 | 35.1 | CRITICAL
2026-09-22 04:08:41 | WARD_B_TEMP_01 | 39.3 | CRITICAL
2026-09-22 04:08:41 | WARD_B_TEMP_02 | 36.8 | NORMAL
2026-09-22 04:08:41 | WARD_B_TEMP_03 | 36.7 | NORMAL
2026-09-22 04:08:41 | WARD_B_TEMP_04 | 37.2 | NORMAL
2026-09-22 04:08:41 | WARD_B_TEMP_05 | 38.3 | CRITICAL
2026-09-22 04:08:42 | WARD_B_TEMP_01 | 38.1 | CRITICAL
2026-09-22 04:08:42 | WARD_B_TEMP_02 | 39.2 | CRITICAL
2026-09-22 04:08:42 | WARD_B_TEMP_03 | 39.1 | CRITICAL
2026-09-22 04:08:42 | WARD_B_TEMP_04 | 35.0 | CRITICAL
2026-09-22 04:08:42 | WARD_B_TEMP_05 | 39.7 | CRITICAL
2026-09-22 04:08:43 | WARD_B_TEMP_01 | 37.0 | NORMAL
2026-09-22 04:08:43 | WARD_B_TEMP_02 | 40.3 | CRITICAL
2026-09-22 04:08:43 | WARD_B_TEMP_03 | 40.4 | CRITICAL
2026-09-22 04:08:43 | WARD_B_TEMP_04 | 35.0 | CRITICAL
2026-09-22 04:08:43 | WARD_B_TEMP_05 | 39.4 | CRITICAL
2026-09-22 04:08:44 | WARD_B_TEMP_01 | 39.0 | CRITICAL
2026-09-22 04:08:44 | WARD_B_TEMP_02 | 34.6 | CRITICAL
2026-09-22 04:08:44 | WARD_B_TEMP_03 | 36.1 | NORMAL
2026-09-22 04:08:44 | WARD_B_TEMP_04 | 40.1 | CRITICAL
2026-09-22 04:08:44 | WARD_B_TEMP_05 | 36.1 | NORMAL
2026-09-22 04:08:45 | WARD_B_TEMP_01 | 35.0 | CRITICAL
2026-09-22 04:08:45 | WARD_B_TEMP_02 | 39.8 | CRITICAL
2026-09-22 04:08:45 | WARD_B_TEMP_03 | 35.5 | NORMAL
2026-09-22 04:08:45 | WARD_B_TEMP_04 | 39.9 | CRITICAL
2026-09-22 04:08:45 | WARD_B_TEMP_05 | 38.6 | CRITICAL
2026-09-22 04:08:46 | WARD_B_TEMP_01 | 35.1 | CRITICAL
2026-09-22 04:08:46 | WARD_B_TEMP_02 | 38.7 | CRITICAL
2026-09-22 04:08:46 | WARD_B_TEMP_03 | 39.2 | CRITICAL
2026-09-22 04:08:46 | WARD_B_TEMP_04 | 37.9 | WARNING
2026-09-22 04:08:46 | WARD_B_TEMP_05 | 34.6 | CRITICAL
2026-09-22 04:08:47 | WARD_B_TEMP_01 | 34.6 | CRITICAL
2026-09-22 04:08:47 | WARD_B_TEMP_02 | 36.8 | NORMAL
2026-09-22 04:08:47 | WARD_B_TEMP_03 | 40.5 | CRITICAL
2026-09-22 04:08:47 | WARD_B_TEMP_04 | 38.4 | CRITICAL
2026-09-22 04:08:47 | WARD_B_TEMP_05 | 37.2 | NORMAL
2026-09-22 04:08:48 | WARD_B_TEMP_01 | 35.1 | CRITICAL
2026-09-22 04:08:48 | WARD_B_TEMP_02 | 36.4 | NORMAL
2026-09-22 04:08:48 | WARD_B_TEMP_03 | 38.2 | CRITICAL
2026-09-22 04:08:48 | WARD_B_TEMP_04 | 34.9 | CRITICAL
2026-09-22 04:08:48 | WARD_B_TEMP_05 | 40.0 | CRITICAL
2026-09-22 04:08:49 | WARD_B_TEMP_01 | 35.4 | CRITICAL
2026-09-22 04:08:49 | WARD_B_TEMP_02 | 36.3 | NORMAL
2026-09-22 04:08:49 | WARD_B_TEMP_03 | 35.1 | CRITICAL
2026-09-22 04:08:49 | WARD_B_TEMP_04 | 36.1 | NORMAL
2026-09-22 04:08:49 | WARD_B_TEMP_05 | 39.8 | CRITICAL
2026-09-22 04:08:50 | WARD_B_TEMP_01 | 38.3 | CRITICAL
2026-09-22 04:08:50 | WARD_B_TEMP_02 | 35.6 | NORMAL
2026-09-22 04:08:50 | WARD_B_TEMP_03 | 38.4 | CRITICAL
2026-09-22 04:08:50 | WARD_B_TEMP_04 | 37.3 | NORMAL
2026-09-22 04:08:50 | WARD_B_TEMP_05 | 38.7 | CRITICAL
2026-09-22 04:08:51 | WARD_B_TEMP_01 | 37.9 | WARNING
2026-09-22 04:08:51 | WARD_B_TEMP_02 | 36.9 | NORMAL
2026-09-22 04:08:51 | WARD_B_TEMP_03 | 38.4 | CRITICAL
2026-09-22 04:08:51 | WARD_B_TEMP_04 | 39.5 | CRITICAL
2026-09-22 04:08:51 | WARD_B_TEMP_05 | 35.9 | NORMAL
2026-09-22 04:08:52 | WARD_B_TEMP_01 | 35.1 | CRITICAL
2026-09-22 04:08:52 | WARD_B_TEMP_02 | 39.9 | CRITICAL
2026-09-22 04:08:52 | WARD_B_TEMP_03 | 40.3 | CRITICAL
2026-09-22 04:08:52 | WARD_B_TEMP_04 | 37.8 | WARNING
2026-09-22 04:08:52 | WARD_B_TEMP_05 | 34.5 | CRITICAL
2026-09-22 04:08:53 | WARD_B_TEMP_01 | 35.7 | NORMAL
2026-09-22 04:08:53 | WARD_B_TEMP_02 | 37.8 | WARNING
2026-09-22 04:08:53 | WARD_B_TEMP_03 | 35.6 | NORMAL
2026-09-22 04:08:53 | WARD_B_TEMP_04 | 38.3 | CRITICAL
2026-09-22 04:08:53 | WARD_B_TEMP_05 | 40.2 | CRITICAL
2026-09-22 04:08:54 | WARD_B_TEMP_01 | 35.4 | CRITICAL
2026-09-22 04:08:54 | WARD_B_TEMP_02 | 36.8 | NORMAL
2026-09-22 04:08:54 | WARD_B_TEMP_03 | 36.4 | NORMAL
2026-09-22 04:08:54 | WARD_B_TEMP_04 | 38.6 | CRITICAL
2026-09-22 04:08:54 | WARD_B_TEMP_05 | 37.7 | WARNING
2026-09-22 04:08:55 | WARD_B_TEMP_01 | 35.7 | NORMAL
2026-09-22 04:08:55 | WARD_B_TEMP_02 | 35.5 | NORMAL
2026-09-22 04:08:55 | WARD_B_TEMP_03 | 38.4 | CRITICAL
2026-09-22 04:08:55 | WARD_B_TEMP_04 | 37.1 | NORMAL
2026-09-22 04:08:55 | WARD_B_TEMP_05 | 37.8 | WARNING
2026-09-22 04:08:56 | WARD_B_TEMP_01 | 38.3 | CRITICAL
2026-09-22 04:08:56 | WARD_B_TEMP_02 | 37.6 | WARNING
2026-09-22 04:08:56 | WARD_B_TEMP_03 | 37.0 | NORMAL
2026-09-22 04:08:56 | WARD_B_TEMP_04 | 37.6 | WARNING
2026-09-22 04:08:56 | WARD_B_TEMP_05 | 36.8 | NORMAL
2026-09-22 04:08:57 | WARD_B_TEMP_01 | 37.8 | WARNING
2026-09-22 04:08:57 | WARD_B_TEMP_02 | 35.1 | CRITICAL
2026-09-22 04:08:57 | WARD_B_TEMP_03 | 39.7 | CRITICAL
2026-09-22 04:08:57 | WARD_B_TEMP_04 | 36.5 | NORMAL
2026-09-22 04:08:57 | WARD_B_TEMP_05 | 37.3 | NORMAL
2026-09-22 04:08:58 | WARD_B_TEMP_01 | 39.9 | CRITICAL
2026-09-22 04:08:58 | WARD_B_TEMP_02 | 40.0 | CRITICAL
2026-09-22 04:08:58 | WARD_B_TEMP_03 | 39.6 | CRITICAL
2026-09-22 04:08:58 | WARD_B_TEMP_04 | 37.5 | WARNING
2026-09-22 04:08:58 | WARD_B_TEMP_05 | 35.3 | CRITICAL
2026-09-22 04:08:59 | WARD_B_TEMP_01 | 35.1 | CRITICAL
2026-09-22 04:08:59 | WARD_B_TEMP_02 | 39.2 | CRITICAL
2026-09-22 04:08:59 | WARD_B_TEMP_03 | 34.8 | CRITICAL
2026-09-22 04:08:59 | WARD_B_TEMP_04 | 40.0 | CRITICAL
2026-09-22 04:08:59 | WARD_B_TEMP_05 | 35.1 | CRITICAL
2026-09-22 04:09:00 | WARD_B_TEMP_01 | 40.1 | CRITICAL
2026-09-22 04:09:00 | WARD_B_TEMP_02 | 36.7 | NORMAL
2026-09-22 04:09:00 | WARD_B_TEMP_03 | 39.4 | CRITICAL
2026-09-22 04:09:00 | WARD_B_TEMP_04 | 38.8 | CRITICAL
2026-09-22 04:09:00 | WARD_B_TEMP_05 | 37.1 | NORMAL
2026-09-22 04:09:01 | WARD_B_TEMP_01 | 38.1 | CRITICAL
2026-09-22 04:09:01 | WARD_B_TEMP_02 | 37.1 | NORMAL
2026-09-22 04:09:01 | WARD_B_TEMP_03 | 40.4 | CRITICAL
2026-09-22 04:09:01 | WARD_B_TEMP_04 | 37.8 | WARNING
2026-09-22 04:09:01 | WARD_B_TEMP_05 | 39.6 | CRITICAL
2026-09-22 04:09:02 | WARD_B_TEMP_01 | 37.6 | WARNING
2026-09-22 04:09:02 | WARD_B_TEMP_02 | 39.8 | CRITICAL
2026-09-22 04:09:02 | WARD_B_TEMP_03 | 39.2 | CRITICAL
2026-09-22 04:09:02 | WARD_B_TEMP_04 | 39.9 | CRITICAL
2026-09-22 04:09:02 | WARD_B_TEMP_05 | 36.4 | NORMAL
2026-09-22 04:09:03 | WARD_B_TEMP_01 | 35.1 | CRITICAL
2026-09-22 04:09:03 | WARD_B_TEMP_02 | 35.6 | NORMAL
2026-09-22 04:09:03 | WARD_B_TEMP_03 | 38.3 | CRITICAL
2026-09-22 04:09:03 | WARD_B_TEMP_04 | 35.0 | CRITICAL
2026-09-22 04:09:03 | WARD_B_TEMP_05 | 35.1 | CRITICAL
2026-09-22 04:09:04 | WARD_B_TEMP_01 | 35.4 | CRITICAL
2026-09-22 04:09:04 | WARD_B_TEMP_02 | 36.1 | NORMAL
2026-09-22 04:09:04 | WARD_B_TEMP_03 | 36.9 | NORMAL
2026-09-22 04:09:04 | WARD_B_TEMP_04 | 36.7 | NORMAL
2026-09-22 04:09:04 | WARD_B_TEMP_05 | 37.3 | NORMAL
2026-09-22 04:09:05 | WARD_B_TEMP_01 | 39.1 | CRITICAL
2026-09-22 04:09:05 | WARD_B_TEMP_02 | 37.2 | NORMAL
2026-09-22 04:09:05 | WARD_B_TEMP_03 | 36.9 | NORMAL
2026-09-22 04:09:05 | WARD_B_TEMP_04 | 35.2 | CRITICAL
2026-09-22 04:09:05 | WARD_B_TEMP_05 | 36.6 | NORMAL
2026-09-22 04:09:06 | WARD_B_TEMP_01 | 36.5 | NORMAL
2026-09-22 04:09:06 | WARD_B_TEMP_02 | 38.6 | CRITICAL
2026-09-22 04:09:06 | WARD_B_TEMP_03 | 40.4 | CRITICAL
2026-09-22 04:09:06 | WARD_B_TEMP_04 | 37.3 | NORMAL
2026-09-22 04:09:06 | WARD_B_TEMP_05 | 40.4 | CRITICAL
2026-09-22 04:09:07 | WARD_B_TEMP_01 | 37.5 | WARNING
2026-09-22 04:09:07 | WARD_B_TEMP_02 | 38.1 | CRITICAL
2026-09-22 04:09:07 | WARD_B_TEMP_03 | 36.4 | NORMAL
2026-09-22 04:09:07 | WARD_B_TEMP_04 | 38.4 | CRITICAL
2026-09-22 04:09:07 | WARD_B_TEMP_05 | 38.0 | WARNING
2026-09-22 04:09:08 | WARD_B_TEMP_01 | 38.5 | CRITICAL
2026-09-22 04:09:08 | WARD_B_TEMP_02 | 39.7 | CRITICAL
2026-09-22 04:09:08 | WARD_B_TEMP_03 | 35.0 | CRITICAL
2026-09-22 04:09:08 | WARD_B_TEMP_04 | 34.7 | CRITICAL
2026-09-22 04:09:08 | WARD_B_TEMP_05 | 37.0 | NORMAL
2026-09-22 04:09:09 | WARD_B_TEMP_01 | 39.9 | CRITICAL
2026-09-22 04:09:09 | WARD_B_TEMP_02 | 39.6 | CRITICAL
2026-09-22 04:09:09 | WARD_B_TEMP_03 | 37.1 | NORMAL
2026-09-22 04:09:09 | WARD_B_TEMP_04 | 39.4 | CRITICAL
2026-09-22 04:09:09 | WARD_B_TEMP_05 | 37.2 | NORMAL
2026-09-22 04:09:10 | WARD_B_TEMP_01 | 39.0 | CRITICAL
2026-09-22 04:09:10 | WARD_B_TEMP_02 | 35.8 | NORMAL
2026-09-22 04:09:10 | WARD_B_TEMP_03 | 36.9 | NORMAL
2026-09-22 04:09:10 | WARD_B_TEMP_04 | 40.2 | CRITICAL
2026-09-22 04:09:10 | WARD_B_TEMP_05 | 39.1 | CRITICAL
2026-09-22 04:09:11 | WARD_B_TEMP_01 | 38.7 | CRITICAL
2026-09-22 04:09:11 | WARD_B_TEMP_02 | 39.3 | CRITICAL
2026-09-22 04:09:11 | WARD_B_TEMP_03 | 39.4 | CRITICAL
2026-09-22 04:09:11 | WARD_B_TEMP_04 | 39.9 | CRITICAL
2026-09-22 04:09:11 | WARD_B_TEMP_05 | 40.4 | CRITICAL
2026-09-22 04:09:12 | WARD_B_TEMP_01 | 39.1 | CRITICAL
2026-09-22 04:09:12 | WARD_B_TEMP_02 | 36.5 | NORMAL
2026-09-22 04:09:12 | WARD_B_TEMP_03 | 36.4 | NORMAL
2026-09-22 04:09:12 | WARD_B_TEMP_04 | 37.3 | NORMAL
2026-09-22 04:09:12 | WARD_B_TEMP_05 | 35.1 | CRITICAL
2026-09-22 04:09:13 | WARD_B_TEMP_01 | 37.2 | NORMAL
2026-09-22 04:09:13 | WARD_B_TEMP_02 | 39.1 | CRITICAL
2026-09-22 04:09:13 | WARD_B_TEMP_03 | 39.4 | CRITICAL
2026-09-22 04:09:13 | WARD_B_TEMP_04 | 40.5 | CRITICAL
2026-09-22 04:09:13 | WARD_B_TEMP_05 | 39.2 | CRITICAL
2026-09-22 04:09:14 | WARD_B_TEMP_01 | 36.7 | NORMAL
2026-09-22 04:09:14 | WARD_B_TEMP_02 | 37.7 | WARNING
2026-09-22 04:09:14 | WARD_B_TEMP_03 | 40.4 | CRITICAL
2026-09-22 04:09:14 | WARD_B_TEMP_04 | 36.2 | NORMAL
2026-09-22 04:09:14 | WARD_B_TEMP_05 | 36.5 | NORMAL
2026-09-22 04:09:15 | WARD_B_TEMP_01 | 39.9 | CRITICAL
2026-09-22 04:09:15 | WARD_B_TEMP_02 | 38.5 | CRITICAL
2026-09-22 04:09:15 | WARD_B_TEMP_03 | 38.3 | CRITICAL
2026-09-22 04:09:15 | WARD_B_TEMP_04 | 37.3 | NORMAL
2026-09-22 04:09:15 | WARD_B_TEMP_05 | 39.7 | CRITICAL
2026-09-22 04:09:16 | WARD_B_TEMP_01 | 40.1 | CRITICAL
2026-09-22 04:09:16 | WARD_B_TEMP_02 | 34.5 | CRITICAL
2026-09-22 04:09:16 | WARD_B_TEMP_03 | 38.0 | WARNING
2026-09-22 04:09:16 | WARD_B_TEMP_04 | 36.6 | NORMAL
2026-09-22 04:09:16 | WARD_B_TEMP_05 | 35.2 | CRITICAL
2026-09-22 04:09:17 | WARD_B_TEMP_01 | 38.5 | CRITICAL
2026-09-22 04:09:17 | WARD_B_TEMP_02 | 35.4 | CRITICAL
2026-09-22 04:09:17 | WARD_B_TEMP_03 | 36.9 | NORMAL
2026-09-22 04:09:17 | WARD_B_TEMP_04 | 36.1 | NORMAL
2026-09-22 04:09:17 | WARD_B_TEMP_05 | 36.6 | NORMAL
2026-09-22 04:09:18 | WARD_B_TEMP_01 | 36.9 | NORMAL
2026-09-22 04:09:18 | WARD_B_TEMP_02 | 35.8 | NORMAL
2026-09-22 04:09:18 | WARD_B_TEMP_03 | 38.0 | WARNING
2026-09-22 04:09:18 | WARD_B_TEMP_04 | 39.1 | CRITICAL
2026-09-22 04:09:18 | WARD_B_TEMP_05 | 35.5 | NORMAL
2026-09-22 04:09:19 | WARD_B_TEMP_01 | 38.8 | CRITICAL
2026-09-22 04:09:19 | WARD_B_TEMP_02 | 39.0 | CRITICAL
2026-09-22 04:09:19 | WARD_B_TEMP_03 | 37.5 | WARNING
2026-09-22 04:09:19 | WARD_B_TEMP_04 | 35.9 | NORMAL
2026-09-22 04:09:19 | WARD_B_TEMP_05 | 36.0 | NORMAL
2026-09-22 04:09:20 | WARD_B_TEMP_01 | 39.3 | CRITICAL
2026-09-22 04:09:20 | WARD_B_TEMP_02 | 34.9 | CRITICAL
2026-09-22 04:09:20 | WARD_B_TEMP_03 | 35.4 | CRITICAL
2026-09-22 04:09:20 | WARD_B_TEMP_04 | 38.3 | CRITICAL
2026-09-22 04:09:20 | WARD_B_TEMP_05 | 40.3 | CRITICAL
2026-09-22 04:09:21 | WARD_B_TEMP_01 | 38.1 | CRITICAL
2026-09-22 04:09:21 | WARD_B_TEMP_02 | 37.3 | NORMAL
2026-09-22 04:09:21 | WARD_B_TEMP_03 | 35.1 | CRITICAL
2026-09-22 04:09:21 | WARD_B_TEMP_04 | 34.6 | CRITICAL
2026-09-22 04:09:21 | WARD_B_TEMP_05 | 36.0 | NORMAL
2026-09-22 04:09:22 | WARD_B_TEMP_01 | 38.0 | WARNING
2026-09-22 04:09:22 | WARD_B_TEMP_02 | 39.9 | CRITICAL
2026-09-22 04:09:22 | WARD_B_TEMP_03 | 34.9 | CRITICAL
2026-09-22 04:09:22 | WARD_B_TEMP_04 | 37.9 | WARNING
2026-09-22 04:09:22 | WARD_B_TEMP_05 | 34.5 | CRITICAL
2026-09-22 04:09:23 | WARD_B_TEMP_01 | 39.1 | CRITICAL
2026-09-22 04:09:23 | WARD_B_TEMP_02 | 39.7 | CRITICAL
2026-09-22 04:09:23 | WARD_B_TEMP_03 | 36.4 | NORMAL
2026-09-22 04:09:23 | WARD_B_TEMP_04 | 37.6 | WARNING
2026-09-22 04:09:23 | WARD_B_TEMP_05 | 39.5 | CRITICAL
2026-09-22 04:09:24 | WARD_B_TEMP_01 | 36.4 | NORMAL
2026-09-22 04:09:24 | WARD_B_TEMP_02 | 37.8 | WARNING
2026-09-22 04:09:24 | WARD_B_TEMP_03 | 37.9 | WARNING
2026-09-22 04:09:24 | WARD_B_TEMP_04 | 39.3 | CRITICAL
2026-09-22 04:09:24 | WARD_B_TEMP_05 | 37.8 | WARNING
2026-09-22 04:09:25 | WARD_B_TEMP_01 | 40.1 | CRITICAL
2026-09-22 04:09:25 | WARD_B_TEMP_02 | 37.7 | WARNING
2026-09-22 04:09:25 | WARD_B_TEMP_03 | 35.7 | NORMAL
2026-09-22 04:09:25 | WARD_B_TEMP_04 | 36.8 | NORMAL
2026-09-22 04:09:25 | WARD_B_TEMP_05 | 39.7 | CRITICAL
2026-09-22 04:09:26 | WARD_B_TEMP_01 | 34.6 | CRITICAL
2026-09-22 04:09:26 | WARD_B_TEMP_02 | 37.2 | NORMAL
2026-09-22 04:09:26 | WARD_B_TEMP_03 | 39.2 | CRITICAL
2026-09-22 04:09:26 | WARD_B_TEMP_04 | 36.7 | NORMAL
2026-09-22 04:09:26 | WARD_B_TEMP_05 | 36.9 | NORMAL
2026-09-22 04:09:27 | WARD_B_TEMP_01 | 37.2 | NORMAL
2026-09-22 04:09:27 | WARD_B_TEMP_02 | 39.7 | CRITICAL
2026-09-22 04:09:27 | WARD_B_TEMP_03 | 38.1 | CRITICAL
2026-09-22 04:09:27 | WARD_B_TEMP_04 | 40.5 | CRITICAL
2026-09-22 04:09:27 | WARD_B_TEMP_05 | 38.5 | CRITICAL
2026-09-22 04:09:28 | WARD_B_TEMP_01 | 37.0 | NORMAL
2026-09-22 04:09:28 | WARD_B_TEMP_02 | 34.5 | CRITICAL
2026-09-22 04:09:28 | WARD_B_TEMP_03 | 39.2 | CRITICAL
2026-09-22 04:09:28 | WARD_B_TEMP_04 | 36.7 | NORMAL
2026-09-22 04:09:28 | WARD_B_TEMP_05 | 40.2 | CRITICAL
2026-09-22 04:09:29 | WARD_B_TEMP_01 | 40.3 | CRITICAL
2026-09-22 04:09:29 | WARD_B_TEMP_02 | 39.1 | CRITICAL
2026-09-22 04:09:29 | WARD_B_TEMP_03 | 39.1 | CRITICAL
2026-09-22 04:09:29 | WARD_B_TEMP_04 | 36.5 | NORMAL
2026-09-22 04:09:29 | WARD_B_TEMP_05 | 39.7 | CRITICAL
2026-09-22 04:09:30 | WARD_B_TEMP_01 | 34.9 | CRITICAL
2026-09-22 04:09:30 | WARD_B_TEMP_02 | 35.3 | CRITICAL
2026-09-22 04:09:30 | WARD_B_TEMP_03 | 38.0 | WARNING
2026-09-22 04:09:30 | WARD_B_TEMP_04 | 34.9 | CRITICAL
2026-09-22 04:09:30 | WARD_B_TEMP_05 | 35.1 | CRITICAL
2026-09-22 04:09:31 | WARD_B_TEMP_01 | 37.0 | NORMAL
2026-09-22 04:09:31 | WARD_B_TEMP_02 | 35.4 | CRITICAL
2026-09-22 04:09:31 | WARD_B_TEMP_03 | 37.9 | WARNING
2026-09-22 04:09:31 | WARD_B_TEMP_04 | 38.1 | CRITICAL
2026-09-22 04:09:31 | WARD_B_TEMP_05 | 39.5 | CRITICAL
2026-09-22 04:09:32 | WARD_B_TEMP_01 | 36.4 | NORMAL
2026-09-22 04:09:32 | WARD_B_TEMP_02 | 36.2 | NORMAL
2026-09-22 04:09:32 | WARD_B_TEMP_03 | 37.9 | WARNING
2026-09-22 04:09:32 | WARD_B_TEMP_04 | 40.3 | CRITICAL
2026-09-22 04:09:32 | WARD_B_TEMP_05 | 37.3 | NORMAL
2026-09-22 04:09:33 | WARD_B_TEMP_01 | 40.2 | CRITICAL
2026-09-22 04:09:33 | WARD_B_TEMP_02 | 37.9 | WARNING
2026-09-22 04:09:33 | WARD_B_TEMP_03 | 36.0 | NORMAL
2026-09-22 04:09:33 | WARD_B_TEMP_04 | 37.6 | WARNING
2026-09-22 04:09:33 | WARD_B_TEMP_05 | 36.0 | NORMAL
2026-09-22 04:09:34 | WARD_B_TEMP_01 | 35.3 | CRITICAL
2026-09-22 04:09:34 | WARD_B_TEMP_02 | 34.9 | CRITICAL
2026-09-22 04:09:34 | WARD_B_TEMP_03 | 38.8 | CRITICAL
2026-09-22 04:09:34 | WARD_B_TEMP_04 | 37.8 | WARNING
2026-09-22 04:09:34 | WARD_B_TEMP_05 | 36.3 | NORMAL
2026-09-22 04:09:35 | WARD_B_TEMP_01 | 38.3 | CRITICAL
2026-09-22 04:09:35 | WARD_B_TEMP_02 | 39.3 | CRITICAL
2026-09-22 04:09:35 | WARD_B_TEMP_03 | 35.9 | NORMAL
2026-09-22 04:09:35 | WARD_B_TEMP_04 | 35.2 | CRITICAL
2026-09-22 04:09:35 | WARD_B_TEMP_05 | 40.5 | CRITICAL
2026-09-22 04:09:36 | WARD_B_TEMP_01 | 34.9 | CRITICAL
2026-09-22 04:09:36 | WARD_B_TEMP_02 | 36.5 | NORMAL
2026-09-22 04:09:36 | WARD_B_TEMP_03 | 37.8 | WARNING
2026-09-22 04:09:36 | WARD_B_TEMP_04 | 36.8 | NORMAL
2026-09-22 04:09:36 | WARD_B_TEMP_05 | 37.2 | NORMAL
2026-09-22 04:09:37 | WARD_B_TEMP_01 | 40.2 | CRITICAL
2026-09-22 04:09:37 | WARD_B_TEMP_02 | 38.7 | CRITICAL
2026-09-22 04:09:37 | WARD_B_TEMP_03 | 36.9 | NORMAL
2026-09-22 04:09:37 | WARD_B_TEMP_04 | 35.1 | CRITICAL
2026-09-22 04:09:37 | WARD_B_TEMP_05 | 37.1 | NORMAL
2026-09-22 04:09:38 | WARD_B_TEMP_01 | 35.1 | CRITICAL
2026-09-22 04:09:38 | WARD_B_TEMP_02 | 35.7 | NORMAL
2026-09-22 04:09:38 | WARD_B_TEMP_03 | 37.5 | WARNING
2026-09-22 04:09:38 | WARD_B_TEMP_04 | 40.0 | CRITICAL
2026-09-22 04:09:38 | WARD_B_TEMP_05 | 35.6 | NORMAL
2026-09-22 04:09:39 | WARD_B_TEMP_01 | 35.6 | NORMAL
2026-09-22 04:09:39 | WARD_B_TEMP_02 | 36.7 | NORMAL
2026-09-22 04:09:39 | WARD_B_TEMP_03 | 38.9 | CRITICAL
2026-09-22 04:09:39 | WARD_B_TEMP_04 | 39.7 | CRITICAL
2026-09-22 04:09:39 | WARD_B_TEMP_05 | 39.6 | CRITICAL
2026-09-22 04:09:40 | WARD_B_TEMP_01 | 37.9 | WARNING
2026-09-22 04:09:40 | WARD_B_TEMP_02 | 37.8 | WARNING
2026-09-22 04:09:40 | WARD_B_TEMP_03 | 39.3 | CRITICAL
2026-09-22 04:09:40 | WARD_B_TEMP_04 | 37.2 | NORMAL
2026-09-22 04:09:40 | WARD_B_TEMP_05 | 37.8 | WARNING
2026-09-22 04:09:41 | WARD_B_TEMP_01 | 36.8 | NORMAL
2026-09-22 04:09:41 | WARD_B_TEMP_02 | 34.7 | CRITICAL
2026-09-22 04:09:41 | WARD_B_TEMP_03 | 39.3 | CRITICAL
2026-09-22 04:09:41 | WARD_B_TEMP_04 | 35.4 | CRITICAL
2026-09-22 04:09:41 | WARD_B_TEMP_05 | 38.4 | CRITICAL
2026-09-22 04:09:42 | WARD_B_TEMP_01 | 39.0 | CRITICAL
2026-09-22 04:09:42 | WARD_B_TEMP_02 | 35.9 | NORMAL
2026-09-22 04:09:42 | WARD_B_TEMP_03 | 34.9 | CRITICAL
2026-09-22 04:09:42 | WARD_B_TEMP_04 | 34.9 | CRITICAL
2026-09-22 04:09:42 | WARD_B_TEMP_05 | 38.7 | CRITICAL
2026-09-22 04:09:43 | WARD_B_TEMP_01 | 38.7 | CRITICAL
2026-09-22 04:09:43 | WARD_B_TEMP_02 | 40.2 | CRITICAL
2026-09-22 04:09:43 | WARD_B_TEMP_03 | 36.7 | NORMAL
2026-09-22 04:09:43 | WARD_B_TEMP_04 | 37.2 | NORMAL
2026-09-22 04:09:43 | WARD_B_TEMP_05 | 36.4 | NORMAL
2026-09-22 04:09:44 | WARD_B_TEMP_01 | 36.5 | NORMAL
2026-09-22 04:09:44 | WARD_B_TEMP_02 | 34.8 | CRITICAL
2026-09-22 04:09:44 | WARD_B_TEMP_03 | 35.1 | CRITICAL
2026-09-22 04:09:44 | WARD_B_TEMP_04 | 38.6 | CRITICAL
2026-09-22 04:09:44 | WARD_B_TEMP_05 | 38.3 | CRITICAL
2026-09-22 04:09:45 | WARD_B_TEMP_01 | 39.7 | CRITICAL
2026-09-22 04:09:45 | WARD_B_TEMP_02 | 37.6 | WARNING
2026-09-22 04:09:45 | WARD_B_TEMP_03 | 40.4 | CRITICAL
2026-09-22 04:09:45 | WARD_B_TEMP_04 | 40.4 | CRITICAL
2026-09-22 04:09:45 | WARD_B_TEMP_05 | 38.1 | CRITICAL
2026-09-22 04:09:46 | WARD_B_TEMP_01 | 40.1 | CRITICAL
2026-09-22 04:09:46 | WARD_B_TEMP_02 | 39.8 | CRITICAL
2026-09-22 04:09:46 | WARD_B_TEMP_03 | 36.0 | NORMAL
2026-09-22 04:09:46 | WARD_B_TEMP_04 | 39.0 | CRITICAL
2026-09-22 04:09:46 | WARD_B_TEMP_05 | 38.4 | CRITICAL
2026-09-22 04:09:47 | WARD_B_TEMP_01 | 40.4 | CRITICAL
2026-09-22 04:09:47 | WARD_B_TEMP_02 | 39.4 | CRITICAL
2026-09-22 04:09:47 | WARD_B_TEMP_03 | 34.8 | CRITICAL
2026-09-22 04:09:47 | WARD_B_TEMP_04 | 36.0 | NORMAL
2026-09-22 04:09:47 | WARD_B_TEMP_05 | 40.4 | CRITICAL
2026-09-22 04:09:48 | WARD_B_TEMP_01 | 35.5 | NORMAL
2026-09-22 04:09:48 | WARD_B_TEMP_02 | 37.5 | WARNING
2026-09-22 04:09:48 | WARD_B_TEMP_03 | 38.9 | CRITICAL
2026-09-22 04:09:48 | WARD_B_TEMP_04 | 35.2 | CRITICAL
2026-09-22 04:09:48 | WARD_B_TEMP_05 | 34.6 | CRITICAL
2026-09-22 04:09:49 | WARD_B_TEMP_01 | 38.3 | CRITICAL
2026-09-22 04:09:49 | WARD_B_TEMP_02 | 40.4 | CRITICAL
2026-09-22 04:09:49 | WARD_B_TEMP_03 | 38.7 | CRITICAL
2026-09-22 04:09:49 | WARD_B_TEMP_04 | 39.6 | CRITICAL
2026-09-22 04:09:49 | WARD_B_TEMP_05 | 36.5 | NORMAL
2026-09-22 04:09:50 | WARD_B_TEMP_01 | 39.6 | CRITICAL
2026-09-22 04:09:50 | WARD_B_TEMP_02 | 40.4 | CRITICAL
2026-09-22 04:09:50 | WARD_B_TEMP_03 | 35.6 | NORMAL
2026-09-22 04:09:50 | WARD_B_TEMP_04 | 34.6 | CRITICAL
2026-09-22 04:09:50 | WARD_B_TEMP_05 | 36.5 | NORMAL
2026-09-22 04:09:51 | WARD_B_TEMP_01 | 34.6 | CRITICAL
2026-09-22 04:09:51 | WARD_B_TEMP_02 | 35.8 | NORMAL
2026-09-22 04:09:51 | WARD_B_TEMP_03 | 35.8 | NORMAL
2026-09-22 04:09:51 | WARD_B_TEMP_04 | 39.9 | CRITICAL
2026-09-22 04:09:51 | WARD_B_TEMP_05 | 36.1 | NORMAL
2026-09-22 04:09:52 | WARD_B_TEMP_01 | 34.7 | CRITICAL
2026-09-22 04:09:52 | WARD_B_TEMP_02 | 37.9 | WARNING
2026-09-22 04:09:52 | WARD_B_TEMP_03 | 34.5 | CRITICAL
2026-09-22 04:09:52 | WARD_B_TEMP_04 | 38.6 | CRITICAL
2026-09-22 04:09:52 | WARD_B_TEMP_05 | 35.8 | NORMAL
2026-09-22 04:09:53 | WARD_B_TEMP_01 | 37.5 | WARNING
2026-09-22 04:09:53 | WARD_B_TEMP_02 | 40.0 | CRITICAL
2026-09-22 04:09:53 | WARD_B_TEMP_03 | 34.7 | CRITICAL
2026-09-22 04:09:53 | WARD_B_TEMP_04 | 38.7 | CRITICAL
2026-09-22 04:09:53 | WARD_B_TEMP_05 | 39.2 | CRITICAL
2026-09-22 04:09:54 | WARD_B_TEMP_01 | 39.6 | CRITICAL
2026-09-22 04:09:54 | WARD_B_TEMP_02 | 35.9 | NORMAL
2026-09-22 04:09:54 | WARD_B_TEMP_03 | 39.7 | CRITICAL
2026-09-22 04:09:54 | WARD_B_TEMP_04 | 39.4 | CRITICAL
2026-09-22 04:09:54 | WARD_B_TEMP_05 | 40.4 | CRITICAL
2026-09-22 04:09:55 | WARD_B_TEMP_01 | 34.6 | CRITICAL
2026-09-22 04:09:55 | WARD_B_TEMP_02 | 37.3 | NORMAL
2026-09-22 04:09:55 | WARD_B_TEMP_03 | 37.4 | NORMAL
2026-09-22 04:09:55 | WARD_B_TEMP_04 | 35.0 | CRITICAL
2026-09-22 04:09:55 | WARD_B_TEMP_05 | 34.6 | CRITICAL
2026-09-22 04:09:56 | WARD_B_TEMP_01 | 38.2 | CRITICAL
2026-09-22 04:09:56 | WARD_B_TEMP_02 | 37.3 | NORMAL
2026-09-22 04:09:56 | WARD_B_TEMP_03 | 37.5 | WARNING
2026-09-22 04:09:56 | WARD_B_TEMP_04 | 38.3 | CRITICAL
2026-09-22 04:09:56 | WARD_B_TEMP_05 | 39.0 | CRITICAL
2026-09-22 04:09:57 | WARD_B_TEMP_01 | 35.7 | NORMAL
2026-09-22 04:09:57 | WARD_B_TEMP_02 | 35.9 | NORMAL
2026-09-22 04:09:57 | WARD_B_TEMP_03 | 39.9 | CRITICAL
2026-09-22 04:09:57 | WARD_B_TEMP_04 | 36.3 | NORMAL
2026-09-22 04:09:57 | WARD_B_TEMP_05 | 40.0 | CRITICAL
2026-09-22 04:09:58 | WARD_B_TEMP_01 | 40.1 | CRITICAL
2026-09-22 04:09:58 | WARD_B_TEMP_02 | 40.0 | CRITICAL
2026-09-22 04:09:58 | WARD_B_TEMP_03 | 39.9 | CRITICAL
2026-09-22 04:09:58 | WARD_B_TEMP_04 | 36.1 | NORMAL
2026-09-22 04:09:58 | WARD_B_TEMP_05 | 40.2 | CRITICAL
2026-09-22 04:09:59 | WARD_B_TEMP_01 | 38.7 | CRITICAL
2026-09-22 04:09:59 | WARD_B_TEMP_02 | 37.2 | NORMAL
2026-09-22 04:09:59 | WARD_B_TEMP_03 | 36.6 | NORMAL
2026-09-22 04:09:59 | WARD_B_TEMP_04 | 35.4 | CRITICAL
2026-09-22 04:09:59 | WARD_B_TEMP_05 | 40.3 | CRITICAL
2026-09-22 04:10:00 | WARD_B_TEMP_01 | 38.4 | CRITICAL
2026-09-22 04:10:00 | WARD_B_TEMP_02 | 35.5 | NORMAL
2026-09-22 04:10:00 | WARD_B_TEMP_03 | 39.8 | CRITICAL
2026-09-22 04:10:00 | WARD_B_TEMP_04 | 37.9 | WARNING
2026-09-22 04:10:00 | WARD_B_TEMP_05 | 38.4 | CRITICAL
2026-09-22 04:10:01 | WARD_B_TEMP_01 | 40.2 | CRITICAL
2026-09-22 04:10:01 | WARD_B_TEMP_02 | 39.4 | CRITICAL
2026-09-22 04:10:01 | WARD_B_TEMP_03 | 39.3 | CRITICAL
2026-09-22 04:10:01 | WARD_B_TEMP_04 | 34.9 | CRITICAL
2026-09-22 04:10:01 | WARD_B_TEMP_05 | 37.0 | NORMAL
2026-09-22 04:10:02 | WARD_B_TEMP_01 | 39.0 | CRITICAL
2026-09-22 04:10:02 | WARD_B_TEMP_02 | 40.1 | CRITICAL
2026-09-22 04:10:02 | WARD_B_TEMP_03 | 35.1 | CRITICAL
2026-09-22 04:10:02 | WARD_B_TEMP_04 | 37.1 | NORMAL
2026-09-22 04:10:02 | WARD_B_TEMP_05 | 39.0 | CRITICAL
2026-09-22 04:10:03 | WARD_B_TEMP_01 | 35.8 | NORMAL
2026-09-22 04:10:03 | WARD_B_TEMP_02 | 35.2 | CRITICAL
2026-09-22 04:10:03 | WARD_B_TEMP_03 | 37.0 | NORMAL
2026-09-22 04:10:03 | WARD_B_TEMP_04 | 34.6 | CRITICAL
2026-09-22 04:10:03 | WARD_B_TEMP_05 | 34.5 | CRITICAL
2026-09-22 04:10:04 | WARD_B_TEMP_01 | 35.9 | NORMAL
2026-09-22 04:10:04 | WARD_B_TEMP_02 | 39.8 | CRITICAL
2026-09-22 04:10:04 | WARD_B_TEMP_03 | 38.4 | CRITICAL
2026-09-22 04:10:04 | WARD_B_TEMP_04 | 35.3 | CRITICAL
2026-09-22 04:10:04 | WARD_B_TEMP_05 | 35.4 | CRITICAL
2026-09-22 04:10:05 | WARD_B_TEMP_01 | 36.8 | NORMAL
2026-09-22 04:10:05 | WARD_B_TEMP_02 | 35.6 | NORMAL
2026-09-22 04:10:05 | WARD_B_TEMP_03 | 35.3 | CRITICAL
2026-09-22 04:10:05 | WARD_B_TEMP_04 | 39.2 | CRITICAL
2026-09-22 04:10:05 | WARD_B_TEMP_05 | 39.3 | CRITICAL
2026-09-22 04:10:06 | WARD_B_TEMP_01 | 37.1 | NORMAL
2026-09-22 04:10:06 | WARD_B_TEMP_02 | 35.4 | CRITICAL
2026-09-22 04:10:06 | WARD_B_TEMP_03 | 39.9 | CRITICAL
2026-09-22 04:10:06 | WARD_B_TEMP_04 | 36.4 | NORMAL
2026-09-22 04:10:06 | WARD_B_TEMP_05 | 40.3 | CRITICAL
2026-09-22 04:10:07 | WARD_B_TEMP_01 | 37.4 | NORMAL
2026-09-22 04:10:07 | WARD_B_TEMP_02 | 35.1 | CRITICAL
2026-09-22 04:10:07 | WARD_B_TEMP_03 | 34.6 | CRITICAL
2026-09-22 04:10:07 | WARD_B_TEMP_04 | 39.9 | CRITICAL
2026-09-22 04:10:07 | WARD_B_TEMP_05 | 40.0 | CRITICAL
2026-09-22 04:10:08 | WARD_B_TEMP_01 | 38.0 | WARNING
2026-09-22 04:10:08 | WARD_B_TEMP_02 | 39.8 | CRITICAL
2026-09-22 04:10:08 | WARD_B_TEMP_03 | 39.5 | CRITICAL
2026-09-22 04:10:08 | WARD_B_TEMP_04 | 36.7 | NORMAL
2026-09-22 04:10:08 | WARD_B_TEMP_05 | 39.8 | CRITICAL
2026-09-22 04:10:09 | WARD_B_TEMP_01 | 38.6 | CRITICAL
2026-09-22 04:10:09 | WARD_B_TEMP_02 | 40.4 | CRITICAL
2026-09-22 04:10:09 | WARD_B_TEMP_03 | 39.6 | CRITICAL
2026-09-22 04:10:09 | WARD_B_TEMP_04 | 37.7 | WARNING
2026-09-22 04:10:09 | WARD_B_TEMP_05 | 35.4 | CRITICAL
2026-09-22 04:10:10 | WARD_B_TEMP_01 | 35.8 | NORMAL
2026-09-22 04:10:10 | WARD_B_TEMP_02 | 37.6 | WARNING
2026-09-22 04:10:10 | WARD_B_TEMP_03 | 37.3 | NORMAL
2026-09-22 04:10:10 | WARD_B_TEMP_04 | 39.1 | CRITICAL
2026-09-22 04:10:10 | WARD_B_TEMP_05 | 36.6 | NORMAL
2026-09-22 04:10:11 | WARD_B_TEMP_01 | 36.7 | NORMAL
2026-09-22 04:10:11 | WARD_B_TEMP_02 | 34.8 | CRITICAL
2026-09-22 04:10:11 | WARD_B_TEMP_03 | 38.8 | CRITICAL
2026-09-22 04:10:11 | WARD_B_TEMP_04 | 38.8 | CRITICAL
2026-09-22 04:10:11 | WARD_B_TEMP_05 | 39.4 | CRITICAL
2026-09-22 04:10:12 | WARD_B_TEMP_01 | 38.8 | CRITICAL
2026-09-22 04:10:12 | WARD_B_TEMP_02 | 36.7 | NORMAL
2026-09-22 04:10:12 | WARD_B_TEMP_03 | 35.9 | NORMAL
2026-09-22 04:10:12 | WARD_B_TEMP_04 | 40.1 | CRITICAL
2026-09-22 04:10:12 | WARD_B_TEMP_05 | 34.7 | CRITICAL
2026-09-22 04:10:13 | WARD_B_TEMP_01 | 34.8 | CRITICAL
2026-09-22 04:10:13 | WARD_B_TEMP_02 | 35.0 | CRITICAL
2026-09-22 04:10:13 | WARD_B_TEMP_03 | 38.1 | CRITICAL
2026-09-22 04:10:13 | WARD_B_TEMP_04 | 34.6 | CRITICAL
2026-09-22 04:10:13 | WARD_B_TEMP_05 | 38.7 | CRITICAL
2026-09-22 04:10:14 | WARD_B_TEMP_01 | 36.3 | NORMAL
2026-09-22 04:10:14 | WARD_B_TEMP_02 | 40.2 | CRITICAL
2026-09-22 04:10:14 | WARD_B_TEMP_03 | 35.4 | CRITICAL
2026-09-22 04:10:14 | WARD_B_TEMP_04 | 35.3 | CRITICAL
2026-09-22 04:10:14 | WARD_B_TEMP_05 | 37.5 | WARNING
2026-09-22 04:10:15 | WARD_B_TEMP_01 | 40.3 | CRITICAL
2026-09-22 04:10:15 | WARD_B_TEMP_02 | 35.8 | NORMAL
2026-09-22 04:10:15 | WARD_B_TEMP_03 | 35.4 | CRITICAL
2026-09-22 04:10:15 | WARD_B_TEMP_04 | 37.3 | NORMAL
2026-09-22 04:10:15 | WARD_B_TEMP_05 | 40.0 | CRITICAL
2026-09-22 04:10:16 | WARD_B_TEMP_01 | 34.8 | CRITICAL
2026-09-22 04:10:16 | WARD_B_TEMP_02 | 38.9 | CRITICAL
2026-09-22 04:10:16 | WARD_B_TEMP_03 | 34.7 | CRITICAL
2026-09-22 04:10:16 | WARD_B_TEMP_04 | 40.2 | CRITICAL
2026-09-22 04:10:16 | WARD_B_TEMP_05 | 35.3 | CRITICAL
2026-09-22 04:10:17 | WARD_B_TEMP_01 | 36.8 | NORMAL
2026-09-22 04:10:17 | WARD_B_TEMP_02 | 35.5 | NORMAL
2026-09-22 04:10:17 | WARD_B_TEMP_03 | 38.9 | CRITICAL
2026-09-22 04:10:17 | WARD_B_TEMP_04 | 37.9 | WARNING
2026-09-22 04:10:17 | WARD_B_TEMP_05 | 35.8 | NORMAL
2026-09-22 04:10:18 | WARD_B_TEMP_01 | 38.2 | CRITICAL
2026-09-22 04:10:18 | WARD_B_TEMP_02 | 38.4 | CRITICAL
2026-09-22 04:10:18 | WARD_B_TEMP_03 | 34.5 | CRITICAL
2026-09-22 04:10:18 | WARD_B_TEMP_04 | 40.0 | CRITICAL
2026-09-22 04:10:18 | WARD_B_TEMP_05 | 34.7 | CRITICAL
2026-09-22 04:10:19 | WARD_B_TEMP_01 | 39.6 | CRITICAL
2026-09-22 04:10:19 | WARD_B_TEMP_02 | 38.3 | CRITICAL
2026-09-22 04:10:19 | WARD_B_TEMP_03 | 39.5 | CRITICAL
2026-09-22 04:10:19 | WARD_B_TEMP_04 | 36.7 | NORMAL
2026-09-22 04:10:19 | WARD_B_TEMP_05 | 40.4 | CRITICAL
2026-09-22 04:10:20 | WARD_B_TEMP_01 | 39.6 | CRITICAL
2026-09-22 04:10:20 | WARD_B_TEMP_02 | 40.2 | CRITICAL
2026-09-22 04:10:20 | WARD_B_TEMP_03 | 39.4 | CRITICAL
2026-09-22 04:10:20 | WARD_B_TEMP_04 | 40.3 | CRITICAL
2026-09-22 04:10:20 | WARD_B_TEMP_05 | 36.5 | NORMAL
2026-09-22 04:10:21 | WARD_B_TEMP_01 | 39.6 | CRITICAL
2026-09-22 04:10:21 | WARD_B_TEMP_02 | 38.3 | CRITICAL
2026-09-22 04:10:21 | WARD_B_TEMP_03 | 38.0 | WARNING
2026-09-22 04:10:21 | WARD_B_TEMP_04 | 36.0 | NORMAL
2026-09-22 04:10:21 | WARD_B_TEMP_05 | 35.4 | CRITICAL
2026-09-22 04:10:22 | WARD_B_TEMP_01 | 34.6 | CRITICAL
2026-09-22 04:10:22 | WARD_B_TEMP_02 | 35.6 | NORMAL
2026-09-22 04:10:22 | WARD_B_TEMP_03 | 36.2 | NORMAL
2026-09-22 04:10:22 | WARD_B_TEMP_04 | 37.4 | NORMAL
2026-09-22 04:10:22 | WARD_B_TEMP_05 | 36.9 | NORMAL
2026-09-22 04:10:23 | WARD_B_TEMP_01 | 40.0 | CRITICAL
2026-09-22 04:10:23 | WARD_B_TEMP_02 | 38.3 | CRITICAL
2026-09-22 04:10:23 | WARD_B_TEMP_03 | 36.8 | NORMAL
2026-09-22 04:10:23 | WARD_B_TEMP_04 | 37.1 | NORMAL
2026-09-22 04:10:23 | WARD_B_TEMP_05 | 38.6 | CRITICAL
2026-09-22 04:10:24 | WARD_B_TEMP_01 | 38.9 | CRITICAL
2026-09-22 04:10:24 | WARD_B_TEMP_02 | 40.3 | CRITICAL
2026-09-22 04:10:24 | WARD_B_TEMP_03 | 39.1 | CRITICAL
2026-09-22 04:10:24 | WARD_B_TEMP_04 | 36.1 | NORMAL
2026-09-22 04:10:24 | WARD_B_TEMP_05 | 39.3 | CRITICAL
2026-09-22 04:10:25 | WARD_B_TEMP_01 | 37.6 | WARNING
2026-09-22 04:10:25 | WARD_B_TEMP_02 | 40.1 | CRITICAL
2026-09-22 04:10:25 | WARD_B_TEMP_03 | 39.2 | CRITICAL
2026-09-22 04:10:25 | WARD_B_TEMP_04 | 39.6 | CRITICAL
2026-09-22 04:10:25 | WARD_B_TEMP_05 | 39.2 | CRITICAL
2026-09-22 04:10:26 | WARD_B_TEMP_01 | 35.4 | CRITICAL
2026-09-22 04:10:26 | WARD_B_TEMP_02 | 34.9 | CRITICAL
2026-09-22 04:10:26 | WARD_B_TEMP_03 | 35.3 | CRITICAL
2026-09-22 04:10:26 | WARD_B_TEMP_04 | 36.6 | NORMAL
2026-09-22 04:10:26 | WARD_B_TEMP_05 | 39.2 | CRITICAL
2026-09-22 04:10:27 | WARD_B_TEMP_01 | 37.8 | WARNING
2026-09-22 04:10:27 | WARD_B_TEMP_02 | 39.4 | CRITICAL
2026-09-22 04:10:27 | WARD_B_TEMP_03 | 36.4 | NORMAL
2026-09-22 04:10:27 | WARD_B_TEMP_04 | 39.3 | CRITICAL
2026-09-22 04:10:27 | WARD_B_TEMP_05 | 36.5 | NORMAL
2026-09-22 04:10:28 | WARD_B_TEMP_01 | 37.2 | NORMAL
2026-09-22 04:10:28 | WARD_B_TEMP_02 | 38.9 | CRITICAL
2026-09-22 04:10:28 | WARD_B_TEMP_03 | 34.7 | CRITICAL
2026-09-22 04:10:28 | WARD_B_TEMP_04 | 37.9 | WARNING
2026-09-22 04:10:28 | WARD_B_TEMP_05 | 37.5 | WARNING
2026-09-22 04:10:29 | WARD_B_TEMP_01 | 35.0 | CRITICAL
2026-09-22 04:10:29 | WARD_B_TEMP_02 | 39.8 | CRITICAL
2026-09-22 04:10:29 | WARD_B_TEMP_03 | 37.3 | NORMAL
2026-09-22 04:10:29 | WARD_B_TEMP_04 | 35.6 | NORMAL
2026-09-22 04:10:29 | WARD_B_TEMP_05 | 35.5 | NORMAL
2026-09-22 04:10:30 | WARD_B_TEMP_01 | 37.9 | WARNING
2026-09-22 04:10:30 | WARD_B_TEMP_02 | 35.5 | NORMAL
2026-09-22 04:10:30 | WARD_B_TEMP_03 | 36.2 | NORMAL
2026-09-22 04:10:30 | WARD_B_TEMP_04 | 36.0 | NORMAL
2026-09-22 04:10:30 | WARD_B_TEMP_05 | 38.7 | CRITICAL
2026-09-22 04:10:31 | WARD_B_TEMP_01 | 35.8 | NORMAL
2026-09-22 04:10:31 | WARD_B_TEMP_02 | 36.6 | NORMAL
2026-09-22 04:10:31 | WARD_B_TEMP_03 | 36.2 | NORMAL
2026-09-22 04:10:31 | WARD_B_TEMP_04 | 40.2 | CRITICAL
2026-09-22 04:10:31 | WARD_B_TEMP_05 | 40.2 | CRITICAL
2026-09-22 04:10:32 | WARD_B_TEMP_01 | 34.8 | CRITICAL
2026-09-22 04:10:32 | WARD_B_TEMP_02 | 35.7 | NORMAL
2026-09-22 04:10:32 | WARD_B_TEMP_03 | 38.3 | CRITICAL
2026-09-22 04:10:32 | WARD_B_TEMP_04 | 39.2 | CRITICAL
2026-09-22 04:10:32 | WARD_B_TEMP_05 | 38.2 | CRITICAL
2026-09-22 04:10:33 | WARD_B_TEMP_01 | 40.4 | CRITICAL
2026-09-22 04:10:33 | WARD_B_TEMP_02 | 37.5 | WARNING
2026-09-22 04:10:33 | WARD_B_TEMP_03 | 35.1 | CRITICAL
2026-09-22 04:10:33 | WARD_B_TEMP_04 | 36.8 | NORMAL
2026-09-22 04:10:33 | WARD_B_TEMP_05 | 39.9 | CRITICAL
2026-09-22 04:10:34 | WARD_B_TEMP_01 | 34.9 | CRITICAL
2026-09-22 04:10:34 | WARD_B_TEMP_02 | 38.2 | CRITICAL
2026-09-22 04:10:34 | WARD_B_TEMP_03 | 36.3 | NORMAL
2026-09-22 04:10:34 | WARD_B_TEMP_04 | 34.8 | CRITICAL
2026-09-22 04:10:34 | WARD_B_TEMP_05 | 35.5 | NORMAL
2026-09-22 04:10:35 | WARD_B_TEMP_01 | 39.7 | CRITICAL
2026-09-22 04:10:35 | WARD_B_TEMP_02 | 34.6 | CRITICAL
2026-09-22 04:10:35 | WARD_B_TEMP_03 | 34.6 | CRITICAL
2026-09-22 04:10:35 | WARD_B_TEMP_04 | 40.5 | CRITICAL
2026-09-22 04:10:35 | WARD_B_TEMP_05 | 37.8 | WARNING
2026-09-22 04:10:36 | WARD_B_TEMP_01 | 38.3 | CRITICAL
2026-09-22 04:10:36 | WARD_B_TEMP_02 | 38.6 | CRITICAL
2026-09-22 04:10:36 | WARD_B_TEMP_03 | 34.9 | CRITICAL
2026-09-22 04:10:36 | WARD_B_TEMP_04 | 38.8 | CRITICAL
2026-09-22 04:10:36 | WARD_B_TEMP_05 | 37.7 | WARNING
2026-09-22 04:10:37 | WARD_B_TEMP_01 | 38.8 | CRITICAL
2026-09-22 04:10:37 | WARD_B_TEMP_02 | 37.8 | WARNING
2026-09-22 04:10:37 | WARD_B_TEMP_03 | 40.0 | CRITICAL
2026-09-22 04:10:37 | WARD_B_TEMP_04 | 36.9 | NORMAL
2026-09-22 04:10:37 | WARD_B_TEMP_05 | 35.2 | CRITICAL
2026-09-22 04:10:38 | WARD_B_TEMP_01 | 39.3 | CRITICAL
2026-09-22 04:10:38 | WARD_B_TEMP_02 | 37.8 | WARNING
2026-09-22 04:10:38 | WARD_B_TEMP_03 | 37.0 | NORMAL
2026-09-22 04:10:38 | WARD_B_TEMP_04 | 39.0 | CRITICAL
2026-09-22 04:10:38 | WARD_B_TEMP_05 | 36.7 | NORMAL
2026-09-22 04:10:39 | WARD_B_TEMP_01 | 37.5 | WARNING
2026-09-22 04:10:39 | WARD_B_TEMP_02 | 36.2 | NORMAL
2026-09-22 04:10:39 | WARD_B_TEMP_03 | 36.6 | NORMAL
2026-09-22 04:10:39 | WARD_B_TEMP_04 | 38.1 | CRITICAL
2026-09-22 04:10:39 | WARD_B_TEMP_05 | 40.0 | CRITICAL
2026-09-22 04:10:40 | WARD_B_TEMP_01 | 35.8 | NORMAL
2026-09-22 04:10:40 | WARD_B_TEMP_02 | 38.0 | WARNING
2026-09-22 04:10:40 | WARD_B_TEMP_03 | 38.0 | WARNING
2026-09-22 04:10:40 | WARD_B_TEMP_04 | 35.7 | NORMAL
2026-09-22 04:10:40 | WARD_B_TEMP_05 | 39.0 | CRITICAL
2026-09-22 04:10:41 | WARD_B_TEMP_01 | 36.3 | NORMAL
2026-09-22 04:10:41 | WARD_B_TEMP_02 | 39.5 | CRITICAL
2026-09-22 04:10:41 | WARD_B_TEMP_03 | 38.2 | CRITICAL
2026-09-22 04:10:41 | WARD_B_TEMP_04 | 39.4 | CRITICAL
2026-09-22 04:10:41 | WARD_B_TEMP_05 | 40.2 | CRITICAL
2026-09-22 04:10:42 | WARD_B_TEMP_01 | 39.6 | CRITICAL
2026-09-22 04:10:42 | WARD_B_TEMP_02 | 38.5 | CRITICAL
2026-09-22 04:10:42 | WARD_B_TEMP_03 | 36.8 | NORMAL
2026-09-22 04:10:42 | WARD_B_TEMP_04 | 34.8 | CRITICAL
2026-09-22 04:10:42 | WARD_B_TEMP_05 | 35.0 | CRITICAL
2026-09-22 04:10:43 | WARD_B_TEMP_01 | 39.5 | CRITICAL
2026-09-22 04:10:43 | WARD_B_TEMP_02 | 37.3 | NORMAL
2026-09-22 04:10:43 | WARD_B_TEMP_03 | 39.2 | CRITICAL
2026-09-22 04:10:43 | WARD_B_TEMP_04 | 38.7 | CRITICAL
2026-09-22 04:10:43 | WARD_B_TEMP_05 | 39.3 | CRITICAL
2026-09-22 04:10:44 | WARD_B_TEMP_01 | 35.1 | CRITICAL
2026-09-22 04:10:44 | WARD_B_TEMP_02 | 40.1 | CRITICAL
2026-09-22 04:10:44 | WARD_B_TEMP_03 | 34.9 | CRITICAL
2026-09-22 04:10:44 | WARD_B_TEMP_04 | 37.2 | NORMAL
2026-09-22 04:10:44 | WARD_B_TEMP_05 | 38.4 | CRITICAL
2026-09-22 04:10:45 | WARD_B_TEMP_01 | 36.8 | NORMAL
2026-09-22 04:10:45 | WARD_B_TEMP_02 | 37.5 | WARNING
2026-09-22 04:10:45 | WARD_B_TEMP_03 | 37.7 | WARNING
2026-09-22 04:10:45 | WARD_B_TEMP_04 | 36.2 | NORMAL
2026-09-22 04:10:45 | WARD_B_TEMP_05 | 38.7 | CRITICAL
2026-09-22 04:10:46 | WARD_B_TEMP_01 | 40.4 | CRITICAL
2026-09-22 04:10:46 | WARD_B_TEMP_02 | 39.2 | CRITICAL
2026-09-22 04:10:46 | WARD_B_TEMP_03 | 35.4 | CRITICAL
2026-09-22 04:10:46 | WARD_B_TEMP_04 | 37.9 | WARNING
2026-09-22 04:10:46 | WARD_B_TEMP_05 | 36.4 | NORMAL
2026-09-22 04:10:47 | WARD_B_TEMP_01 | 38.8 | CRITICAL
2026-09-22 04:10:47 | WARD_B_TEMP_02 | 40.4 | CRITICAL
2026-09-22 04:10:47 | WARD_B_TEMP_03 | 38.9 | CRITICAL
2026-09-22 04:10:47 | WARD_B_TEMP_04 | 39.4 | CRITICAL
2026-09-22 04:10:47 | WARD_B_TEMP_05 | 34.6 | CRITICAL
2026-09-22 04:10:48 | WARD_B_TEMP_01 | 35.7 | NORMAL
2026-09-22 04:10:48 | WARD_B_TEMP_02 | 35.1 | CRITICAL
2026-09-22 04:10:48 | WARD_B_TEMP_03 | 37.9 | WARNING
2026-09-22 04:10:48 | WARD_B_TEMP_04 | 36.2 | NORMAL
2026-09-22 04:10:48 | WARD_B_TEMP_05 | 38.1 | CRITICAL
2026-09-22 04:10:49 | WARD_B_TEMP_01 | 40.2 | CRITICAL
2026-09-22 04:10:49 | WARD_B_TEMP_02 | 38.6 | CRITICAL
2026-09-22 04:10:49 | WARD_B_TEMP_03 | 36.8 | NORMAL
2026-09-22 04:10:49 | WARD_B_TEMP_04 | 37.1 | NORMAL
2026-09-22 04:10:49 | WARD_B_TEMP_05 | 38.0 | WARNING
2026-09-22 04:10:50 | WARD_B_TEMP_01 | 37.8 | WARNING
2026-09-22 04:10:50 | WARD_B_TEMP_02 | 35.8 | NORMAL
2026-09-22 04:10:50 | WARD_B_TEMP_03 | 40.3 | CRITICAL
2026-09-22 04:10:50 | WARD_B_TEMP_04 | 37.8 | WARNING
2026-09-22 04:10:50 | WARD_B_TEMP_05 | 39.1 | CRITICAL
2026-09-22 04:10:51 | WARD_B_TEMP_01 | 35.4 | CRITICAL
2026-09-22 04:10:51 | WARD_B_TEMP_02 | 39.0 | CRITICAL
2026-09-22 04:10:51 | WARD_B_TEMP_03 | 36.8 | NORMAL
2026-09-22 04:10:51 | WARD_B_TEMP_04 | 36.4 | NORMAL
2026-09-22 04:10:51 | WARD_B_TEMP_05 | 36.5 | NORMAL
2026-09-22 04:10:52 | WARD_B_TEMP_01 | 38.2 | CRITICAL
2026-09-22 04:10:52 | WARD_B_TEMP_02 | 34.7 | CRITICAL
2026-09-22 04:10:52 | WARD_B_TEMP_03 | 35.0 | CRITICAL
2026-09-22 04:10:52 | WARD_B_TEMP_04 | 36.6 | NORMAL
2026-09-22 04:10:52 | WARD_B_TEMP_05 | 38.6 | CRITICAL
2026-09-22 04:10:53 | WARD_B_TEMP_01 | 35.7 | NORMAL
2026-09-22 04:10:53 | WARD_B_TEMP_02 | 39.3 | CRITICAL
2026-09-22 04:10:53 | WARD_B_TEMP_03 | 39.1 | CRITICAL
2026-09-22 04:10:53 | WARD_B_TEMP_04 | 37.4 | NORMAL
2026-09-22 04:10:53 | WARD_B_TEMP_05 | 40.5 | CRITICAL
2026-09-22 04:10:54 | WARD_B_TEMP_01 | 37.9 | WARNING
2026-09-22 04:10:54 | WARD_B_TEMP_02 | 38.4 | CRITICAL
2026-09-22 04:10:54 | WARD_B_TEMP_03 | 40.3 | CRITICAL
2026-09-22 04:10:54 | WARD_B_TEMP_04 | 37.9 | WARNING
2026-09-22 04:10:54 | WARD_B_TEMP_05 | 39.3 | CRITICAL
2026-09-22 04:10:55 | WARD_B_TEMP_01 | 37.1 | NORMAL
2026-09-22 04:10:55 | WARD_B_TEMP_02 | 37.3 | NORMAL
2026-09-22 04:10:55 | WARD_B_TEMP_03 | 39.7 | CRITICAL
2026-09-22 04:10:55 | WARD_B_TEMP_04 | 34.8 | CRITICAL
2026-09-22 04:10:55 | WARD_B_TEMP_05 | 40.0 | CRITICAL
2026-09-22 04:10:56 | WARD_B_TEMP_01 | 38.5 | CRITICAL
2026-09-22 04:10:56 | WARD_B_TEMP_02 | 35.0 | CRITICAL
2026-09-22 04:10:56 | WARD_B_TEMP_03 | 39.0 | CRITICAL
2026-09-22 04:10:56 | WARD_B_TEMP_04 | 37.4 | NORMAL
2026-09-22 04:10:56 | WARD_B_TEMP_05 | 39.9 | CRITICAL
2026-09-22 04:10:57 | WARD_B_TEMP_01 | 35.5 | NORMAL
2026-09-22 04:10:57 | WARD_B_TEMP_02 | 40.0 | CRITICAL
2026-09-22 04:10:57 | WARD_B_TEMP_03 | 38.7 | CRITICAL
2026-09-22 04:10:57 | WARD_B_TEMP_04 | 36.2 | NORMAL
2026-09-22 04:10:57 | WARD_B_TEMP_05 | 37.8 | WARNING
2026-09-22 04:10:58 | WARD_B_TEMP_01 | 40.2 | CRITICAL
2026-09-22 04:10:58 | WARD_B_TEMP_02 | 38.2 | CRITICAL
2026-09-22 04:10:58 | WARD_B_TEMP_03 | 37.6 | WARNING
2026-09-22 04:10:58 | WARD_B_TEMP_04 | 36.6 | NORMAL
2026-09-22 04:10:58 | WARD_B_TEMP_05 | 37.5 | WARNING
2026-09-22 04:10:59 | WARD_B_TEMP_01 | 36.1 | NORMAL
2026-09-22 04:10:59 | WARD_B_TEMP_02 | 34.9 | CRITICAL
2026-09-22 04:10:59 | WARD_B_TEMP_03 | 34.8 | CRITICAL
2026-09-22 04:10:59 | WARD_B_TEMP_04 | 34.6 | CRITICAL
2026-09-22 04:10:59 | WARD_B_TEMP_05 | 34.7 | CRITICAL
2026-09-22 04:11:00 | WARD_B_TEMP_01 | 35.0 | CRITICAL
2026-09-22 04:11:00 | WARD_B_TEMP_02 | 34.8 | CRITICAL
2026-09-22 04:11:00 | WARD_B_TEMP_03 | 39.3 | CRITICAL
2026-09-22 04:11:00 | WARD_B_TEMP_04 | 39.6 | CRITICAL
2026-09-22 04:11:00 | WARD_B_TEMP_05 | 36.7 | NORMAL
2026-09-22 04:11:01 | WARD_B_TEMP_01 | 35.3 | CRITICAL
2026-09-22 04:11:01 | WARD_B_TEMP_02 | 38.4 | CRITICAL
2026-09-22 04:11:01 | WARD_B_TEMP_03 | 34.8 | CRITICAL
2026-09-22 04:11:01 | WARD_B_TEMP_04 | 37.5 | WARNING
2026-09-22 04:11:01 | WARD_B_TEMP_05 | 34.6 | CRITICAL
2026-09-22 04:11:02 | WARD_B_TEMP_01 | 36.8 | NORMAL
2026-09-22 04:11:02 | WARD_B_TEMP_02 | 38.7 | CRITICAL
2026-09-22 04:11:02 | WARD_B_TEMP_03 | 39.7 | CRITICAL
2026-09-22 04:11:02 | WARD_B_TEMP_04 | 36.5 | NORMAL
2026-09-22 04:11:02 | WARD_B_TEMP_05 | 38.6 | CRITICAL
2026-09-22 04:11:03 | WARD_B_TEMP_01 | 36.2 | NORMAL
2026-09-22 04:11:03 | WARD_B_TEMP_02 | 34.6 | CRITICAL
2026-09-22 04:11:03 | WARD_B_TEMP_03 | 35.4 | CRITICAL
2026-09-22 04:11:03 | WARD_B_TEMP_04 | 35.1 | CRITICAL
2026-09-22 04:11:03 | WARD_B_TEMP_05 | 34.6 | CRITICAL
2026-09-22 04:11:04 | WARD_B_TEMP_01 | 36.5 | NORMAL
2026-09-22 04:11:04 | WARD_B_TEMP_02 | 35.8 | NORMAL
2026-09-22 04:11:04 | WARD_B_TEMP_03 | 34.5 | CRITICAL
2026-09-22 04:11:04 | WARD_B_TEMP_04 | 37.9 | WARNING
2026-09-22 04:11:04 | WARD_B_TEMP_05 | 38.4 | CRITICAL
2026-09-22 04:11:05 | WARD_B_TEMP_01 | 37.6 | WARNING
2026-09-22 04:11:05 | WARD_B_TEMP_02 | 38.7 | CRITICAL
2026-09-22 04:11:05 | WARD_B_TEMP_03 | 34.5 | CRITICAL
2026-09-22 04:11:05 | WARD_B_TEMP_04 | 37.4 | NORMAL
2026-09-22 04:11:05 | WARD_B_TEMP_05 | 34.8 | CRITICAL
2026-09-22 04:11:06 | WARD_B_TEMP_01 | 37.6 | WARNING
2026-09-22 04:11:06 | WARD_B_TEMP_02 | 40.1 | CRITICAL
2026-09-22 04:11:06 | WARD_B_TEMP_03 | 36.3 | NORMAL
2026-09-22 04:11:06 | WARD_B_TEMP_04 | 40.0 | CRITICAL
2026-09-22 04:11:06 | WARD_B_TEMP_05 | 36.4 | NORMAL
2026-09-22 04:11:07 | WARD_B_TEMP_01 | 36.5 | NORMAL
2026-09-22 04:11:07 | WARD_B_TEMP_02 | 39.7 | CRITICAL
2026-09-22 04:11:07 | WARD_B_TEMP_03 | 40.4 | CRITICAL
2026-09-22 04:11:07 | WARD_B_TEMP_04 | 40.2 | CRITICAL
2026-09-22 04:11:07 | WARD_B_TEMP_05 | 40.4 | CRITICAL
2026-09-22 04:11:08 | WARD_B_TEMP_01 | 40.4 | CRITICAL
2026-09-22 04:11:08 | WARD_B_TEMP_02 | 36.2 | NORMAL
2026-09-22 04:11:08 | WARD_B_TEMP_03 | 36.6 | NORMAL
2026-09-22 04:11:08 | WARD_B_TEMP_04 | 35.7 | NORMAL
2026-09-22 04:11:08 | WARD_B_TEMP_05 | 38.5 | CRITICAL
2026-09-22 04:11:09 | WARD_B_TEMP_01 | 39.7 | CRITICAL
2026-09-22 04:11:09 | WARD_B_TEMP_02 | 38.6 | CRITICAL
2026-09-22 04:11:09 | WARD_B_TEMP_03 | 39.9 | CRITICAL
2026-09-22 04:11:09 | WARD_B_TEMP_04 | 40.2 | CRITICAL
2026-09-22 04:11:09 | WARD_B_TEMP_05 | 38.5 | CRITICAL
2026-09-22 04:11:10 | WARD_B_TEMP_01 | 34.7 | CRITICAL
2026-09-22 04:11:10 | WARD_B_TEMP_02 | 39.7 | CRITICAL
2026-09-22 04:11:10 | WARD_B_TEMP_03 | 39.0 | CRITICAL
2026-09-22 04:11:10 | WARD_B_TEMP_04 | 36.5 | NORMAL
2026-09-22 04:11:10 | WARD_B_TEMP_05 | 37.7 | WARNING
2026-09-22 04:11:11 | WARD_B_TEMP_01 | 34.8 | CRITICAL
2026-09-22 04:11:11 | WARD_B_TEMP_02 | 40.3 | CRITICAL
2026-09-22 04:11:11 | WARD_B_TEMP_03 | 37.1 | NORMAL
2026-09-22 04:11:11 | WARD_B_TEMP_04 | 38.0 | WARNING
2026-09-22 04:11:11 | WARD_B_TEMP_05 | 36.1 | NORMAL
2026-09-22 04:11:12 | WARD_B_TEMP_01 | 35.8 | NORMAL
2026-09-22 04:11:12 | WARD_B_TEMP_02 | 40.4 | CRITICAL
2026-09-22 04:11:12 | WARD_B_TEMP_03 | 37.2 | NORMAL
2026-09-22 04:11:12 | WARD_B_TEMP_04 | 35.3 | CRITICAL
2026-09-22 04:11:12 | WARD_B_TEMP_05 | 35.9 | NORMAL
2026-09-22 04:11:13 | WARD_B_TEMP_01 | 38.5 | CRITICAL
2026-09-22 04:11:13 | WARD_B_TEMP_02 | 39.9 | CRITICAL
2026-09-22 04:11:13 | WARD_B_TEMP_03 | 36.9 | NORMAL
2026-09-22 04:11:13 | WARD_B_TEMP_04 | 38.6 | CRITICAL
2026-09-22 04:11:13 | WARD_B_TEMP_05 | 39.3 | CRITICAL
2026-09-22 04:11:14 | WARD_B_TEMP_01 | 35.0 | CRITICAL
2026-09-22 04:11:14 | WARD_B_TEMP_02 | 38.4 | CRITICAL
2026-09-22 04:11:14 | WARD_B_TEMP_03 | 37.0 | NORMAL
2026-09-22 04:11:14 | WARD_B_TEMP_04 | 35.0 | CRITICAL
2026-09-22 04:11:14 | WARD_B_TEMP_05 | 40.2 | CRITICAL
2026-09-22 04:11:15 | WARD_B_TEMP_01 | 35.9 | NORMAL
2026-09-22 04:11:15 | WARD_B_TEMP_02 | 40.3 | CRITICAL
2026-09-22 04:11:15 | WARD_B_TEMP_03 | 38.6 | CRITICAL
2026-09-22 04:11:15 | WARD_B_TEMP_04 | 38.6 | CRITICAL
2026-09-22 04:11:15 | WARD_B_TEMP_05 | 34.9 | CRITICAL
2026-09-22 04:11:16 | WARD_B_TEMP_01 | 38.7 | CRITICAL
2026-09-22 04:11:16 | WARD_B_TEMP_02 | 36.4 | NORMAL
2026-09-22 04:11:16 | WARD_B_TEMP_03 | 36.0 | NORMAL
2026-09-22 04:11:16 | WARD_B_TEMP_04 | 39.2 | CRITICAL
2026-09-22 04:11:16 | WARD_B_TEMP_05 | 36.7 | NORMAL
2026-09-22 04:11:17 | WARD_B_TEMP_01 | 37.8 | WARNING
2026-09-22 04:11:17 | WARD_B_TEMP_02 | 34.6 | CRITICAL
2026-09-22 04:11:17 | WARD_B_TEMP_03 | 37.5 | WARNING
2026-09-22 04:11:17 | WARD_B_TEMP_04 | 35.2 | CRITICAL
2026-09-22 04:11:17 | WARD_B_TEMP_05 | 35.2 | CRITICAL
2026-09-22 04:11:18 | WARD_B_TEMP_01 | 36.9 | NORMAL
2026-09-22 04:11:18 | WARD_B_TEMP_02 | 36.1 | NORMAL
2026-09-22 04:11:18 | WARD_B_TEMP_03 | 36.0 | NORMAL
2026-09-22 04:11:18 | WARD_B_TEMP_04 | 39.8 | CRITICAL
2026-09-22 04:11:18 | WARD_B_TEMP_05 | 36.2 | NORMAL
2026-09-22 04:11:19 | WARD_B_TEMP_01 | 38.8 | CRITICAL
2026-09-22 04:11:19 | WARD_B_TEMP_02 | 40.3 | CRITICAL
2026-09-22 04:11:19 | WARD_B_TEMP_03 | 37.9 | WARNING
2026-09-22 04:11:19 | WARD_B_TEMP_04 | 39.1 | CRITICAL
2026-09-22 04:11:19 | WARD_B_TEMP_05 | 35.8 | NORMAL
2026-09-22 04:11:20 | WARD_B_TEMP_01 | 40.3 | CRITICAL
2026-09-22 04:11:20 | WARD_B_TEMP_02 | 37.4 | NORMAL
2026-09-22 04:11:20 | WARD_B_TEMP_03 | 35.4 | CRITICAL
2026-09-22 04:11:20 | WARD_B_TEMP_04 | 38.5 | CRITICAL
2026-09-22 04:11:20 | WARD_B_TEMP_05 | 40.1 | CRITICAL
2026-09-22 04:11:21 | WARD_B_TEMP_01 | 36.5 | NORMAL
2026-09-22 04:11:21 | WARD_B_TEMP_02 | 39.0 | CRITICAL
2026-09-22 04:11:21 | WARD_B_TEMP_03 | 36.4 | NORMAL
2026-09-22 04:11:21 | WARD_B_TEMP_04 | 37.0 | NORMAL
2026-09-22 04:11:21 | WARD_B_TEMP_05 | 37.8 | WARNING
2026-09-22 04:11:22 | WARD_B_TEMP_01 | 36.2 | NORMAL
2026-09-22 04:11:22 | WARD_B_TEMP_02 | 38.1 | CRITICAL
2026-09-22 04:11:22 | WARD_B_TEMP_03 | 40.0 | CRITICAL
2026-09-22 04:11:22 | WARD_B_TEMP_04 | 35.0 | CRITICAL
2026-09-22 04:11:22 | WARD_B_TEMP_05 | 36.7 | NORMAL
2026-09-22 04:11:23 | WARD_B_TEMP_01 | 37.1 | NORMAL
2026-09-22 04:11:23 | WARD_B_TEMP_02 | 35.3 | CRITICAL
2026-09-22 04:11:23 | WARD_B_TEMP_03 | 35.8 | NORMAL
2026-09-22 04:11:23 | WARD_B_TEMP_04 | 37.1 | NORMAL
2026-09-22 04:11:23 | WARD_B_TEMP_05 | 40.0 | CRITICAL
2026-09-22 04:11:24 | WARD_B_TEMP_01 | 38.2 | CRITICAL
2026-09-22 04:11:24 | WARD_B_TEMP_02 | 37.5 | WARNING
2026-09-22 04:11:24 | WARD_B_TEMP_03 | 36.2 | NORMAL
2026-09-22 04:11:24 | WARD_B_TEMP_04 | 38.6 | CRITICAL
2026-09-22 04:11:24 | WARD_B_TEMP_05 | 37.6 | WARNING
2026-09-22 04:11:25 | WARD_B_TEMP_01 | 39.6 | CRITICAL
2026-09-22 04:11:25 | WARD_B_TEMP_02 | 35.1 | CRITICAL
2026-09-22 04:11:25 | WARD_B_TEMP_03 | 40.0 | CRITICAL
2026-09-22 04:11:25 | WARD_B_TEMP_04 | 40.0 | CRITICAL
2026-09-22 04:11:25 | WARD_B_TEMP_05 | 36.2 | NORMAL
2026-09-22 04:11:26 | WARD_B_TEMP_01 | 39.4 | CRITICAL
2026-09-22 04:11:26 | WARD_B_TEMP_02 | 39.7 | CRITICAL
2026-09-22 04:11:26 | WARD_B_TEMP_03 | 38.6 | CRITICAL
2026-09-22 04:11:26 | WARD_B_TEMP_04 | 39.7 | CRITICAL
2026-09-22 04:11:26 | WARD_B_TEMP_05 | 37.8 | WARNING
2026-09-22 04:11:27 | WARD_B_TEMP_01 | 38.2 | CRITICAL
2026-09-22 04:11:27 | WARD_B_TEMP_02 | 34.5 | CRITICAL
2026-09-22 04:11:27 | WARD_B_TEMP_03 | 37.8 | WARNING
2026-09-22 04:11:27 | WARD_B_TEMP_04 | 34.6 | CRITICAL
2026-09-22 04:11:27 | WARD_B_TEMP_05 | 35.8 | NORMAL
2026-09-22 04:11:28 | WARD_B_TEMP_01 | 39.3 | CRITICAL
2026-09-22 04:11:28 | WARD_B_TEMP_02 | 36.3 | NORMAL
2026-09-22 04:11:28 | WARD_B_TEMP_03 | 34.8 | CRITICAL
2026-09-22 04:11:28 | WARD_B_TEMP_04 | 39.9 | CRITICAL
2026-09-22 04:11:28 | WARD_B_TEMP_05 | 35.1 | CRITICAL
2026-09-22 04:11:29 | WARD_B_TEMP_01 | 39.2 | CRITICAL
2026-09-22 04:11:29 | WARD_B_TEMP_02 | 37.7 | WARNING
2026-09-22 04:11:29 | WARD_B_TEMP_03 | 40.1 | CRITICAL
2026-09-22 04:11:29 | WARD_B_TEMP_04 | 35.2 | CRITICAL
2026-09-22 04:11:29 | WARD_B_TEMP_05 | 37.2 | NORMAL
2026-09-22 04:11:30 | WARD_B_TEMP_01 | 40.2 | CRITICAL
2026-09-22 04:11:30 | WARD_B_TEMP_02 | 36.4 | NORMAL
2026-09-22 04:11:30 | WARD_B_TEMP_03 | 40.1 | CRITICAL
2026-09-22 04:11:30 | WARD_B_TEMP_04 | 35.3 | CRITICAL
2026-09-22 04:11:30 | WARD_B_TEMP_05 | 34.8 | CRITICAL
2026-09-22 04:11:31 | WARD_B_TEMP_01 | 36.7 | NORMAL
2026-09-22 04:11:31 | WARD_B_TEMP_02 | 35.5 | NORMAL
2026-09-22 04:11:31 | WARD_B_TEMP_03 | 40.1 | CRITICAL
2026-09-22 04:11:31 | WARD_B_TEMP_04 | 39.0 | CRITICAL
2026-09-22 04:11:31 | WARD_B_TEMP_05 | 40.3 | CRITICAL
2026-09-22 04:11:32 | WARD_B_TEMP_01 | 35.7 | NORMAL
2026-09-22 04:11:32 | WARD_B_TEMP_02 | 39.2 | CRITICAL
2026-09-22 04:11:32 | WARD_B_TEMP_03 | 38.4 | CRITICAL
2026-09-22 04:11:32 | WARD_B_TEMP_04 | 36.3 | NORMAL
2026-09-22 04:11:32 | WARD_B_TEMP_05 | 35.2 | CRITICAL
2026-09-22 04:11:33 | WARD_B_TEMP_01 | 37.6 | WARNING
2026-09-22 04:11:33 | WARD_B_TEMP_02 | 38.3 | CRITICAL
2026-09-22 04:11:33 | WARD_B_TEMP_03 | 37.9 | WARNING
2026-09-22 04:11:33 | WARD_B_TEMP_04 | 34.7 | CRITICAL
2026-09-22 04:11:33 | WARD_B_TEMP_05 | 40.5 | CRITICAL
2026-09-22 04:11:34 | WARD_B_TEMP_01 | 35.6 | NORMAL
2026-09-22 04:11:34 | WARD_B_TEMP_02 | 38.3 | CRITICAL
2026-09-22 04:11:34 | WARD_B_TEMP_03 | 34.8 | CRITICAL
2026-09-22 04:11:34 | WARD_B_TEMP_04 | 36.1 | NORMAL
2026-09-22 04:11:34 | WARD_B_TEMP_05 | 37.6 | WARNING
2026-09-22 04:11:35 | WARD_B_TEMP_01 | 39.9 | CRITICAL
2026-09-22 04:11:35 | WARD_B_TEMP_02 | 36.7 | NORMAL
2026-09-22 04:11:35 | WARD_B_TEMP_03 | 34.8 | CRITICAL
2026-09-22 04:11:35 | WARD_B_TEMP_04 | 34.5 | CRITICAL
2026-09-22 04:11:35 | WARD_B_TEMP_05 | 36.9 | NORMAL
2026-09-22 04:11:36 | WARD_B_TEMP_01 | 35.6 | NORMAL
2026-09-22 04:11:36 | WARD_B_TEMP_02 | 35.2 | CRITICAL
2026-09-22 04:11:36 | WARD_B_TEMP_03 | 35.8 | NORMAL
2026-09-22 04:11:36 | WARD_B_TEMP_04 | 35.4 | CRITICAL
2026-09-22 04:11:36 | WARD_B_TEMP_05 | 37.7 | WARNING
2026-09-22 04:11:37 | WARD_B_TEMP_01 | 36.5 | NORMAL
2026-09-22 04:11:37 | WARD_B_TEMP_02 | 40.0 | CRITICAL
2026-09-22 04:11:37 | WARD_B_TEMP_03 | 40.4 | CRITICAL
2026-09-22 04:11:37 | WARD_B_TEMP_04 | 39.8 | CRITICAL
2026-09-22 04:11:37 | WARD_B_TEMP_05 | 40.2 | CRITICAL
2026-09-22 04:11:38 | WARD_B_TEMP_01 | 35.1 | CRITICAL
2026-09-22 04:11:38 | WARD_B_TEMP_02 | 39.7 | CRITICAL
2026-09-22 04:11:38 | WARD_B_TEMP_03 | 37.7 | WARNING
2026-09-22 04:11:38 | WARD_B_TEMP_04 | 38.3 | CRITICAL
2026-09-22 04:11:38 | WARD_B_TEMP_05 | 39.7 | CRITICAL
2026-09-22 04:11:39 | WARD_B_TEMP_01 | 37.8 | WARNING
2026-09-22 04:11:39 | WARD_B_TEMP_02 | 40.2 | CRITICAL
2026-09-22 04:11:39 | WARD_B_TEMP_03 | 34.8 | CRITICAL
2026-09-22 04:11:39 | WARD_B_TEMP_04 | 40.3 | CRITICAL
2026-09-22 04:11:39 | WARD_B_TEMP_05 | 35.7 | NORMAL
2026-09-22 04:11:40 | WARD_B_TEMP_01 | 36.5 | NORMAL
2026-09-22 04:11:40 | WARD_B_TEMP_02 | 36.0 | NORMAL
2026-09-22 04:11:40 | WARD_B_TEMP_03 | 36.5 | NORMAL
2026-09-22 04:11:40 | WARD_B_TEMP_04 | 37.9 | WARNING
2026-09-22 04:11:40 | WARD_B_TEMP_05 | 38.3 | CRITICAL
2026-09-22 04:11:41 | WARD_B_TEMP_01 | 37.5 | WARNING
2026-09-22 04:11:41 | WARD_B_TEMP_02 | 38.8 | CRITICAL
2026-09-22 04:11:41 | WARD_B_TEMP_03 | 36.8 | NORMAL
2026-09-22 04:11:41 | WARD_B_TEMP_04 | 35.9 | NORMAL
2026-09-22 04:11:41 | WARD_B_TEMP_05 | 36.4 | NORMAL
2026-09-22 04:11:42 | WARD_B_TEMP_01 | 39.6 | CRITICAL
2026-09-22 04:11:42 | WARD_B_TEMP_02 | 39.9 | CRITICAL
2026-09-22 04:11:42 | WARD_B_TEMP_03 | 40.0 | CRITICAL
2026-09-22 04:11:42 | WARD_B_TEMP_04 | 34.7 | CRITICAL
2026-09-22 04:11:42 | WARD_B_TEMP_05 | 39.8 | CRITICAL
2026-09-22 04:11:43 | WARD_B_TEMP_01 | 35.7 | NORMAL
2026-09-22 04:11:43 | WARD_B_TEMP_02 | 39.7 | CRITICAL
2026-09-22 04:11:43 | WARD_B_TEMP_03 | 34.7 | CRITICAL
2026-09-22 04:11:43 | WARD_B_TEMP_04 | 34.6 | CRITICAL
2026-09-22 04:11:43 | WARD_B_TEMP_05 | 39.9 | CRITICAL
2026-09-22 04:11:44 | WARD_B_TEMP_01 | 40.0 | CRITICAL
2026-09-22 04:11:44 | WARD_B_TEMP_02 | 39.8 | CRITICAL
2026-09-22 04:11:44 | WARD_B_TEMP_03 | 35.7 | NORMAL
2026-09-22 04:11:44 | WARD_B_TEMP_04 | 34.6 | CRITICAL
2026-09-22 04:11:44 | WARD_B_TEMP_05 | 34.9 | CRITICAL
2026-09-22 04:11:45 | WARD_B_TEMP_01 | 38.9 | CRITICAL
2026-09-22 04:11:45 | WARD_B_TEMP_02 | 35.9 | NORMAL
2026-09-22 04:11:45 | WARD_B_TEMP_03 | 39.3 | CRITICAL
2026-09-22 04:11:45 | WARD_B_TEMP_04 | 37.6 | WARNING
2026-09-22 04:11:45 | WARD_B_TEMP_05 | 37.5 | WARNING
2026-09-22 04:11:46 | WARD_B_TEMP_01 | 38.4 | CRITICAL
2026-09-22 04:11:46 | WARD_B_TEMP_02 | 34.6 | CRITICAL
2026-09-22 04:11:46 | WARD_B_TEMP_03 | 34.5 | CRITICAL
2026-09-22 04:11:46 | WARD_B_TEMP_04 | 38.9 | CRITICAL
2026-09-22 04:11:46 | WARD_B_TEMP_05 | 36.3 | NORMAL
2026-09-22 04:11:47 | WARD_B_TEMP_01 | 39.2 | CRITICAL
2026-09-22 04:11:47 | WARD_B_TEMP_02 | 37.4 | NORMAL
2026-09-22 04:11:47 | WARD_B_TEMP_03 | 36.9 | NORMAL
2026-09-22 04:11:47 | WARD_B_TEMP_04 | 36.5 | NORMAL
2026-09-22 04:11:47 | WARD_B_TEMP_05 | 37.0 | NORMAL
2026-09-22 04:11:48 | WARD_B_TEMP_01 | 37.3 | NORMAL
2026-09-22 04:11:48 | WARD_B_TEMP_02 | 38.8 | CRITICAL
2026-09-22 04:11:48 | WARD_B_TEMP_03 | 35.5 | NORMAL
2026-09-22 04:11:48 | WARD_B_TEMP_04 | 38.8 | CRITICAL
2026-09-22 04:11:48 | WARD_B_TEMP_05 | 36.1 | NORMAL
2026-09-22 04:11:49 | WARD_B_TEMP_01 | 37.8 | WARNING
2026-09-22 04:11:49 | WARD_B_TEMP_02 | 36.2 | NORMAL
2026-09-22 04:11:49 | WARD_B_TEMP_03 | 36.0 | NORMAL
2026-09-22 04:11:49 | WARD_B_TEMP_04 | 39.1 | CRITICAL
2026-09-22 04:11:49 | WARD_B_TEMP_05 | 39.4 | CRITICAL
2026-09-22 04:11:50 | WARD_B_TEMP_01 | 34.9 | CRITICAL
2026-09-22 04:11:50 | WARD_B_TEMP_02 | 39.8 | CRITICAL
2026-09-22 04:11:50 | WARD_B_TEMP_03 | 39.8 | CRITICAL
2026-09-22 04:11:50 | WARD_B_TEMP_04 | 38.0 | WARNING
2026-09-22 04:11:50 | WARD_B_TEMP_05 | 35.4 | CRITICAL
2026-09-22 04:11:51 | WARD_B_TEMP_01 | 35.5 | NORMAL
2026-09-22 04:11:51 | WARD_B_TEMP_02 | 38.4 | CRITICAL
2026-09-22 04:11:51 | WARD_B_TEMP_03 | 38.0 | WARNING
2026-09-22 04:11:51 | WARD_B_TEMP_04 | 35.2 | CRITICAL
2026-09-22 04:11:51 | WARD_B_TEMP_05 | 40.1 | CRITICAL
2026-09-22 04:11:52 | WARD_B_TEMP_01 | 36.2 | NORMAL
2026-09-22 04:11:52 | WARD_B_TEMP_02 | 35.9 | NORMAL
2026-09-22 04:11:52 | WARD_B_TEMP_03 | 38.4 | CRITICAL
2026-09-22 04:11:52 | WARD_B_TEMP_04 | 35.0 | CRITICAL
2026-09-22 04:11:52 | WARD_B_TEMP_05 | 39.0 | CRITICAL
2026-09-22 04:11:53 | WARD_B_TEMP_01 | 40.4 | CRITICAL
2026-09-22 04:11:53 | WARD_B_TEMP_02 | 38.1 | CRITICAL
2026-09-22 04:11:53 | WARD_B_TEMP_03 | 38.3 | CRITICAL
2026-09-22 04:11:53 | WARD_B_TEMP_04 | 35.4 | CRITICAL
2026-09-22 04:11:53 | WARD_B_TEMP_05 | 37.3 | NORMAL
2026-09-22 04:11:54 | WARD_B_TEMP_01 | 36.1 | NORMAL
2026-09-22 04:11:54 | WARD_B_TEMP_02 | 37.6 | WARNING
2026-09-22 04:11:54 | WARD_B_TEMP_03 | 40.3 | CRITICAL
2026-09-22 04:11:54 | WARD_B_TEMP_04 | 37.5 | WARNING
2026-09-22 04:11:54 | WARD_B_TEMP_05 | 35.1 | CRITICAL
2026-09-22 04:11:55 | WARD_B_TEMP_01 | 34.5 | CRITICAL
2026-09-22 04:11:55 | WARD_B_TEMP_02 | 38.4 | CRITICAL
2026-09-22 04:11:55 | WARD_B_TEMP_03 | 35.3 | CRITICAL
2026-09-22 04:11:55 | WARD_B_TEMP_04 | 39.8 | CRITICAL
2026-09-22 04:11:55 | WARD_B_TEMP_05 | 35.2 | CRITICAL
2026-09-22 04:11:56 | WARD_B_TEMP_01 | 38.3 | CRITICAL
2026-09-22 04:11:56 | WARD_B_TEMP_02 | 40.1 | CRITICAL
2026-09-22 04:11:56 | WARD_B_TEMP_03 | 34.9 | CRITICAL
2026-09-22 04:11:56 | WARD_B_TEMP_04 | 36.1 | NORMAL
2026-09-22 04:11:56 | WARD_B_TEMP_05 | 35.9 | NORMAL
2026-09-22 04:11:57 | WARD_B_TEMP_01 | 37.6 | WARNING
2026-09-22 04:11:57 | WARD_B_TEMP_02 | 38.3 | CRITICAL
2026-09-22 04:11:57 | WARD_B_TEMP_03 | 38.0 | WARNING
2026-09-22 04:11:57 | WARD_B_TEMP_04 | 37.3 | NORMAL
2026-09-22 04:11:57 | WARD_B_TEMP_05 | 37.9 | WARNING
2026-09-22 04:11:58 | WARD_B_TEMP_01 | 37.4 | NORMAL
2026-09-22 04:11:58 | WARD_B_TEMP_02 | 39.5 | CRITICAL
2026-09-22 04:11:58 | WARD_B_TEMP_03 | 40.2 | CRITICAL
2026-09-22 04:11:58 | WARD_B_TEMP_04 | 39.2 | CRITICAL
2026-09-22 04:11:58 | WARD_B_TEMP_05 | 39.5 | CRITICAL
2026-09-22 04:11:59 | WARD_B_TEMP_01 | 38.7 | CRITICAL
2026-09-22 04:11:59 | WARD_B_TEMP_02 | 40.3 | CRITICAL
2026-09-22 04:11:59 | WARD_B_TEMP_03 | 38.6 | CRITICAL
2026-09-22 04:11:59 | WARD_B_TEMP_04 | 37.5 | WARNING
2026-09-22 04:11:59 | WARD_B_TEMP_05 | 38.2 | CRITICAL
2026-09-22 04:12:00 | WARD_B_TEMP_01 | 36.8 | NORMAL
2026-09-22 04:12:00 | WARD_B_TEMP_02 | 34.6 | CRITICAL
2026-09-22 04:12:00 | WARD_B_TEMP_03 | 37.3 | NORMAL
2026-09-22 04:12:00 | WARD_B_TEMP_04 | 38.4 | CRITICAL
2026-09-22 04:12:00 | WARD_B_TEMP_05 | 38.0 | WARNING
2026-09-22 04:12:01 | WARD_B_TEMP_01 | 39.8 | CRITICAL
2026-09-22 04:12:01 | WARD_B_TEMP_02 | 40.0 | CRITICAL
2026-09-22 04:12:01 | WARD_B_TEMP_03 | 39.8 | CRITICAL
2026-09-22 04:12:01 | WARD_B_TEMP_04 | 37.0 | NORMAL
2026-09-22 04:12:01 | WARD_B_TEMP_05 | 35.0 | CRITICAL
2026-09-22 04:12:02 | WARD_B_TEMP_01 | 35.7 | NORMAL
2026-09-22 04:12:02 | WARD_B_TEMP_02 | 38.7 | CRITICAL
2026-09-22 04:12:02 | WARD_B_TEMP_03 | 36.6 | NORMAL
2026-09-22 04:12:02 | WARD_B_TEMP_04 | 36.7 | NORMAL
2026-09-22 04:12:02 | WARD_B_TEMP_05 | 38.6 | CRITICAL
2026-09-22 04:12:03 | WARD_B_TEMP_01 | 36.8 | NORMAL
2026-09-22 04:12:03 | WARD_B_TEMP_02 | 35.9 | NORMAL
2026-09-22 04:12:03 | WARD_B_TEMP_03 | 40.4 | CRITICAL
2026-09-22 04:12:03 | WARD_B_TEMP_04 | 36.3 | NORMAL
2026-09-22 04:12:03 | WARD_B_TEMP_05 | 35.4 | CRITICAL
2026-09-22 04:12:04 | WARD_B_TEMP_01 | 37.9 | WARNING
2026-09-22 04:12:04 | WARD_B_TEMP_02 | 38.3 | CRITICAL
2026-09-22 04:12:04 | WARD_B_TEMP_03 | 38.5 | CRITICAL
2026-09-22 04:12:04 | WARD_B_TEMP_04 | 35.7 | NORMAL
2026-09-22 04:12:04 | WARD_B_TEMP_05 | 39.8 | CRITICAL
2026-09-22 04:12:05 | WARD_B_TEMP_01 | 36.5 | NORMAL
2026-09-22 04:12:05 | WARD_B_TEMP_02 | 35.4 | CRITICAL
2026-09-22 04:12:05 | WARD_B_TEMP_03 | 38.8 | CRITICAL
2026-09-22 04:12:05 | WARD_B_TEMP_04 | 38.7 | CRITICAL
2026-09-22 04:12:05 | WARD_B_TEMP_05 | 39.1 | CRITICAL
2026-09-22 04:12:06 | WARD_B_TEMP_01 | 35.8 | NORMAL
2026-09-22 04:12:06 | WARD_B_TEMP_02 | 35.9 | NORMAL
2026-09-22 04:12:06 | WARD_B_TEMP_03 | 35.5 | NORMAL
2026-09-22 04:12:06 | WARD_B_TEMP_04 | 34.8 | CRITICAL
2026-09-22 04:12:06 | WARD_B_TEMP_05 | 36.1 | NORMAL
2026-09-22 04:12:07 | WARD_B_TEMP_01 | 35.8 | NORMAL
2026-09-22 04:12:07 | WARD_B_TEMP_02 | 37.0 | NORMAL
2026-09-22 04:12:07 | WARD_B_TEMP_03 | 34.6 | CRITICAL
2026-09-22 04:12:07 | WARD_B_TEMP_04 | 39.9 | CRITICAL
2026-09-22 04:12:07 | WARD_B_TEMP_05 | 34.7 | CRITICAL
2026-09-22 04:12:08 | WARD_B_TEMP_01 | 39.6 | CRITICAL
2026-09-22 04:12:08 | WARD_B_TEMP_02 | 39.3 | CRITICAL
2026-09-22 04:12:08 | WARD_B_TEMP_03 | 36.8 | NORMAL
2026-09-22 04:12:08 | WARD_B_TEMP_04 | 37.8 | WARNING
2026-09-22 04:12:08 | WARD_B_TEMP_05 | 39.2 | CRITICAL
2026-09-22 04:12:09 | WARD_B_TEMP_01 | 38.9 | CRITICAL
2026-09-22 04:12:09 | WARD_B_TEMP_02 | 34.8 | CRITICAL
2026-09-22 04:12:09 | WARD_B_TEMP_03 | 37.8 | WARNING
2026-09-22 04:12:09 | WARD_B_TEMP_04 | 39.5 | CRITICAL
2026-09-22 04:12:09 | WARD_B_TEMP_05 | 34.9 | CRITICAL
2026-09-22 04:12:10 | WARD_B_TEMP_01 | 39.3 | CRITICAL
2026-09-22 04:12:10 | WARD_B_TEMP_02 | 39.5 | CRITICAL
2026-09-22 04:12:10 | WARD_B_TEMP_03 | 35.5 | NORMAL
2026-09-22 04:12:10 | WARD_B_TEMP_04 | 37.2 | NORMAL
2026-09-22 04:12:10 | WARD_B_TEMP_05 | 36.3 | NORMAL
2026-09-22 04:12:11 | WARD_B_TEMP_01 | 38.7 | CRITICAL
2026-09-22 04:12:11 | WARD_B_TEMP_02 | 37.3 | NORMAL
2026-09-22 04:12:11 | WARD_B_TEMP_03 | 34.8 | CRITICAL
2026-09-22 04:12:11 | WARD_B_TEMP_04 | 39.5 | CRITICAL
2026-09-22 04:12:11 | WARD_B_TEMP_05 | 38.1 | CRITICAL
2026-09-22 04:12:12 | WARD_B_TEMP_01 | 37.3 | NORMAL
2026-09-22 04:12:12 | WARD_B_TEMP_02 | 39.0 | CRITICAL
2026-09-22 04:12:12 | WARD_B_TEMP_03 | 39.6 | CRITICAL
2026-09-22 04:12:12 | WARD_B_TEMP_04 | 35.3 | CRITICAL
2026-09-22 04:12:12 | WARD_B_TEMP_05 | 35.1 | CRITICAL
2026-09-22 04:12:13 | WARD_B_TEMP_01 | 38.3 | CRITICAL
2026-09-22 04:12:13 | WARD_B_TEMP_02 | 36.6 | NORMAL
2026-09-22 04:12:13 | WARD_B_TEMP_03 | 34.6 | CRITICAL
2026-09-22 04:12:13 | WARD_B_TEMP_04 | 35.3 | CRITICAL
2026-09-22 04:12:13 | WARD_B_TEMP_05 | 37.1 | NORMAL
2026-09-22 04:12:14 | WARD_B_TEMP_01 | 38.3 | CRITICAL
2026-09-22 04:12:14 | WARD_B_TEMP_02 | 35.7 | NORMAL
2026-09-22 04:12:14 | WARD_B_TEMP_03 | 36.8 | NORMAL
2026-09-22 04:12:14 | WARD_B_TEMP_04 | 37.8 | WARNING
2026-09-22 04:12:14 | WARD_B_TEMP_05 | 34.6 | CRITICAL
2026-09-22 04:12:15 | WARD_B_TEMP_01 | 36.7 | NORMAL
2026-09-22 04:12:15 | WARD_B_TEMP_02 | 40.4 | CRITICAL
2026-09-22 04:12:15 | WARD_B_TEMP_03 | 38.5 | CRITICAL
2026-09-22 04:12:15 | WARD_B_TEMP_04 | 35.8 | NORMAL
2026-09-22 04:12:15 | WARD_B_TEMP_05 | 34.9 | CRITICAL
2026-09-22 04:12:16 | WARD_B_TEMP_01 | 39.9 | CRITICAL
2026-09-22 04:12:16 | WARD_B_TEMP_02 | 40.0 | CRITICAL
2026-09-22 04:12:16 | WARD_B_TEMP_03 | 38.9 | CRITICAL
2026-09-22 04:12:16 | WARD_B_TEMP_04 | 36.8 | NORMAL
2026-09-22 04:12:16 | WARD_B_TEMP_05 | 40.3 | CRITICAL
2026-09-22 04:12:17 | WARD_B_TEMP_01 | 39.8 | CRITICAL
2026-09-22 04:12:17 | WARD_B_TEMP_02 | 34.9 | CRITICAL
2026-09-22 04:12:17 | WARD_B_TEMP_03 | 36.6 | NORMAL
2026-09-22 04:12:17 | WARD_B_TEMP_04 | 37.0 | NORMAL
2026-09-22 04:12:17 | WARD_B_TEMP_05 | 35.4 | CRITICAL
2026-09-22 04:12:18 | WARD_B_TEMP_01 | 36.5 | NORMAL
2026-09-22 04:12:18 | WARD_B_TEMP_02 | 36.8 | NORMAL
2026-09-22 04:12:18 | WARD_B_TEMP_03 | 36.6 | NORMAL
2026-09-22 04:12:18 | WARD_B_TEMP_04 | 35.2 | CRITICAL
2026-09-22 04:12:18 | WARD_B_TEMP_05 | 36.0 | NORMAL
2026-09-22 04:12:19 | WARD_B_TEMP_01 | 38.1 | CRITICAL
2026-09-22 04:12:19 | WARD_B_TEMP_02 | 39.1 | CRITICAL
2026-09-22 04:12:19 | WARD_B_TEMP_03 | 34.5 | CRITICAL
2026-09-22 04:12:19 | WARD_B_TEMP_04 | 35.1 | CRITICAL
2026-09-22 04:12:19 | WARD_B_TEMP_05 | 36.9 | NORMAL
2026-09-22 04:12:20 | WARD_B_TEMP_01 | 39.5 | CRITICAL
2026-09-22 04:12:20 | WARD_B_TEMP_02 | 35.3 | CRITICAL
2026-09-22 04:12:20 | WARD_B_TEMP_03 | 35.5 | NORMAL
2026-09-22 04:12:20 | WARD_B_TEMP_04 | 37.2 | NORMAL
2026-09-22 04:12:20 | WARD_B_TEMP_05 | 37.6 | WARNING
2026-09-22 04:12:21 | WARD_B_TEMP_01 | 39.6 | CRITICAL
2026-09-22 04:12:21 | WARD_B_TEMP_02 | 37.7 | WARNING
2026-09-22 04:12:21 | WARD_B_TEMP_03 | 36.1 | NORMAL
2026-09-22 04:12:21 | WARD_B_TEMP_04 | 40.4 | CRITICAL
2026-09-22 04:12:21 | WARD_B_TEMP_05 | 36.9 | NORMAL
2026-09-22 04:12:22 | WARD_B_TEMP_01 | 39.8 | CRITICAL
2026-09-22 04:12:22 | WARD_B_TEMP_02 | 37.7 | WARNING
2026-09-22 04:12:22 | WARD_B_TEMP_03 | 38.2 | CRITICAL
2026-09-22 04:12:22 | WARD_B_TEMP_04 | 36.0 | NORMAL
2026-09-22 04:12:22 | WARD_B_TEMP_05 | 36.8 | NORMAL
2026-09-22 04:12:23 | WARD_B_TEMP_01 | 38.6 | CRITICAL
2026-09-22 04:12:23 | WARD_B_TEMP_02 | 38.1 | CRITICAL
2026-09-22 04:12:23 | WARD_B_TEMP_03 | 37.1 | NORMAL
2026-09-22 04:12:23 | WARD_B_TEMP_04 | 36.7 | NORMAL
2026-09-22 04:12:23 | WARD_B_TEMP_05 | 34.6 | CRITICAL
2026-09-22 04:12:24 | WARD_B_TEMP_01 | 37.9 | WARNING
2026-09-22 04:12:24 | WARD_B_TEMP_02 | 38.3 | CRITICAL
2026-09-22 04:12:24 | WARD_B_TEMP_03 | 39.3 | CRITICAL
2026-09-22 04:12:24 | WARD_B_TEMP_04 | 40.0 | CRITICAL
2026-09-22 04:12:24 | WARD_B_TEMP_05 | 36.6 | NORMAL
2026-09-22 04:12:25 | WARD_B_TEMP_01 | 35.8 | NORMAL
2026-09-22 04:12:25 | WARD_B_TEMP_02 | 35.1 | CRITICAL
2026-09-22 04:12:25 | WARD_B_TEMP_03 | 37.3 | NORMAL
2026-09-22 04:12:25 | WARD_B_TEMP_04 | 35.5 | NORMAL
2026-09-22 04:12:25 | WARD_B_TEMP_05 | 35.7 | NORMAL
2026-09-22 04:12:26 | WARD_B_TEMP_01 | 36.6 | NORMAL
2026-09-22 04:12:26 | WARD_B_TEMP_02 | 39.1 | CRITICAL
2026-09-22 04:12:26 | WARD_B_TEMP_03 | 37.5 | WARNING
2026-09-22 04:12:26 | WARD_B_TEMP_04 | 37.1 | NORMAL
2026-09-22 04:12:26 | WARD_B_TEMP_05 | 37.0 | NORMAL
2026-09-22 04:12:27 | WARD_B_TEMP_01 | 35.8 | NORMAL
2026-09-22 04:12:27 | WARD_B_TEMP_02 | 38.8 | CRITICAL
2026-09-22 04:12:27 | WARD_B_TEMP_03 | 39.4 | CRITICAL
2026-09-22 04:12:27 | WARD_B_TEMP_04 | 36.0 | NORMAL
2026-09-22 04:12:27 | WARD_B_TEMP_05 | 39.7 | CRITICAL
2026-09-22 04:12:28 | WARD_B_TEMP_01 | 39.2 | CRITICAL
2026-09-22 04:12:28 | WARD_B_TEMP_02 | 39.9 | CRITICAL
2026-09-22 04:12:28 | WARD_B_TEMP_03 | 37.0 | NORMAL
2026-09-22 04:12:28 | WARD_B_TEMP_04 | 38.4 | CRITICAL
2026-09-22 04:12:28 | WARD_B_TEMP_05 | 38.1 | CRITICAL
2026-09-22 04:12:29 | WARD_B_TEMP_01 | 35.2 | CRITICAL
2026-09-22 04:12:29 | WARD_B_TEMP_02 | 36.8 | NORMAL
2026-09-22 04:12:29 | WARD_B_TEMP_03 | 38.1 | CRITICAL
2026-09-22 04:12:29 | WARD_B_TEMP_04 | 38.4 | CRITICAL
2026-09-22 04:12:29 | WARD_B_TEMP_05 | 38.1 | CRITICAL
2026-09-22 04:12:30 | WARD_B_TEMP_01 | 40.0 | CRITICAL
2026-09-22 04:12:30 | WARD_B_TEMP_02 | 37.6 | WARNING
2026-09-22 04:12:30 | WARD_B_TEMP_03 | 39.7 | CRITICAL
2026-09-22 04:12:30 | WARD_B_TEMP_04 | 35.1 | CRITICAL
2026-09-22 04:12:30 | WARD_B_TEMP_05 | 36.9 | NORMAL
2026-09-22 04:12:31 | WARD_B_TEMP_01 | 35.8 | NORMAL
2026-09-22 04:12:31 | WARD_B_TEMP_02 | 34.5 | CRITICAL
2026-09-22 04:12:31 | WARD_B_TEMP_03 | 40.1 | CRITICAL
2026-09-22 04:12:31 | WARD_B_TEMP_04 | 38.9 | CRITICAL
2026-09-22 04:12:31 | WARD_B_TEMP_05 | 39.7 | CRITICAL
2026-09-22 04:12:32 | WARD_B_TEMP_01 | 39.4 | CRITICAL
2026-09-22 04:12:32 | WARD_B_TEMP_02 | 40.5 | CRITICAL
2026-09-22 04:12:32 | WARD_B_TEMP_03 | 36.1 | NORMAL
2026-09-22 04:12:32 | WARD_B_TEMP_04 | 39.2 | CRITICAL
2026-09-22 04:12:32 | WARD_B_TEMP_05 | 37.2 | NORMAL
2026-09-22 04:12:33 | WARD_B_TEMP_01 | 38.1 | CRITICAL
2026-09-22 04:12:33 | WARD_B_TEMP_02 | 39.9 | CRITICAL
2026-09-22 04:12:33 | WARD_B_TEMP_03 | 37.9 | WARNING
2026-09-22 04:12:33 | WARD_B_TEMP_04 | 38.3 | CRITICAL
2026-09-22 04:12:33 | WARD_B_TEMP_05 | 36.1 | NORMAL
2026-09-22 04:12:34 | WARD_B_TEMP_01 | 39.1 | CRITICAL
2026-09-22 04:12:34 | WARD_B_TEMP_02 | 38.0 | WARNING
2026-09-22 04:12:34 | WARD_B_TEMP_03 | 38.2 | CRITICAL
2026-09-22 04:12:34 | WARD_B_TEMP_04 | 40.4 | CRITICAL
2026-09-22 04:12:34 | WARD_B_TEMP_05 | 34.9 | CRITICAL
2026-09-22 04:12:35 | WARD_B_TEMP_01 | 36.6 | NORMAL
2026-09-22 04:12:35 | WARD_B_TEMP_02 | 38.9 | CRITICAL
2026-09-22 04:12:35 | WARD_B_TEMP_03 | 36.4 | NORMAL
2026-09-22 04:12:35 | WARD_B_TEMP_04 | 35.8 | NORMAL
2026-09-22 04:12:35 | WARD_B_TEMP_05 | 36.1 | NORMAL
2026-09-22 04:12:36 | WARD_B_TEMP_01 | 39.5 | CRITICAL
2026-09-22 04:12:36 | WARD_B_TEMP_02 | 39.7 | CRITICAL
2026-09-22 04:12:36 | WARD_B_TEMP_03 | 37.3 | NORMAL
2026-09-22 04:12:36 | WARD_B_TEMP_04 | 39.5 | CRITICAL
2026-09-22 04:12:36 | WARD_B_TEMP_05 | 37.5 | WARNING
2026-09-22 04:12:37 | WARD_B_TEMP_01 | 38.8 | CRITICAL
2026-09-22 04:12:37 | WARD_B_TEMP_02 | 38.0 | WARNING
2026-09-22 04:12:37 | WARD_B_TEMP_03 | 37.1 | NORMAL
2026-09-22 04:12:37 | WARD_B_TEMP_04 | 38.2 | CRITICAL
2026-09-22 04:12:37 | WARD_B_TEMP_05 | 37.1 | NORMAL
2026-09-22 04:12:38 | WARD_B_TEMP_01 | 34.9 | CRITICAL
2026-09-22 04:12:38 | WARD_B_TEMP_02 | 35.1 | CRITICAL
2026-09-22 04:12:38 | WARD_B_TEMP_03 | 35.8 | NORMAL
2026-09-22 04:12:38 | WARD_B_TEMP_04 | 37.6 | WARNING
2026-09-22 04:12:38 | WARD_B_TEMP_05 | 35.6 | NORMAL
2026-09-22 04:12:39 | WARD_B_TEMP_01 | 39.5 | CRITICAL
2026-09-22 04:12:39 | WARD_B_TEMP_02 | 38.9 | CRITICAL
2026-09-22 04:12:39 | WARD_B_TEMP_03 | 34.9 | CRITICAL
2026-09-22 04:12:39 | WARD_B_TEMP_04 | 35.0 | CRITICAL
2026-09-22 04:12:39 | WARD_B_TEMP_05 | 39.2 | CRITICAL
2026-09-22 04:12:40 | WARD_B_TEMP_01 | 38.0 | WARNING
2026-09-22 04:12:40 | WARD_B_TEMP_02 | 38.5 | CRITICAL
2026-09-22 04:12:40 | WARD_B_TEMP_03 | 38.1 | CRITICAL
2026-09-22 04:12:40 | WARD_B_TEMP_04 | 38.5 | CRITICAL
2026-09-22 04:12:40 | WARD_B_TEMP_05 | 38.4 | CRITICAL
2026-09-22 04:12:41 | WARD_B_TEMP_01 | 35.0 | CRITICAL
2026-09-22 04:12:41 | WARD_B_TEMP_02 | 35.4 | CRITICAL
2026-09-22 04:12:41 | WARD_B_TEMP_03 | 37.6 | WARNING
2026-09-22 04:12:41 | WARD_B_TEMP_04 | 34.8 | CRITICAL
2026-09-22 04:12:41 | WARD_B_TEMP_05 | 38.6 | CRITICAL
2026-09-22 04:12:42 | WARD_B_TEMP_01 | 37.4 | NORMAL
2026-09-22 04:12:42 | WARD_B_TEMP_02 | 38.6 | CRITICAL
2026-09-22 04:12:42 | WARD_B_TEMP_03 | 36.2 | NORMAL
2026-09-22 04:12:42 | WARD_B_TEMP_04 | 39.6 | CRITICAL
2026-09-22 04:12:42 | WARD_B_TEMP_05 | 40.1 | CRITICAL
2026-09-22 04:12:43 | WARD_B_TEMP_01 | 37.2 | NORMAL
2026-09-22 04:12:43 | WARD_B_TEMP_02 | 40.1 | CRITICAL
2026-09-22 04:12:43 | WARD_B_TEMP_03 | 39.0 | CRITICAL
2026-09-22 04:12:43 | WARD_B_TEMP_04 | 40.0 | CRITICAL
2026-09-22 04:12:43 | WARD_B_TEMP_05 | 38.6 | CRITICAL
2026-09-22 04:12:44 | WARD_B_TEMP_01 | 38.4 | CRITICAL
2026-09-22 04:12:44 | WARD_B_TEMP_02 | 35.0 | CRITICAL
2026-09-22 04:12:44 | WARD_B_TEMP_03 | 37.8 | WARNING
2026-09-22 04:12:44 | WARD_B_TEMP_04 | 36.2 | NORMAL
2026-09-22 04:12:44 | WARD_B_TEMP_05 | 37.7 | WARNING
2026-09-22 04:12:45 | WARD_B_TEMP_01 | 35.9 | NORMAL
2026-09-22 04:12:45 | WARD_B_TEMP_02 | 39.3 | CRITICAL
2026-09-22 04:12:45 | WARD_B_TEMP_03 | 37.4 | NORMAL
2026-09-22 04:12:45 | WARD_B_TEMP_04 | 40.4 | CRITICAL
2026-09-22 04:12:45 | WARD_B_TEMP_05 | 39.4 | CRITICAL
2026-09-22 04:12:46 | WARD_B_TEMP_01 | 39.4 | CRITICAL
2026-09-22 04:12:46 | WARD_B_TEMP_02 | 37.4 | NORMAL
2026-09-22 04:12:46 | WARD_B_TEMP_03 | 35.8 | NORMAL
2026-09-22 04:12:46 | WARD_B_TEMP_04 | 34.6 | CRITICAL
2026-09-22 04:12:46 | WARD_B_TEMP_05 | 35.3 | CRITICAL
2026-09-22 04:12:47 | WARD_B_TEMP_01 | 35.8 | NORMAL
2026-09-22 04:12:47 | WARD_B_TEMP_02 | 35.3 | CRITICAL
2026-09-22 04:12:47 | WARD_B_TEMP_03 | 36.1 | NORMAL
2026-09-22 04:12:47 | WARD_B_TEMP_04 | 35.2 | CRITICAL
2026-09-22 04:12:47 | WARD_B_TEMP_05 | 40.4 | CRITICAL
2026-09-22 04:12:48 | WARD_B_TEMP_01 | 36.4 | NORMAL
2026-09-22 04:12:48 | WARD_B_TEMP_02 | 38.7 | CRITICAL
2026-09-22 04:12:48 | WARD_B_TEMP_03 | 38.1 | CRITICAL
2026-09-22 04:12:48 | WARD_B_TEMP_04 | 34.7 | CRITICAL
2026-09-22 04:12:48 | WARD_B_TEMP_05 | 38.1 | CRITICAL
2026-09-22 04:12:49 | WARD_B_TEMP_01 | 35.9 | NORMAL
2026-09-22 04:12:49 | WARD_B_TEMP_02 | 36.4 | NORMAL
2026-09-22 04:12:49 | WARD_B_TEMP_03 | 35.0 | CRITICAL
2026-09-22 04:12:49 | WARD_B_TEMP_04 | 36.0 | NORMAL
2026-09-22 04:12:49 | WARD_B_TEMP_05 | 37.0 | NORMAL
2026-09-22 04:12:50 | WARD_B_TEMP_01 | 37.8 | WARNING
2026-09-22 04:12:50 | WARD_B_TEMP_02 | 36.1 | NORMAL
2026-09-22 04:12:50 | WARD_B_TEMP_03 | 37.2 | NORMAL
2026-09-22 04:12:50 | WARD_B_TEMP_04 | 37.4 | NORMAL
2026-09-22 04:12:50 | WARD_B_TEMP_05 | 36.6 | NORMAL
2026-09-22 04:12:51 | WARD_B_TEMP_01 | 39.2 | CRITICAL
2026-09-22 04:12:51 | WARD_B_TEMP_02 | 37.9 | WARNING
2026-09-22 04:12:51 | WARD_B_TEMP_03 | 35.1 | CRITICAL
2026-09-22 04:12:51 | WARD_B_TEMP_04 | 38.1 | CRITICAL
2026-09-22 04:12:51 | WARD_B_TEMP_05 | 37.4 | NORMAL
2026-09-22 04:12:52 | WARD_B_TEMP_01 | 39.1 | CRITICAL
2026-09-22 04:12:52 | WARD_B_TEMP_02 | 40.3 | CRITICAL
2026-09-22 04:12:52 | WARD_B_TEMP_03 | 39.6 | CRITICAL
2026-09-22 04:12:52 | WARD_B_TEMP_04 | 40.2 | CRITICAL
2026-09-22 04:12:52 | WARD_B_TEMP_05 | 37.8 | WARNING
2026-09-22 04:12:53 | WARD_B_TEMP_01 | 35.0 | CRITICAL
2026-09-22 04:12:53 | WARD_B_TEMP_02 | 38.2 | CRITICAL
2026-09-22 04:12:53 | WARD_B_TEMP_03 | 35.2 | CRITICAL
2026-09-22 04:12:53 | WARD_B_TEMP_04 | 40.5 | CRITICAL
2026-09-22 04:12:53 | WARD_B_TEMP_05 | 39.7 | CRITICAL
2026-09-22 04:12:54 | WARD_B_TEMP_01 | 36.6 | NORMAL
2026-09-22 04:12:54 | WARD_B_TEMP_02 | 39.3 | CRITICAL
2026-09-22 04:12:54 | WARD_B_TEMP_03 | 34.8 | CRITICAL
2026-09-22 04:12:54 | WARD_B_TEMP_04 | 34.8 | CRITICAL
2026-09-22 04:12:54 | WARD_B_TEMP_05 | 40.0 | CRITICAL
2026-09-22 04:12:55 | WARD_B_TEMP_01 | 39.7 | CRITICAL
2026-09-22 04:12:55 | WARD_B_TEMP_02 | 36.8 | NORMAL
2026-09-22 04:12:55 | WARD_B_TEMP_03 | 40.5 | CRITICAL
2026-09-22 04:12:55 | WARD_B_TEMP_04 | 38.7 | CRITICAL
2026-09-22 04:12:55 | WARD_B_TEMP_05 | 34.6 | CRITICAL
2026-09-22 04:12:56 | WARD_B_TEMP_01 | 35.6 | NORMAL
2026-09-22 04:12:56 | WARD_B_TEMP_02 | 38.2 | CRITICAL
2026-09-22 04:12:56 | WARD_B_TEMP_03 | 39.2 | CRITICAL
2026-09-22 04:12:56 | WARD_B_TEMP_04 | 35.1 | CRITICAL
2026-09-22 04:12:56 | WARD_B_TEMP_05 | 39.4 | CRITICAL
2026-09-22 04:12:57 | WARD_B_TEMP_01 | 38.2 | CRITICAL
2026-09-22 04:12:57 | WARD_B_TEMP_02 | 36.4 | NORMAL
2026-09-22 04:12:57 | WARD_B_TEMP_03 | 37.2 | NORMAL
2026-09-22 04:12:57 | WARD_B_TEMP_04 | 37.7 | WARNING
2026-09-22 04:12:57 | WARD_B_TEMP_05 | 36.5 | NORMAL
2026-09-22 04:12:58 | WARD_B_TEMP_01 | 36.9 | NORMAL
2026-09-22 04:12:58 | WARD_B_TEMP_02 | 35.8 | NORMAL
2026-09-22 04:12:58 | WARD_B_TEMP_03 | 39.3 | CRITICAL
2026-09-22 04:12:58 | WARD_B_TEMP_04 | 38.9 | CRITICAL
2026-09-22 04:12:58 | WARD_B_TEMP_05 | 38.2 | CRITICAL
2026-09-22 04:12:59 | WARD_B_TEMP_01 | 38.1 | CRITICAL
2026-09-22 04:12:59 | WARD_B_TEMP_02 | 35.4 | CRITICAL
2026-09-22 04:12:59 | WARD_B_TEMP_03 | 39.6 | CRITICAL
2026-09-22 04:12:59 | WARD_B_TEMP_04 | 36.7 | NORMAL
2026-09-22 04:12:59 | WARD_B_TEMP_05 | 38.9 | CRITICAL
2026-09-22 04:13:00 | WARD_B_TEMP_01 | 37.4 | NORMAL
2026-09-22 04:13:00 | WARD_B_TEMP_02 | 37.0 | NORMAL
2026-09-22 04:13:00 | WARD_B_TEMP_03 | 39.2 | CRITICAL
2026-09-22 04:13:00 | WARD_B_TEMP_04 | 35.0 | CRITICAL
2026-09-22 04:13:00 | WARD_B_TEMP_05 | 34.9 | CRITICAL
2026-09-22 04:13:01 | WARD_B_TEMP_01 | 39.3 | CRITICAL
2026-09-22 04:13:01 | WARD_B_TEMP_02 | 37.1 | NORMAL
2026-09-22 04:13:01 | WARD_B_TEMP_03 | 38.6 | CRITICAL
2026-09-22 04:13:01 | WARD_B_TEMP_04 | 38.1 | CRITICAL
2026-09-22 04:13:01 | WARD_B_TEMP_05 | 39.1 | CRITICAL
2026-09-22 04:13:02 | WARD_B_TEMP_01 | 36.5 | NORMAL
2026-09-22 04:13:02 | WARD_B_TEMP_02 | 35.8 | NORMAL
2026-09-22 04:13:02 | WARD_B_TEMP_03 | 38.3 | CRITICAL
2026-09-22 04:13:02 | WARD_B_TEMP_04 | 38.3 | CRITICAL
2026-09-22 04:13:02 | WARD_B_TEMP_05 | 36.4 | NORMAL
2026-09-22 04:13:03 | WARD_B_TEMP_01 | 37.7 | WARNING
2026-09-22 04:13:03 | WARD_B_TEMP_02 | 35.8 | NORMAL
2026-09-22 04:13:03 | WARD_B_TEMP_03 | 36.2 | NORMAL
2026-09-22 04:13:03 | WARD_B_TEMP_04 | 37.2 | NORMAL
2026-09-22 04:13:03 | WARD_B_TEMP_05 | 35.4 | CRITICAL
2026-09-22 04:13:04 | WARD_B_TEMP_01 | 35.4 | CRITICAL
2026-09-22 04:13:04 | WARD_B_TEMP_02 | 36.2 | NORMAL
2026-09-22 04:13:04 | WARD_B_TEMP_03 | 39.7 | CRITICAL
2026-09-22 04:13:04 | WARD_B_TEMP_04 | 38.2 | CRITICAL
2026-09-22 04:13:04 | WARD_B_TEMP_05 | 36.0 | NORMAL
2026-09-22 04:13:05 | WARD_B_TEMP_01 | 36.3 | NORMAL
2026-09-22 04:13:05 | WARD_B_TEMP_02 | 39.3 | CRITICAL
2026-09-22 04:13:05 | WARD_B_TEMP_03 | 34.5 | CRITICAL
2026-09-22 04:13:05 | WARD_B_TEMP_04 | 36.0 | NORMAL
2026-09-22 04:13:05 | WARD_B_TEMP_05 | 36.8 | NORMAL
2026-09-22 04:13:06 | WARD_B_TEMP_01 | 40.5 | CRITICAL
2026-09-22 04:13:06 | WARD_B_TEMP_02 | 34.7 | CRITICAL
2026-09-22 04:13:06 | WARD_B_TEMP_03 | 38.9 | CRITICAL
2026-09-22 04:13:06 | WARD_B_TEMP_04 | 39.2 | CRITICAL
2026-09-22 04:13:06 | WARD_B_TEMP_05 | 38.4 | CRITICAL
2026-09-22 04:13:07 | WARD_B_TEMP_01 | 38.9 | CRITICAL
2026-09-22 04:13:07 | WARD_B_TEMP_02 | 37.1 | NORMAL
2026-09-22 04:13:07 | WARD_B_TEMP_03 | 39.7 | CRITICAL
2026-09-22 04:13:07 | WARD_B_TEMP_04 | 36.1 | NORMAL
2026-09-22 04:13:07 | WARD_B_TEMP_05 | 37.0 | NORMAL
2026-09-22 04:13:08 | WARD_B_TEMP_01 | 37.0 | NORMAL
2026-09-22 04:13:08 | WARD_B_TEMP_02 | 39.5 | CRITICAL
2026-09-22 04:13:08 | WARD_B_TEMP_03 | 39.0 | CRITICAL
2026-09-22 04:13:08 | WARD_B_TEMP_04 | 38.8 | CRITICAL
2026-09-22 04:13:08 | WARD_B_TEMP_05 | 36.9 | NORMAL
2026-09-22 04:13:09 | WARD_B_TEMP_01 | 35.5 | NORMAL
2026-09-22 04:13:09 | WARD_B_TEMP_02 | 34.7 | CRITICAL
2026-09-22 04:13:09 | WARD_B_TEMP_03 | 37.1 | NORMAL
2026-09-22 04:13:09 | WARD_B_TEMP_04 | 39.4 | CRITICAL
2026-09-22 04:13:09 | WARD_B_TEMP_05 | 40.1 | CRITICAL
2026-09-22 04:13:10 | WARD_B_TEMP_01 | 38.5 | CRITICAL
2026-09-22 04:13:10 | WARD_B_TEMP_02 | 36.0 | NORMAL
2026-09-22 04:13:10 | WARD_B_TEMP_03 | 38.4 | CRITICAL
2026-09-22 04:13:10 | WARD_B_TEMP_04 | 34.7 | CRITICAL
2026-09-22 04:13:10 | WARD_B_TEMP_05 | 39.8 | CRITICAL
2026-09-22 04:13:11 | WARD_B_TEMP_01 | 34.9 | CRITICAL
2026-09-22 04:13:11 | WARD_B_TEMP_02 | 38.6 | CRITICAL
2026-09-22 04:13:11 | WARD_B_TEMP_03 | 39.2 | CRITICAL
2026-09-22 04:13:11 | WARD_B_TEMP_04 | 39.0 | CRITICAL
2026-09-22 04:13:11 | WARD_B_TEMP_05 | 39.9 | CRITICAL
2026-09-22 04:13:12 | WARD_B_TEMP_01 | 39.6 | CRITICAL
2026-09-22 04:13:12 | WARD_B_TEMP_02 | 36.9 | NORMAL
2026-09-22 04:13:12 | WARD_B_TEMP_03 | 39.4 | CRITICAL
2026-09-22 04:13:12 | WARD_B_TEMP_04 | 35.5 | NORMAL
2026-09-22 04:13:12 | WARD_B_TEMP_05 | 40.4 | CRITICAL
2026-09-22 04:13:13 | WARD_B_TEMP_01 | 35.6 | NORMAL
2026-09-22 04:13:13 | WARD_B_TEMP_02 | 38.1 | CRITICAL
2026-09-22 04:13:13 | WARD_B_TEMP_03 | 37.8 | WARNING
2026-09-22 04:13:13 | WARD_B_TEMP_04 | 36.7 | NORMAL
2026-09-22 04:13:13 | WARD_B_TEMP_05 | 37.4 | NORMAL
2026-09-22 04:13:14 | WARD_B_TEMP_01 | 35.3 | CRITICAL
2026-09-22 04:13:14 | WARD_B_TEMP_02 | 35.2 | CRITICAL
2026-09-22 04:13:14 | WARD_B_TEMP_03 | 37.6 | WARNING
2026-09-22 04:13:14 | WARD_B_TEMP_04 | 34.8 | CRITICAL
2026-09-22 04:13:14 | WARD_B_TEMP_05 | 36.9 | NORMAL
2026-09-22 04:13:15 | WARD_B_TEMP_01 | 36.5 | NORMAL
2026-09-22 04:13:15 | WARD_B_TEMP_02 | 38.2 | CRITICAL
2026-09-22 04:13:15 | WARD_B_TEMP_03 | 38.5 | CRITICAL
2026-09-22 04:13:15 | WARD_B_TEMP_04 | 39.5 | CRITICAL
2026-09-22 04:13:15 | WARD_B_TEMP_05 | 39.4 | CRITICAL
2026-09-22 04:13:16 | WARD_B_TEMP_01 | 39.6 | CRITICAL
2026-09-22 04:13:16 | WARD_B_TEMP_02 | 39.4 | CRITICAL
2026-09-22 04:13:16 | WARD_B_TEMP_03 | 36.4 | NORMAL
2026-09-22 04:13:16 | WARD_B_TEMP_04 | 38.1 | CRITICAL
2026-09-22 04:13:16 | WARD_B_TEMP_05 | 40.3 | CRITICAL
2026-09-22 04:13:17 | WARD_B_TEMP_01 | 36.4 | NORMAL
2026-09-22 04:13:17 | WARD_B_TEMP_02 | 38.1 | CRITICAL
2026-09-22 04:13:17 | WARD_B_TEMP_03 | 38.1 | CRITICAL
2026-09-22 04:13:17 | WARD_B_TEMP_04 | 38.1 | CRITICAL
2026-09-22 04:13:17 | WARD_B_TEMP_05 | 39.4 | CRITICAL
2026-09-22 04:13:18 | WARD_B_TEMP_01 | 35.2 | CRITICAL
2026-09-22 04:13:18 | WARD_B_TEMP_02 | 39.0 | CRITICAL
2026-09-22 04:13:18 | WARD_B_TEMP_03 | 35.3 | CRITICAL
2026-09-22 04:13:18 | WARD_B_TEMP_04 | 36.3 | NORMAL
2026-09-22 04:13:18 | WARD_B_TEMP_05 | 36.8 | NORMAL
2026-09-22 04:13:19 | WARD_B_TEMP_01 | 38.4 | CRITICAL
2026-09-22 04:13:19 | WARD_B_TEMP_02 | 35.3 | CRITICAL
2026-09-22 04:13:19 | WARD_B_TEMP_03 | 36.3 | NORMAL
2026-09-22 04:13:19 | WARD_B_TEMP_04 | 35.3 | CRITICAL
2026-09-22 04:13:19 | WARD_B_TEMP_05 | 37.7 | WARNING
2026-09-22 04:13:20 | WARD_B_TEMP_01 | 38.4 | CRITICAL
2026-09-22 04:13:20 | WARD_B_TEMP_02 | 38.3 | CRITICAL
2026-09-22 04:13:20 | WARD_B_TEMP_03 | 35.7 | NORMAL
2026-09-22 04:13:20 | WARD_B_TEMP_04 | 34.6 | CRITICAL
2026-09-22 04:13:20 | WARD_B_TEMP_05 | 35.9 | NORMAL
2026-09-22 04:13:21 | WARD_B_TEMP_01 | 36.9 | NORMAL
2026-09-22 04:13:21 | WARD_B_TEMP_02 | 38.0 | WARNING
2026-09-22 04:13:21 | WARD_B_TEMP_03 | 35.5 | NORMAL
2026-09-22 04:13:21 | WARD_B_TEMP_04 | 38.0 | WARNING
2026-09-22 04:13:21 | WARD_B_TEMP_05 | 37.2 | NORMAL
2026-09-22 04:13:22 | WARD_B_TEMP_01 | 39.5 | CRITICAL
2026-09-22 04:13:22 | WARD_B_TEMP_02 | 38.1 | CRITICAL
2026-09-22 04:13:22 | WARD_B_TEMP_03 | 40.0 | CRITICAL
2026-09-22 04:13:22 | WARD_B_TEMP_04 | 39.4 | CRITICAL
2026-09-22 04:13:22 | WARD_B_TEMP_05 | 36.0 | NORMAL
2026-09-22 04:13:23 | WARD_B_TEMP_01 | 40.1 | CRITICAL
2026-09-22 04:13:23 | WARD_B_TEMP_02 | 39.5 | CRITICAL
2026-09-22 04:13:23 | WARD_B_TEMP_03 | 39.5 | CRITICAL
2026-09-22 04:13:23 | WARD_B_TEMP_04 | 34.6 | CRITICAL
2026-09-22 04:13:23 | WARD_B_TEMP_05 | 39.8 | CRITICAL
2026-09-22 04:13:24 | WARD_B_TEMP_01 | 37.4 | NORMAL
2026-09-22 04:13:24 | WARD_B_TEMP_02 | 36.9 | NORMAL
2026-09-22 04:13:24 | WARD_B_TEMP_03 | 35.7 | NORMAL
2026-09-22 04:13:24 | WARD_B_TEMP_04 | 39.3 | CRITICAL
2026-09-22 04:13:24 | WARD_B_TEMP_05 | 39.8 | CRITICAL
2026-09-22 04:13:25 | WARD_B_TEMP_01 | 38.4 | CRITICAL
2026-09-22 04:13:25 | WARD_B_TEMP_02 | 39.2 | CRITICAL
2026-09-22 04:13:25 | WARD_B_TEMP_03 | 34.9 | CRITICAL
2026-09-22 04:13:25 | WARD_B_TEMP_04 | 37.7 | WARNING
2026-09-22 04:13:25 | WARD_B_TEMP_05 | 38.3 | CRITICAL
2026-09-22 04:13:26 | WARD_B_TEMP_01 | 37.2 | NORMAL
2026-09-22 04:13:26 | WARD_B_TEMP_02 | 34.8 | CRITICAL
2026-09-22 04:13:26 | WARD_B_TEMP_03 | 39.2 | CRITICAL
2026-09-22 04:13:26 | WARD_B_TEMP_04 | 37.4 | NORMAL
2026-09-22 04:13:26 | WARD_B_TEMP_05 | 35.7 | NORMAL
2026-09-22 04:13:27 | WARD_B_TEMP_01 | 40.1 | CRITICAL
2026-09-22 04:13:27 | WARD_B_TEMP_02 | 37.7 | WARNING
2026-09-22 04:13:27 | WARD_B_TEMP_03 | 40.0 | CRITICAL
2026-09-22 04:13:27 | WARD_B_TEMP_04 | 37.9 | WARNING
2026-09-22 04:13:27 | WARD_B_TEMP_05 | 38.9 | CRITICAL
2026-09-22 04:13:28 | WARD_B_TEMP_01 | 40.4 | CRITICAL
2026-09-22 04:13:28 | WARD_B_TEMP_02 | 37.2 | NORMAL
2026-09-22 04:13:28 | WARD_B_TEMP_03 | 37.4 | NORMAL
2026-09-22 04:13:28 | WARD_B_TEMP_04 | 36.8 | NORMAL
2026-09-22 04:13:28 | WARD_B_TEMP_05 | 34.9 | CRITICAL
2026-09-22 04:13:29 | WARD_B_TEMP_01 | 35.4 | CRITICAL
2026-09-22 04:13:29 | WARD_B_TEMP_02 | 36.4 | NORMAL
2026-09-22 04:13:29 | WARD_B_TEMP_03 | 35.5 | NORMAL
2026-09-22 04:13:29 | WARD_B_TEMP_04 | 37.4 | NORMAL
2026-09-22 04:13:29 | WARD_B_TEMP_05 | 34.8 | CRITICAL
2026-09-22 04:13:30 | WARD_B_TEMP_01 | 38.0 | WARNING
2026-09-22 04:13:30 | WARD_B_TEMP_02 | 40.3 | CRITICAL
2026-09-22 04:13:30 | WARD_B_TEMP_03 | 36.5 | NORMAL
2026-09-22 04:13:30 | WARD_B_TEMP_04 | 36.3 | NORMAL
2026-09-22 04:13:30 | WARD_B_TEMP_05 | 38.5 | CRITICAL
2026-09-22 04:13:31 | WARD_B_TEMP_01 | 36.3 | NORMAL
2026-09-22 04:13:31 | WARD_B_TEMP_02 | 38.8 | CRITICAL
2026-09-22 04:13:31 | WARD_B_TEMP_03 | 35.4 | CRITICAL
2026-09-22 04:13:31 | WARD_B_TEMP_04 | 36.0 | NORMAL
2026-09-22 04:13:31 | WARD_B_TEMP_05 | 34.9 | CRITICAL
2026-09-22 04:13:32 | WARD_B_TEMP_01 | 38.8 | CRITICAL
2026-09-22 04:13:32 | WARD_B_TEMP_02 | 38.5 | CRITICAL
2026-09-22 04:13:32 | WARD_B_TEMP_03 | 39.2 | CRITICAL
2026-09-22 04:13:32 | WARD_B_TEMP_04 | 38.5 | CRITICAL
2026-09-22 04:13:32 | WARD_B_TEMP_05 | 39.2 | CRITICAL
2026-09-22 04:13:33 | WARD_B_TEMP_01 | 40.2 | CRITICAL
2026-09-22 04:13:33 | WARD_B_TEMP_02 | 40.1 | CRITICAL
2026-09-22 04:13:33 | WARD_B_TEMP_03 | 36.0 | NORMAL
2026-09-22 04:13:33 | WARD_B_TEMP_04 | 35.1 | CRITICAL
2026-09-22 04:13:33 | WARD_B_TEMP_05 | 40.2 | CRITICAL
2026-09-22 04:13:34 | WARD_B_TEMP_01 | 38.3 | CRITICAL
2026-09-22 04:13:34 | WARD_B_TEMP_02 | 34.9 | CRITICAL
2026-09-22 04:13:34 | WARD_B_TEMP_03 | 40.2 | CRITICAL
2026-09-22 04:13:34 | WARD_B_TEMP_04 | 37.8 | WARNING
2026-09-22 04:13:34 | WARD_B_TEMP_05 | 35.0 | CRITICAL
2026-09-22 04:13:35 | WARD_B_TEMP_01 | 35.0 | CRITICAL
2026-09-22 04:13:35 | WARD_B_TEMP_02 | 35.7 | NORMAL
2026-09-22 04:13:35 | WARD_B_TEMP_03 | 36.9 | NORMAL
2026-09-22 04:13:35 | WARD_B_TEMP_04 | 37.1 | NORMAL
2026-09-22 04:13:35 | WARD_B_TEMP_05 | 36.4 | NORMAL
2026-09-22 04:13:36 | WARD_B_TEMP_01 | 34.7 | CRITICAL
2026-09-22 04:13:36 | WARD_B_TEMP_02 | 39.7 | CRITICAL
2026-09-22 04:13:36 | WARD_B_TEMP_03 | 35.0 | CRITICAL
2026-09-22 04:13:36 | WARD_B_TEMP_04 | 39.6 | CRITICAL
2026-09-22 04:13:36 | WARD_B_TEMP_05 | 38.7 | CRITICAL
2026-09-22 04:13:37 | WARD_B_TEMP_01 | 34.9 | CRITICAL
2026-09-22 04:13:37 | WARD_B_TEMP_02 | 37.9 | WARNING
2026-09-22 04:13:37 | WARD_B_TEMP_03 | 35.0 | CRITICAL
2026-09-22 04:13:37 | WARD_B_TEMP_04 | 34.7 | CRITICAL
2026-09-22 04:13:37 | WARD_B_TEMP_05 | 35.7 | NORMAL
2026-09-22 04:13:38 | WARD_B_TEMP_01 | 37.0 | NORMAL
2026-09-22 04:13:38 | WARD_B_TEMP_02 | 35.6 | NORMAL
2026-09-22 04:13:38 | WARD_B_TEMP_03 | 34.9 | CRITICAL
2026-09-22 04:13:38 | WARD_B_TEMP_04 | 38.6 | CRITICAL
2026-09-22 04:13:38 | WARD_B_TEMP_05 | 35.1 | CRITICAL
2026-09-22 04:13:39 | WARD_B_TEMP_01 | 40.2 | CRITICAL
2026-09-22 04:13:39 | WARD_B_TEMP_02 | 37.6 | WARNING
2026-09-22 04:13:39 | WARD_B_TEMP_03 | 38.1 | CRITICAL
2026-09-22 04:13:39 | WARD_B_TEMP_04 | 37.1 | NORMAL
2026-09-22 04:13:39 | WARD_B_TEMP_05 | 38.1 | CRITICAL
2026-09-22 04:13:40 | WARD_B_TEMP_01 | 35.3 | CRITICAL
2026-09-22 04:13:40 | WARD_B_TEMP_02 | 39.2 | CRITICAL
2026-09-22 04:13:40 | WARD_B_TEMP_03 | 37.8 | WARNING
2026-09-22 04:13:40 | WARD_B_TEMP_04 | 38.5 | CRITICAL
2026-09-22 04:13:40 | WARD_B_TEMP_05 | 37.5 | WARNING
2026-09-22 04:13:41 | WARD_B_TEMP_01 | 39.0 | CRITICAL
2026-09-22 04:13:41 | WARD_B_TEMP_02 | 37.7 | WARNING
2026-09-22 04:13:41 | WARD_B_TEMP_03 | 38.2 | CRITICAL
2026-09-22 04:13:41 | WARD_B_TEMP_04 | 38.4 | CRITICAL
2026-09-22 04:13:41 | WARD_B_TEMP_05 | 37.6 | WARNING
2026-09-22 04:13:42 | WARD_B_TEMP_01 | 36.1 | NORMAL
2026-09-22 04:13:42 | WARD_B_TEMP_02 | 38.5 | CRITICAL
2026-09-22 04:13:42 | WARD_B_TEMP_03 | 37.5 | WARNING
2026-09-22 04:13:42 | WARD_B_TEMP_04 | 39.7 | CRITICAL
2026-09-22 04:13:42 | WARD_B_TEMP_05 | 35.6 | NORMAL
2026-09-22 04:13:43 | WARD_B_TEMP_01 | 39.1 | CRITICAL
2026-09-22 04:13:43 | WARD_B_TEMP_02 | 38.2 | CRITICAL
2026-09-22 04:13:43 | WARD_B_TEMP_03 | 38.4 | CRITICAL
2026-09-22 04:13:43 | WARD_B_TEMP_04 | 35.2 | CRITICAL
2026-09-22 04:13:43 | WARD_B_TEMP_05 | 38.2 | CRITICAL
2026-09-22 04:13:44 | WARD_B_TEMP_01 | 39.6 | CRITICAL
2026-09-22 04:13:44 | WARD_B_TEMP_02 | 34.8 | CRITICAL
2026-09-22 04:13:44 | WARD_B_TEMP_03 | 35.1 | CRITICAL
2026-09-22 04:13:44 | WARD_B_TEMP_04 | 38.6 | CRITICAL
2026-09-22 04:13:44 | WARD_B_TEMP_05 | 34.8 | CRITICAL
2026-09-22 04:13:45 | WARD_B_TEMP_01 | 39.2 | CRITICAL
2026-09-22 04:13:45 | WARD_B_TEMP_02 | 38.4 | CRITICAL
2026-09-22 04:13:45 | WARD_B_TEMP_03 | 37.5 | WARNING
2026-09-22 04:13:45 | WARD_B_TEMP_04 | 39.5 | CRITICAL
2026-09-22 04:13:45 | WARD_B_TEMP_05 | 39.4 | CRITICAL
2026-09-22 04:13:46 | WARD_B_TEMP_01 | 36.4 | NORMAL
2026-09-22 04:13:46 | WARD_B_TEMP_02 | 36.9 | NORMAL
2026-09-22 04:13:46 | WARD_B_TEMP_03 | 36.0 | NORMAL
2026-09-22 04:13:46 | WARD_B_TEMP_04 | 37.9 | WARNING
2026-09-22 04:13:46 | WARD_B_TEMP_05 | 35.8 | NORMAL
2026-09-22 04:13:47 | WARD_B_TEMP_01 | 40.0 | CRITICAL
2026-09-22 04:13:47 | WARD_B_TEMP_02 | 35.6 | NORMAL
2026-09-22 04:13:47 | WARD_B_TEMP_03 | 36.0 | NORMAL
2026-09-22 04:13:47 | WARD_B_TEMP_04 | 37.3 | NORMAL
2026-09-22 04:13:47 | WARD_B_TEMP_05 | 35.0 | CRITICAL
2026-09-22 04:13:48 | WARD_B_TEMP_01 | 37.6 | WARNING
2026-09-22 04:13:48 | WARD_B_TEMP_02 | 37.7 | WARNING
2026-09-22 04:13:48 | WARD_B_TEMP_03 | 40.0 | CRITICAL
2026-09-22 04:13:48 | WARD_B_TEMP_04 | 34.6 | CRITICAL
2026-09-22 04:13:48 | WARD_B_TEMP_05 | 35.9 | NORMAL
2026-09-22 04:13:49 | WARD_B_TEMP_01 | 35.7 | NORMAL
2026-09-22 04:13:49 | WARD_B_TEMP_02 | 37.9 | WARNING
2026-09-22 04:13:49 | WARD_B_TEMP_03 | 38.5 | CRITICAL
2026-09-22 04:13:49 | WARD_B_TEMP_04 | 35.7 | NORMAL
2026-09-22 04:13:49 | WARD_B_TEMP_05 | 35.3 | CRITICAL
2026-09-22 04:13:50 | WARD_B_TEMP_01 | 35.5 | NORMAL
2026-09-22 04:13:50 | WARD_B_TEMP_02 | 35.4 | CRITICAL
2026-09-22 04:13:50 | WARD_B_TEMP_03 | 35.3 | CRITICAL
2026-09-22 04:13:50 | WARD_B_TEMP_04 | 36.1 | NORMAL
2026-09-22 04:13:50 | WARD_B_TEMP_05 | 35.3 | CRITICAL
2026-09-22 04:13:51 | WARD_B_TEMP_01 | 34.8 | CRITICAL
2026-09-22 04:13:51 | WARD_B_TEMP_02 | 36.8 | NORMAL
2026-09-22 04:13:51 | WARD_B_TEMP_03 | 40.1 | CRITICAL
2026-09-22 04:13:51 | WARD_B_TEMP_04 | 37.3 | NORMAL
2026-09-22 04:13:51 | WARD_B_TEMP_05 | 39.5 | CRITICAL
2026-09-22 04:13:52 | WARD_B_TEMP_01 | 39.9 | CRITICAL
2026-09-22 04:13:52 | WARD_B_TEMP_02 | 34.9 | CRITICAL
2026-09-22 04:13:52 | WARD_B_TEMP_03 | 39.3 | CRITICAL
2026-09-22 04:13:52 | WARD_B_TEMP_04 | 38.4 | CRITICAL
2026-09-22 04:13:52 | WARD_B_TEMP_05 | 37.9 | WARNING
2026-09-22 04:13:53 | WARD_B_TEMP_01 | 36.0 | NORMAL
2026-09-22 04:13:53 | WARD_B_TEMP_02 | 36.9 | NORMAL
2026-09-22 04:13:53 | WARD_B_TEMP_03 | 35.0 | CRITICAL
2026-09-22 04:13:53 | WARD_B_TEMP_04 | 38.8 | CRITICAL
2026-09-22 04:13:53 | WARD_B_TEMP_05 | 39.7 | CRITICAL
2026-09-22 04:13:54 | WARD_B_TEMP_01 | 35.8 | NORMAL
2026-09-22 04:13:54 | WARD_B_TEMP_02 | 39.6 | CRITICAL
2026-09-22 04:13:54 | WARD_B_TEMP_03 | 37.1 | NORMAL
2026-09-22 04:13:54 | WARD_B_TEMP_04 | 38.8 | CRITICAL
2026-09-22 04:13:54 | WARD_B_TEMP_05 | 35.3 | CRITICAL
2026-09-22 04:13:55 | WARD_B_TEMP_01 | 40.0 | CRITICAL
2026-09-22 04:13:55 | WARD_B_TEMP_02 | 39.7 | CRITICAL
2026-09-22 04:13:55 | WARD_B_TEMP_03 | 36.6 | NORMAL
2026-09-22 04:13:55 | WARD_B_TEMP_04 | 36.1 | NORMAL
2026-09-22 04:13:55 | WARD_B_TEMP_05 | 38.5 | CRITICAL
2026-09-22 04:13:56 | WARD_B_TEMP_01 | 37.4 | NORMAL
2026-09-22 04:13:56 | WARD_B_TEMP_02 | 37.4 | NORMAL
2026-09-22 04:13:56 | WARD_B_TEMP_03 | 35.2 | CRITICAL
2026-09-22 04:13:56 | WARD_B_TEMP_04 | 39.5 | CRITICAL
2026-09-22 04:13:56 | WARD_B_TEMP_05 | 39.5 | CRITICAL
2026-09-22 04:13:57 | WARD_B_TEMP_01 | 40.4 | CRITICAL
2026-09-22 04:13:57 | WARD_B_TEMP_02 | 38.3 | CRITICAL
2026-09-22 04:13:57 | WARD_B_TEMP_03 | 35.5 | NORMAL
2026-09-22 04:13:57 | WARD_B_TEMP_04 | 34.9 | CRITICAL
2026-09-22 04:13:57 | WARD_B_TEMP_05 | 34.6 | CRITICAL
2026-09-22 04:13:58 | WARD_B_TEMP_01 | 36.9 | NORMAL
2026-09-22 04:13:58 | WARD_B_TEMP_02 | 37.1 | NORMAL
2026-09-22 04:13:58 | WARD_B_TEMP_03 | 35.1 | CRITICAL
2026-09-22 04:13:58 | WARD_B_TEMP_04 | 38.7 | CRITICAL
2026-09-22 04:13:58 | WARD_B_TEMP_05 | 34.7 | CRITICAL
2026-09-22 04:13:59 | WARD_B_TEMP_01 | 36.3 | NORMAL
2026-09-22 04:13:59 | WARD_B_TEMP_02 | 36.5 | NORMAL
2026-09-22 04:13:59 | WARD_B_TEMP_03 | 39.6 | CRITICAL
2026-09-22 04:13:59 | WARD_B_TEMP_04 | 37.5 | WARNING
2026-09-22 04:13:59 | WARD_B_TEMP_05 | 36.4 | NORMAL
2026-09-22 04:14:00 | WARD_B_TEMP_01 | 38.9 | CRITICAL
2026-09-22 04:14:00 | WARD_B_TEMP_02 | 37.9 | WARNING
2026-09-22 04:14:00 | WARD_B_TEMP_03 | 35.7 | NORMAL
2026-09-22 04:14:00 | WARD_B_TEMP_04 | 37.8 | WARNING
2026-09-22 04:14:00 | WARD_B_TEMP_05 | 38.1 | CRITICAL
2026-09-22 04:14:01 | WARD_B_TEMP_01 | 38.6 | CRITICAL
2026-09-22 04:14:01 | WARD_B_TEMP_02 | 38.6 | CRITICAL
2026-09-22 04:14:01 | WARD_B_TEMP_03 | 35.8 | NORMAL
2026-09-22 04:14:01 | WARD_B_TEMP_04 | 38.9 | CRITICAL
2026-09-22 04:14:01 | WARD_B_TEMP_05 | 39.3 | CRITICAL
2026-09-22 04:14:02 | WARD_B_TEMP_01 | 38.5 | CRITICAL
2026-09-22 04:14:02 | WARD_B_TEMP_02 | 37.2 | NORMAL
2026-09-22 04:14:02 | WARD_B_TEMP_03 | 39.5 | CRITICAL
2026-09-22 04:14:02 | WARD_B_TEMP_04 | 36.6 | NORMAL
2026-09-22 04:14:02 | WARD_B_TEMP_05 | 39.9 | CRITICAL
2026-09-22 04:14:03 | WARD_B_TEMP_01 | 37.1 | NORMAL
2026-09-22 04:14:03 | WARD_B_TEMP_02 | 37.1 | NORMAL
2026-09-22 04:14:03 | WARD_B_TEMP_03 | 35.3 | CRITICAL
2026-09-22 04:14:03 | WARD_B_TEMP_04 | 36.6 | NORMAL
2026-09-22 04:14:03 | WARD_B_TEMP_05 | 38.8 | CRITICAL
2026-09-22 04:14:04 | WARD_B_TEMP_01 | 36.4 | NORMAL
2026-09-22 04:14:04 | WARD_B_TEMP_02 | 38.0 | WARNING
2026-09-22 04:14:04 | WARD_B_TEMP_03 | 39.1 | CRITICAL
2026-09-22 04:14:04 | WARD_B_TEMP_04 | 35.7 | NORMAL
2026-09-22 04:14:04 | WARD_B_TEMP_05 | 38.0 | WARNING
2026-09-22 04:14:05 | WARD_B_TEMP_01 | 37.8 | WARNING
2026-09-22 04:14:05 | WARD_B_TEMP_02 | 37.6 | WARNING
2026-09-22 04:14:05 | WARD_B_TEMP_03 | 35.0 | CRITICAL
2026-09-22 04:14:05 | WARD_B_TEMP_04 | 39.0 | CRITICAL
2026-09-22 04:14:05 | WARD_B_TEMP_05 | 39.7 | CRITICAL
2026-09-22 04:14:06 | WARD_B_TEMP_01 | 39.2 | CRITICAL
2026-09-22 04:14:06 | WARD_B_TEMP_02 | 36.4 | NORMAL
2026-09-22 04:14:06 | WARD_B_TEMP_03 | 37.2 | NORMAL
2026-09-22 04:14:06 | WARD_B_TEMP_04 | 38.1 | CRITICAL
2026-09-22 04:14:06 | WARD_B_TEMP_05 | 35.3 | CRITICAL
2026-09-22 04:14:07 | WARD_B_TEMP_01 | 35.8 | NORMAL
2026-09-22 04:14:07 | WARD_B_TEMP_02 | 38.2 | CRITICAL
2026-09-22 04:14:07 | WARD_B_TEMP_03 | 38.3 | CRITICAL
2026-09-22 04:14:07 | WARD_B_TEMP_04 | 38.9 | CRITICAL
2026-09-22 04:14:07 | WARD_B_TEMP_05 | 39.2 | CRITICAL
2026-09-22 04:14:08 | WARD_B_TEMP_01 | 37.4 | NORMAL
2026-09-22 04:14:08 | WARD_B_TEMP_02 | 36.4 | NORMAL
2026-09-22 04:14:08 | WARD_B_TEMP_03 | 37.6 | WARNING
2026-09-22 04:14:08 | WARD_B_TEMP_04 | 35.7 | NORMAL
2026-09-22 04:14:08 | WARD_B_TEMP_05 | 38.2 | CRITICAL
2026-09-22 04:14:09 | WARD_B_TEMP_01 | 36.2 | NORMAL
2026-09-22 04:14:09 | WARD_B_TEMP_02 | 39.4 | CRITICAL
2026-09-22 04:14:09 | WARD_B_TEMP_03 | 39.0 | CRITICAL
2026-09-22 04:14:09 | WARD_B_TEMP_04 | 37.9 | WARNING
2026-09-22 04:14:09 | WARD_B_TEMP_05 | 40.2 | CRITICAL
2026-09-22 04:14:10 | WARD_B_TEMP_01 | 35.7 | NORMAL
2026-09-22 04:14:10 | WARD_B_TEMP_02 | 34.6 | CRITICAL
2026-09-22 04:14:10 | WARD_B_TEMP_03 | 34.6 | CRITICAL
2026-09-22 04:14:10 | WARD_B_TEMP_04 | 40.0 | CRITICAL
2026-09-22 04:14:10 | WARD_B_TEMP_05 | 39.6 | CRITICAL
2026-09-22 04:14:11 | WARD_B_TEMP_01 | 36.2 | NORMAL
2026-09-22 04:14:11 | WARD_B_TEMP_02 | 39.9 | CRITICAL
2026-09-22 04:14:11 | WARD_B_TEMP_03 | 39.5 | CRITICAL
2026-09-22 04:14:11 | WARD_B_TEMP_04 | 36.2 | NORMAL
2026-09-22 04:14:11 | WARD_B_TEMP_05 | 38.1 | CRITICAL
2026-09-22 04:14:12 | WARD_B_TEMP_01 | 40.3 | CRITICAL
2026-09-22 04:14:12 | WARD_B_TEMP_02 | 34.7 | CRITICAL
2026-09-22 04:14:12 | WARD_B_TEMP_03 | 38.7 | CRITICAL
2026-09-22 04:14:12 | WARD_B_TEMP_04 | 38.6 | CRITICAL
2026-09-22 04:14:12 | WARD_B_TEMP_05 | 38.7 | CRITICAL
2026-09-22 04:14:13 | WARD_B_TEMP_01 | 40.2 | CRITICAL
2026-09-22 04:14:13 | WARD_B_TEMP_02 | 37.5 | WARNING
2026-09-22 04:14:13 | WARD_B_TEMP_03 | 37.7 | WARNING
2026-09-22 04:14:13 | WARD_B_TEMP_04 | 34.9 | CRITICAL
2026-09-22 04:14:13 | WARD_B_TEMP_05 | 38.2 | CRITICAL
2026-09-22 04:14:14 | WARD_B_TEMP_01 | 38.7 | CRITICAL
2026-09-22 04:14:14 | WARD_B_TEMP_02 | 35.9 | NORMAL
2026-09-22 04:14:14 | WARD_B_TEMP_03 | 36.7 | NORMAL
2026-09-22 04:14:14 | WARD_B_TEMP_04 | 38.3 | CRITICAL
2026-09-22 04:14:14 | WARD_B_TEMP_05 | 39.2 | CRITICAL
2026-09-22 04:14:15 | WARD_B_TEMP_01 | 39.3 | CRITICAL
2026-09-22 04:14:15 | WARD_B_TEMP_02 | 38.2 | CRITICAL
2026-09-22 04:14:15 | WARD_B_TEMP_03 | 36.1 | NORMAL
2026-09-22 04:14:15 | WARD_B_TEMP_04 | 36.9 | NORMAL
2026-09-22 04:14:15 | WARD_B_TEMP_05 | 40.1 | CRITICAL
2026-09-22 04:14:16 | WARD_B_TEMP_01 | 40.3 | CRITICAL
2026-09-22 04:14:16 | WARD_B_TEMP_02 | 38.7 | CRITICAL
2026-09-22 04:14:16 | WARD_B_TEMP_03 | 38.7 | CRITICAL
2026-09-22 04:14:16 | WARD_B_TEMP_04 | 35.1 | CRITICAL
2026-09-22 04:14:16 | WARD_B_TEMP_05 | 34.5 | CRITICAL
2026-09-22 04:14:17 | WARD_B_TEMP_01 | 39.3 | CRITICAL
2026-09-22 04:14:17 | WARD_B_TEMP_02 | 37.4 | NORMAL
2026-09-22 04:14:17 | WARD_B_TEMP_03 | 40.5 | CRITICAL
2026-09-22 04:14:17 | WARD_B_TEMP_04 | 38.8 | CRITICAL
2026-09-22 04:14:17 | WARD_B_TEMP_05 | 38.1 | CRITICAL
2026-09-22 04:14:18 | WARD_B_TEMP_01 | 37.8 | WARNING
2026-09-22 04:14:18 | WARD_B_TEMP_02 | 36.4 | NORMAL
2026-09-22 04:14:18 | WARD_B_TEMP_03 | 40.0 | CRITICAL
2026-09-22 04:14:18 | WARD_B_TEMP_04 | 35.9 | NORMAL
2026-09-22 04:14:18 | WARD_B_TEMP_05 | 35.4 | CRITICAL
2026-09-22 04:14:19 | WARD_B_TEMP_01 | 37.2 | NORMAL
2026-09-22 04:14:19 | WARD_B_TEMP_02 | 36.7 | NORMAL
2026-09-22 04:14:19 | WARD_B_TEMP_03 | 37.9 | WARNING
2026-09-22 04:14:19 | WARD_B_TEMP_04 | 34.9 | CRITICAL
2026-09-22 04:14:19 | WARD_B_TEMP_05 | 35.6 | NORMAL
2026-09-22 04:14:20 | WARD_B_TEMP_01 | 38.0 | WARNING
2026-09-22 04:14:20 | WARD_B_TEMP_02 | 37.1 | NORMAL
2026-09-22 04:14:20 | WARD_B_TEMP_03 | 39.3 | CRITICAL
2026-09-22 04:14:20 | WARD_B_TEMP_04 | 35.3 | CRITICAL
2026-09-22 04:14:20 | WARD_B_TEMP_05 | 34.6 | CRITICAL
2026-09-22 04:14:21 | WARD_B_TEMP_01 | 39.4 | CRITICAL
2026-09-22 04:14:21 | WARD_B_TEMP_02 | 39.7 | CRITICAL
2026-09-22 04:14:21 | WARD_B_TEMP_03 | 35.9 | NORMAL
2026-09-22 04:14:21 | WARD_B_TEMP_04 | 39.4 | CRITICAL
2026-09-22 04:14:21 | WARD_B_TEMP_05 | 34.6 | CRITICAL
2026-09-22 04:14:22 | WARD_B_TEMP_01 | 39.7 | CRITICAL
2026-09-22 04:14:22 | WARD_B_TEMP_02 | 35.0 | CRITICAL
2026-09-22 04:14:22 | WARD_B_TEMP_03 | 35.9 | NORMAL
2026-09-22 04:14:22 | WARD_B_TEMP_04 | 35.8 | NORMAL
2026-09-22 04:14:22 | WARD_B_TEMP_05 | 34.7 | CRITICAL
2026-09-22 04:14:23 | WARD_B_TEMP_01 | 35.9 | NORMAL
2026-09-22 04:14:23 | WARD_B_TEMP_02 | 36.7 | NORMAL
2026-09-22 04:14:23 | WARD_B_TEMP_03 | 35.8 | NORMAL
2026-09-22 04:14:23 | WARD_B_TEMP_04 | 37.6 | WARNING
2026-09-22 04:14:23 | WARD_B_TEMP_05 | 40.4 | CRITICAL
2026-09-22 04:14:24 | WARD_B_TEMP_01 | 36.2 | NORMAL
2026-09-22 04:14:24 | WARD_B_TEMP_02 | 35.1 | CRITICAL
2026-09-22 04:14:24 | WARD_B_TEMP_03 | 38.3 | CRITICAL
2026-09-22 04:14:24 | WARD_B_TEMP_04 | 38.2 | CRITICAL
2026-09-22 04:14:24 | WARD_B_TEMP_05 | 34.6 | CRITICAL
2026-09-22 04:14:25 | WARD_B_TEMP_01 | 34.9 | CRITICAL
2026-09-22 04:14:25 | WARD_B_TEMP_02 | 35.3 | CRITICAL
2026-09-22 04:14:25 | WARD_B_TEMP_03 | 38.3 | CRITICAL
2026-09-22 04:14:25 | WARD_B_TEMP_04 | 37.1 | NORMAL
2026-09-22 04:14:25 | WARD_B_TEMP_05 | 37.6 | WARNING
2026-09-22 04:14:26 | WARD_B_TEMP_01 | 35.3 | CRITICAL
2026-09-22 04:14:26 | WARD_B_TEMP_02 | 40.2 | CRITICAL
2026-09-22 04:14:26 | WARD_B_TEMP_03 | 34.9 | CRITICAL
2026-09-22 04:14:26 | WARD_B_TEMP_04 | 36.4 | NORMAL
2026-09-22 04:14:26 | WARD_B_TEMP_05 | 39.4 | CRITICAL
2026-09-22 04:14:27 | WARD_B_TEMP_01 | 38.6 | CRITICAL
2026-09-22 04:14:27 | WARD_B_TEMP_02 | 36.7 | NORMAL
2026-09-22 04:14:27 | WARD_B_TEMP_03 | 37.4 | NORMAL
2026-09-22 04:14:27 | WARD_B_TEMP_04 | 38.4 | CRITICAL
2026-09-22 04:14:27 | WARD_B_TEMP_05 | 38.8 | CRITICAL
2026-09-22 04:14:28 | WARD_B_TEMP_01 | 40.3 | CRITICAL
2026-09-22 04:14:28 | WARD_B_TEMP_02 | 39.6 | CRITICAL
2026-09-22 04:14:28 | WARD_B_TEMP_03 | 35.6 | NORMAL
2026-09-22 04:14:28 | WARD_B_TEMP_04 | 37.8 | WARNING
2026-09-22 04:14:28 | WARD_B_TEMP_05 | 35.4 | CRITICAL
2026-09-22 04:14:29 | WARD_B_TEMP_01 | 38.8 | CRITICAL
2026-09-22 04:14:29 | WARD_B_TEMP_02 | 38.0 | WARNING
2026-09-22 04:14:29 | WARD_B_TEMP_03 | 37.1 | NORMAL
2026-09-22 04:14:29 | WARD_B_TEMP_04 | 35.0 | CRITICAL
2026-09-22 04:14:29 | WARD_B_TEMP_05 | 38.1 | CRITICAL
2026-09-22 04:14:30 | WARD_B_TEMP_01 | 35.9 | NORMAL
2026-09-22 04:14:30 | WARD_B_TEMP_02 | 38.2 | CRITICAL
2026-09-22 04:14:30 | WARD_B_TEMP_03 | 39.1 | CRITICAL
2026-09-22 04:14:30 | WARD_B_TEMP_04 | 38.4 | CRITICAL
2026-09-22 04:14:30 | WARD_B_TEMP_05 | 37.8 | WARNING
2026-09-22 04:14:31 | WARD_B_TEMP_01 | 37.7 | WARNING
2026-09-22 04:14:31 | WARD_B_TEMP_02 | 38.2 | CRITICAL
2026-09-22 04:14:31 | WARD_B_TEMP_03 | 40.3 | CRITICAL
2026-09-22 04:14:31 | WARD_B_TEMP_04 | 37.0 | NORMAL
2026-09-22 04:14:31 | WARD_B_TEMP_05 | 36.5 | NORMAL
2026-09-22 04:14:32 | WARD_B_TEMP_01 | 38.9 | CRITICAL
2026-09-22 04:14:32 | WARD_B_TEMP_02 | 39.1 | CRITICAL
2026-09-22 04:14:32 | WARD_B_TEMP_03 | 40.2 | CRITICAL
2026-09-22 04:14:32 | WARD_B_TEMP_04 | 34.5 | CRITICAL
2026-09-22 04:14:32 | WARD_B_TEMP_05 | 40.0 | CRITICAL
2026-09-22 04:14:33 | WARD_B_TEMP_01 | 34.6 | CRITICAL
2026-09-22 04:14:33 | WARD_B_TEMP_02 | 34.6 | CRITICAL
2026-09-22 04:14:33 | WARD_B_TEMP_03 | 35.9 | NORMAL
2026-09-22 04:14:33 | WARD_B_TEMP_04 | 38.9 | CRITICAL
2026-09-22 04:14:33 | WARD_B_TEMP_05 | 36.2 | NORMAL
2026-09-22 04:14:34 | WARD_B_TEMP_01 | 40.3 | CRITICAL
2026-09-22 04:14:34 | WARD_B_TEMP_02 | 35.6 | NORMAL
2026-09-22 04:14:34 | WARD_B_TEMP_03 | 38.6 | CRITICAL
2026-09-22 04:14:34 | WARD_B_TEMP_04 | 39.0 | CRITICAL
2026-09-22 04:14:34 | WARD_B_TEMP_05 | 38.8 | CRITICAL
2026-09-22 04:14:35 | WARD_B_TEMP_01 | 34.7 | CRITICAL
2026-09-22 04:14:35 | WARD_B_TEMP_02 | 39.6 | CRITICAL
2026-09-22 04:14:35 | WARD_B_TEMP_03 | 39.4 | CRITICAL
2026-09-22 04:14:35 | WARD_B_TEMP_04 | 34.5 | CRITICAL
2026-09-22 04:14:35 | WARD_B_TEMP_05 | 36.3 | NORMAL
2026-09-22 04:14:36 | WARD_B_TEMP_01 | 40.4 | CRITICAL
2026-09-22 04:14:36 | WARD_B_TEMP_02 | 36.0 | NORMAL
2026-09-22 04:14:36 | WARD_B_TEMP_03 | 36.5 | NORMAL
2026-09-22 04:14:36 | WARD_B_TEMP_04 | 37.3 | NORMAL
2026-09-22 04:14:36 | WARD_B_TEMP_05 | 36.8 | NORMAL
2026-09-22 04:14:37 | WARD_B_TEMP_01 | 38.2 | CRITICAL
2026-09-22 04:14:37 | WARD_B_TEMP_02 | 38.8 | CRITICAL
2026-09-22 04:14:37 | WARD_B_TEMP_03 | 37.9 | WARNING
2026-09-22 04:14:37 | WARD_B_TEMP_04 | 35.3 | CRITICAL
2026-09-22 04:14:37 | WARD_B_TEMP_05 | 36.4 | NORMAL
2026-09-22 04:14:38 | WARD_B_TEMP_01 | 38.2 | CRITICAL
2026-09-22 04:14:38 | WARD_B_TEMP_02 | 36.2 | NORMAL
2026-09-22 04:14:38 | WARD_B_TEMP_03 | 40.3 | CRITICAL
2026-09-22 04:14:38 | WARD_B_TEMP_04 | 37.6 | WARNING
2026-09-22 04:14:38 | WARD_B_TEMP_05 | 36.8 | NORMAL
2026-09-22 04:14:39 | WARD_B_TEMP_01 | 36.6 | NORMAL
2026-09-22 04:14:39 | WARD_B_TEMP_02 | 37.7 | WARNING
2026-09-22 04:14:39 | WARD_B_TEMP_03 | 39.5 | CRITICAL
2026-09-22 04:14:39 | WARD_B_TEMP_04 | 35.3 | CRITICAL
2026-09-22 04:14:39 | WARD_B_TEMP_05 | 34.8 | CRITICAL
2026-09-22 04:14:40 | WARD_B_TEMP_01 | 35.5 | NORMAL
2026-09-22 04:14:40 | WARD_B_TEMP_02 | 39.1 | CRITICAL
2026-09-22 04:14:40 | WARD_B_TEMP_03 | 37.7 | WARNING
2026-09-22 04:14:40 | WARD_B_TEMP_04 | 39.5 | CRITICAL
2026-09-22 04:14:40 | WARD_B_TEMP_05 | 40.2 | CRITICAL
2026-09-22 04:14:41 | WARD_B_TEMP_01 | 39.7 | CRITICAL
2026-09-22 04:14:41 | WARD_B_TEMP_02 | 37.6 | WARNING
2026-09-22 04:14:41 | WARD_B_TEMP_03 | 34.7 | CRITICAL
2026-09-22 04:14:41 | WARD_B_TEMP_04 | 38.8 | CRITICAL
2026-09-22 04:14:41 | WARD_B_TEMP_05 | 38.0 | WARNING
2026-09-22 04:14:42 | WARD_B_TEMP_01 | 35.4 | CRITICAL
2026-09-22 04:14:42 | WARD_B_TEMP_02 | 38.0 | WARNING
2026-09-22 04:14:42 | WARD_B_TEMP_03 | 38.8 | CRITICAL
2026-09-22 04:14:42 | WARD_B_TEMP_04 | 38.0 | WARNING
2026-09-22 04:14:42 | WARD_B_TEMP_05 | 36.0 | NORMAL
2026-09-22 04:14:43 | WARD_B_TEMP_01 | 36.6 | NORMAL
2026-09-22 04:14:43 | WARD_B_TEMP_02 | 36.5 | NORMAL
2026-09-22 04:14:43 | WARD_B_TEMP_03 | 36.9 | NORMAL
2026-09-22 04:14:43 | WARD_B_TEMP_04 | 36.4 | NORMAL
2026-09-22 04:14:43 | WARD_B_TEMP_05 | 35.4 | CRITICAL
2026-09-22 04:14:44 | WARD_B_TEMP_01 | 37.7 | WARNING
2026-09-22 04:14:44 | WARD_B_TEMP_02 | 34.8 | CRITICAL
2026-09-22 04:14:44 | WARD_B_TEMP_03 | 39.4 | CRITICAL
2026-09-22 04:14:44 | WARD_B_TEMP_04 | 36.5 | NORMAL
2026-09-22 04:14:44 | WARD_B_TEMP_05 | 36.7 | NORMAL
2026-09-22 04:14:45 | WARD_B_TEMP_01 | 40.0 | CRITICAL
2026-09-22 04:14:45 | WARD_B_TEMP_02 | 38.2 | CRITICAL
2026-09-22 04:14:45 | WARD_B_TEMP_03 | 35.0 | CRITICAL
2026-09-22 04:14:45 | WARD_B_TEMP_04 | 36.7 | NORMAL
2026-09-22 04:14:45 | WARD_B_TEMP_05 | 37.8 | WARNING
2026-09-22 04:14:46 | WARD_B_TEMP_01 | 37.4 | NORMAL
2026-09-22 04:14:46 | WARD_B_TEMP_02 | 38.1 | CRITICAL
2026-09-22 04:14:46 | WARD_B_TEMP_03 | 38.6 | CRITICAL
2026-09-22 04:14:46 | WARD_B_TEMP_04 | 34.7 | CRITICAL
2026-09-22 04:14:46 | WARD_B_TEMP_05 | 36.9 | NORMAL
2026-09-22 04:14:47 | WARD_B_TEMP_01 | 37.1 | NORMAL
2026-09-22 04:14:47 | WARD_B_TEMP_02 | 39.2 | CRITICAL
2026-09-22 04:14:47 | WARD_B_TEMP_03 | 35.8 | NORMAL
2026-09-22 04:14:47 | WARD_B_TEMP_04 | 36.8 | NORMAL
2026-09-22 04:14:47 | WARD_B_TEMP_05 | 39.1 | CRITICAL
2026-09-22 04:14:48 | WARD_B_TEMP_01 | 34.9 | CRITICAL
2026-09-22 04:14:48 | WARD_B_TEMP_02 | 39.6 | CRITICAL
2026-09-22 04:14:48 | WARD_B_TEMP_03 | 39.4 | CRITICAL
2026-09-22 04:14:48 | WARD_B_TEMP_04 | 35.8 | NORMAL
2026-09-22 04:14:48 | WARD_B_TEMP_05 | 37.0 | NORMAL
2026-09-22 04:14:49 | WARD_B_TEMP_01 | 38.6 | CRITICAL
2026-09-22 04:14:49 | WARD_B_TEMP_02 | 37.9 | WARNING
2026-09-22 04:14:49 | WARD_B_TEMP_03 | 37.0 | NORMAL
2026-09-22 04:14:49 | WARD_B_TEMP_04 | 36.2 | NORMAL
2026-09-22 04:14:49 | WARD_B_TEMP_05 | 38.5 | CRITICAL
2026-09-22 04:14:50 | WARD_B_TEMP_01 | 35.2 | CRITICAL
2026-09-22 04:14:50 | WARD_B_TEMP_02 | 35.7 | NORMAL
2026-09-22 04:14:50 | WARD_B_TEMP_03 | 39.2 | CRITICAL
2026-09-22 04:14:50 | WARD_B_TEMP_04 | 35.5 | NORMAL
2026-09-22 04:14:50 | WARD_B_TEMP_05 | 39.4 | CRITICAL
2026-09-22 04:14:51 | WARD_B_TEMP_01 | 39.2 | CRITICAL
2026-09-22 04:14:51 | WARD_B_TEMP_02 | 37.9 | WARNING
2026-09-22 04:14:51 | WARD_B_TEMP_03 | 40.0 | CRITICAL
2026-09-22 04:14:51 | WARD_B_TEMP_04 | 37.0 | NORMAL
2026-09-22 04:14:51 | WARD_B_TEMP_05 | 40.1 | CRITICAL
2026-09-22 04:14:52 | WARD_B_TEMP_01 | 38.6 | CRITICAL
2026-09-22 04:14:52 | WARD_B_TEMP_02 | 38.6 | CRITICAL
2026-09-22 04:14:52 | WARD_B_TEMP_03 | 38.1 | CRITICAL
2026-09-22 04:14:52 | WARD_B_TEMP_04 | 38.2 | CRITICAL
2026-09-22 04:14:52 | WARD_B_TEMP_05 | 39.2 | CRITICAL
2026-09-22 04:14:53 | WARD_B_TEMP_01 | 36.6 | NORMAL
2026-09-22 04:14:53 | WARD_B_TEMP_02 | 36.7 | NORMAL
2026-09-22 04:14:53 | WARD_B_TEMP_03 | 36.4 | NORMAL
2026-09-22 04:14:53 | WARD_B_TEMP_04 | 39.6 | CRITICAL
2026-09-22 04:14:53 | WARD_B_TEMP_05 | 38.3 | CRITICAL
2026-09-22 04:14:54 | WARD_B_TEMP_01 | 34.5 | CRITICAL
2026-09-22 04:14:54 | WARD_B_TEMP_02 | 37.9 | WARNING
2026-09-22 04:14:54 | WARD_B_TEMP_03 | 36.3 | NORMAL
2026-09-22 04:14:54 | WARD_B_TEMP_04 | 40.1 | CRITICAL
2026-09-22 04:14:54 | WARD_B_TEMP_05 | 38.9 | CRITICAL
2026-09-22 04:14:55 | WARD_B_TEMP_01 | 35.1 | CRITICAL
2026-09-22 04:14:55 | WARD_B_TEMP_02 | 38.2 | CRITICAL
2026-09-22 04:14:55 | WARD_B_TEMP_03 | 40.4 | CRITICAL
2026-09-22 04:14:55 | WARD_B_TEMP_04 | 39.9 | CRITICAL
2026-09-22 04:14:55 | WARD_B_TEMP_05 | 38.7 | CRITICAL
2026-09-22 04:14:56 | WARD_B_TEMP_01 | 40.2 | CRITICAL
2026-09-22 04:14:56 | WARD_B_TEMP_02 | 39.7 | CRITICAL
2026-09-22 04:14:56 | WARD_B_TEMP_03 | 39.8 | CRITICAL
2026-09-22 04:14:56 | WARD_B_TEMP_04 | 35.9 | NORMAL
2026-09-22 04:14:56 | WARD_B_TEMP_05 | 36.7 | NORMAL
2026-09-22 04:14:57 | WARD_B_TEMP_01 | 34.5 | CRITICAL
2026-09-22 04:14:57 | WARD_B_TEMP_02 | 37.8 | WARNING
2026-09-22 04:14:57 | WARD_B_TEMP_03 | 34.6 | CRITICAL
2026-09-22 04:14:57 | WARD_B_TEMP_04 | 35.2 | CRITICAL
2026-09-22 04:14:57 | WARD_B_TEMP_05 | 38.0 | WARNING
2026-09-22 04:14:58 | WARD_B_TEMP_01 | 35.1 | CRITICAL
2026-09-22 04:14:58 | WARD_B_TEMP_02 | 37.9 | WARNING
2026-09-22 04:14:58 | WARD_B_TEMP_03 | 40.3 | CRITICAL
2026-09-22 04:14:58 | WARD_B_TEMP_04 | 39.2 | CRITICAL
2026-09-22 04:14:58 | WARD_B_TEMP_05 | 40.0 | CRITICAL
2026-09-22 04:14:59 | WARD_B_TEMP_01 | 39.5 | CRITICAL
2026-09-22 04:14:59 | WARD_B_TEMP_02 | 36.8 | NORMAL
2026-09-22 04:14:59 | WARD_B_TEMP_03 | 37.4 | NORMAL
2026-09-22 04:14:59 | WARD_B_TEMP_04 | 38.3 | CRITICAL
2026-09-22 04:14:59 | WARD_B_TEMP_05 | 35.2 | CRITICAL
2026-09-22 04:15:00 | WARD_B_TEMP_01 | 36.6 | NORMAL
2026-09-22 04:15:00 | WARD_B_TEMP_02 | 40.4 | CRITICAL
2026-09-22 04:15:00 | WARD_B_TEMP_03 | 40.0 | CRITICAL
2026-09-22 04:15:00 | WARD_B_TEMP_04 | 39.0 | CRITICAL
2026-09-22 04:15:00 | WARD_B_TEMP_05 | 36.2 | NORMAL
2026-09-22 04:15:01 | WARD_B_TEMP_01 | 36.5 | NORMAL
2026-09-22 04:15:01 | WARD_B_TEMP_02 | 40.2 | CRITICAL
2026-09-22 04:15:01 | WARD_B_TEMP_03 | 36.0 | NORMAL
2026-09-22 04:15:01 | WARD_B_TEMP_04 | 37.3 | NORMAL
2026-09-22 04:15:01 | WARD_B_TEMP_05 | 37.1 | NORMAL
2026-09-22 04:15:02 | WARD_B_TEMP_01 | 38.4 | CRITICAL
2026-09-22 04:15:02 | WARD_B_TEMP_02 | 38.7 | CRITICAL
2026-09-22 04:15:02 | WARD_B_TEMP_03 | 35.5 | NORMAL
2026-09-22 04:15:02 | WARD_B_TEMP_04 | 36.6 | NORMAL
2026-09-22 04:15:02 | WARD_B_TEMP_05 | 38.9 | CRITICAL
2026-09-22 04:15:03 | WARD_B_TEMP_01 | 35.5 | NORMAL
2026-09-22 04:15:03 | WARD_B_TEMP_02 | 37.7 | WARNING
2026-09-22 04:15:03 | WARD_B_TEMP_03 | 34.7 | CRITICAL
2026-09-22 04:15:03 | WARD_B_TEMP_04 | 36.3 | NORMAL
2026-09-22 04:15:03 | WARD_B_TEMP_05 | 36.2 | NORMAL
2026-09-22 04:15:04 | WARD_B_TEMP_01 | 36.5 | NORMAL
2026-09-22 04:15:04 | WARD_B_TEMP_02 | 37.7 | WARNING
2026-09-22 04:15:04 | WARD_B_TEMP_03 | 35.6 | NORMAL
2026-09-22 04:15:04 | WARD_B_TEMP_04 | 40.2 | CRITICAL
2026-09-22 04:15:04 | WARD_B_TEMP_05 | 40.3 | CRITICAL
2026-09-22 04:15:05 | WARD_B_TEMP_01 | 37.4 | NORMAL
2026-09-22 04:15:05 | WARD_B_TEMP_02 | 36.4 | NORMAL
2026-09-22 04:15:05 | WARD_B_TEMP_03 | 40.5 | CRITICAL
2026-09-22 04:15:05 | WARD_B_TEMP_04 | 39.6 | CRITICAL
2026-09-22 04:15:05 | WARD_B_TEMP_05 | 36.3 | NORMAL
2026-09-22 04:15:06 | WARD_B_TEMP_01 | 38.2 | CRITICAL
2026-09-22 04:15:06 | WARD_B_TEMP_02 | 37.5 | WARNING
2026-09-22 04:15:06 | WARD_B_TEMP_03 | 39.9 | CRITICAL
2026-09-22 04:15:06 | WARD_B_TEMP_04 | 36.0 | NORMAL
2026-09-22 04:15:06 | WARD_B_TEMP_05 | 38.7 | CRITICAL
2026-09-22 04:15:07 | WARD_B_TEMP_01 | 40.3 | CRITICAL
2026-09-22 04:15:07 | WARD_B_TEMP_02 | 38.0 | WARNING
2026-09-22 04:15:07 | WARD_B_TEMP_03 | 39.7 | CRITICAL
2026-09-22 04:15:07 | WARD_B_TEMP_04 | 35.5 | NORMAL
2026-09-22 04:15:07 | WARD_B_TEMP_05 | 38.2 | CRITICAL
2026-09-22 04:15:08 | WARD_B_TEMP_01 | 36.3 | NORMAL
2026-09-22 04:15:08 | WARD_B_TEMP_02 | 35.7 | NORMAL
2026-09-22 04:15:08 | WARD_B_TEMP_03 | 37.3 | NORMAL
2026-09-22 04:15:08 | WARD_B_TEMP_04 | 38.8 | CRITICAL
2026-09-22 04:15:08 | WARD_B_TEMP_05 | 34.7 | CRITICAL
2026-09-22 04:15:09 | WARD_B_TEMP_01 | 36.1 | NORMAL
2026-09-22 04:15:09 | WARD_B_TEMP_02 | 34.6 | CRITICAL
2026-09-22 04:15:09 | WARD_B_TEMP_03 | 38.4 | CRITICAL
2026-09-22 04:15:09 | WARD_B_TEMP_04 | 40.4 | CRITICAL
2026-09-22 04:15:09 | WARD_B_TEMP_05 | 40.0 | CRITICAL
2026-09-22 04:15:10 | WARD_B_TEMP_01 | 37.7 | WARNING
2026-09-22 04:15:10 | WARD_B_TEMP_02 | 35.5 | NORMAL
2026-09-22 04:15:10 | WARD_B_TEMP_03 | 36.8 | NORMAL
2026-09-22 04:15:10 | WARD_B_TEMP_04 | 36.3 | NORMAL
2026-09-22 04:15:10 | WARD_B_TEMP_05 | 40.4 | CRITICAL
2026-09-22 04:15:11 | WARD_B_TEMP_01 | 35.9 | NORMAL
2026-09-22 04:15:11 | WARD_B_TEMP_02 | 37.4 | NORMAL
2026-09-22 04:15:11 | WARD_B_TEMP_03 | 37.2 | NORMAL
2026-09-22 04:15:11 | WARD_B_TEMP_04 | 35.4 | CRITICAL
2026-09-22 04:15:11 | WARD_B_TEMP_05 | 38.7 | CRITICAL
2026-09-22 04:15:12 | WARD_B_TEMP_01 | 36.1 | NORMAL
2026-09-22 04:15:12 | WARD_B_TEMP_02 | 38.6 | CRITICAL
2026-09-22 04:15:12 | WARD_B_TEMP_03 | 39.7 | CRITICAL
2026-09-22 04:15:12 | WARD_B_TEMP_04 | 37.1 | NORMAL
2026-09-22 04:15:12 | WARD_B_TEMP_05 | 35.8 | NORMAL
2026-09-22 04:15:13 | WARD_B_TEMP_01 | 35.6 | NORMAL
2026-09-22 04:15:13 | WARD_B_TEMP_02 | 35.5 | NORMAL
2026-09-22 04:15:13 | WARD_B_TEMP_03 | 36.1 | NORMAL
2026-09-22 04:15:13 | WARD_B_TEMP_04 | 38.0 | WARNING
2026-09-22 04:15:13 | WARD_B_TEMP_05 | 35.7 | NORMAL
2026-09-22 04:15:14 | WARD_B_TEMP_01 | 39.8 | CRITICAL
2026-09-22 04:15:14 | WARD_B_TEMP_02 | 35.4 | CRITICAL
2026-09-22 04:15:14 | WARD_B_TEMP_03 | 37.4 | NORMAL
2026-09-22 04:15:14 | WARD_B_TEMP_04 | 38.8 | CRITICAL
2026-09-22 04:15:14 | WARD_B_TEMP_05 | 37.0 | NORMAL
2026-09-22 04:15:15 | WARD_B_TEMP_01 | 38.5 | CRITICAL
2026-09-22 04:15:15 | WARD_B_TEMP_02 | 36.9 | NORMAL
2026-09-22 04:15:15 | WARD_B_TEMP_03 | 39.9 | CRITICAL
2026-09-22 04:15:15 | WARD_B_TEMP_04 | 34.5 | CRITICAL
2026-09-22 04:15:15 | WARD_B_TEMP_05 | 38.4 | CRITICAL
2026-09-22 04:15:16 | WARD_B_TEMP_01 | 34.6 | CRITICAL
2026-09-22 04:15:16 | WARD_B_TEMP_02 | 34.7 | CRITICAL
2026-09-22 04:15:16 | WARD_B_TEMP_03 | 39.9 | CRITICAL
2026-09-22 04:15:16 | WARD_B_TEMP_04 | 37.2 | NORMAL
2026-09-22 04:15:16 | WARD_B_TEMP_05 | 37.8 | WARNING
2026-09-22 04:15:17 | WARD_B_TEMP_01 | 40.2 | CRITICAL
2026-09-22 04:15:17 | WARD_B_TEMP_02 | 38.8 | CRITICAL
2026-09-22 04:15:17 | WARD_B_TEMP_03 | 38.0 | WARNING
2026-09-22 04:15:17 | WARD_B_TEMP_04 | 36.5 | NORMAL
2026-09-22 04:15:17 | WARD_B_TEMP_05 | 35.1 | CRITICAL
2026-09-22 04:15:18 | WARD_B_TEMP_01 | 38.5 | CRITICAL
2026-09-22 04:15:18 | WARD_B_TEMP_02 | 37.1 | NORMAL
2026-09-22 04:15:18 | WARD_B_TEMP_03 | 40.4 | CRITICAL
2026-09-22 04:15:18 | WARD_B_TEMP_04 | 37.4 | NORMAL
2026-09-22 04:15:18 | WARD_B_TEMP_05 | 39.0 | CRITICAL
2026-09-22 04:15:19 | WARD_B_TEMP_01 | 39.3 | CRITICAL
2026-09-22 04:15:19 | WARD_B_TEMP_02 | 34.9 | CRITICAL
2026-09-22 04:15:19 | WARD_B_TEMP_03 | 35.5 | NORMAL
2026-09-22 04:15:19 | WARD_B_TEMP_04 | 36.3 | NORMAL
2026-09-22 04:15:19 | WARD_B_TEMP_05 | 36.5 | NORMAL
2026-09-22 04:15:20 | WARD_B_TEMP_01 | 37.8 | WARNING
2026-09-22 04:15:20 | WARD_B_TEMP_02 | 35.1 | CRITICAL
2026-09-22 04:15:20 | WARD_B_TEMP_03 | 38.6 | CRITICAL
2026-09-22 04:15:20 | WARD_B_TEMP_04 | 37.5 | WARNING
2026-09-22 04:15:20 | WARD_B_TEMP_05 | 36.6 | NORMAL
2026-09-22 04:15:21 | WARD_B_TEMP_01 | 37.8 | WARNING
2026-09-22 04:15:21 | WARD_B_TEMP_02 | 34.8 | CRITICAL
2026-09-22 04:15:21 | WARD_B_TEMP_03 | 35.3 | CRITICAL
2026-09-22 04:15:21 | WARD_B_TEMP_04 | 38.9 | CRITICAL
2026-09-22 04:15:21 | WARD_B_TEMP_05 | 40.5 | CRITICAL
2026-09-22 04:15:22 | WARD_B_TEMP_01 | 38.7 | CRITICAL
2026-09-22 04:15:22 | WARD_B_TEMP_02 | 38.4 | CRITICAL
2026-09-22 04:15:22 | WARD_B_TEMP_03 | 36.3 | NORMAL
2026-09-22 04:15:22 | WARD_B_TEMP_04 | 38.5 | CRITICAL
2026-09-22 04:15:22 | WARD_B_TEMP_05 | 38.5 | CRITICAL
2026-09-22 04:15:23 | WARD_B_TEMP_01 | 34.5 | CRITICAL
2026-09-22 04:15:23 | WARD_B_TEMP_02 | 35.5 | NORMAL
2026-09-22 04:15:23 | WARD_B_TEMP_03 | 38.0 | WARNING
2026-09-22 04:15:23 | WARD_B_TEMP_04 | 39.3 | CRITICAL
2026-09-22 04:15:23 | WARD_B_TEMP_05 | 38.5 | CRITICAL
2026-09-22 04:15:24 | WARD_B_TEMP_01 | 36.3 | NORMAL
2026-09-22 04:15:24 | WARD_B_TEMP_02 | 35.5 | NORMAL
2026-09-22 04:15:24 | WARD_B_TEMP_03 | 38.6 | CRITICAL
2026-09-22 04:15:24 | WARD_B_TEMP_04 | 40.4 | CRITICAL
2026-09-22 04:15:24 | WARD_B_TEMP_05 | 35.7 | NORMAL
2026-09-22 04:15:25 | WARD_B_TEMP_01 | 36.3 | NORMAL
2026-09-22 04:15:25 | WARD_B_TEMP_02 | 37.3 | NORMAL
2026-09-22 04:15:25 | WARD_B_TEMP_03 | 36.5 | NORMAL
2026-09-22 04:15:25 | WARD_B_TEMP_04 | 40.1 | CRITICAL
2026-09-22 04:15:25 | WARD_B_TEMP_05 | 39.4 | CRITICAL
2026-09-22 04:15:26 | WARD_B_TEMP_01 | 35.9 | NORMAL
2026-09-22 04:15:26 | WARD_B_TEMP_02 | 37.1 | NORMAL
2026-09-22 04:15:26 | WARD_B_TEMP_03 | 39.0 | CRITICAL
2026-09-22 04:15:26 | WARD_B_TEMP_04 | 38.2 | CRITICAL
2026-09-22 04:15:26 | WARD_B_TEMP_05 | 38.4 | CRITICAL
2026-09-22 04:15:27 | WARD_B_TEMP_01 | 38.2 | CRITICAL
2026-09-22 04:15:27 | WARD_B_TEMP_02 | 40.1 | CRITICAL
2026-09-22 04:15:27 | WARD_B_TEMP_03 | 38.1 | CRITICAL
2026-09-22 04:15:27 | WARD_B_TEMP_04 | 40.4 | CRITICAL
2026-09-22 04:15:27 | WARD_B_TEMP_05 | 37.6 | WARNING
2026-09-22 04:15:28 | WARD_B_TEMP_01 | 39.5 | CRITICAL
2026-09-22 04:15:28 | WARD_B_TEMP_02 | 35.0 | CRITICAL
2026-09-22 04:15:28 | WARD_B_TEMP_03 | 34.6 | CRITICAL
2026-09-22 04:15:28 | WARD_B_TEMP_04 | 35.4 | CRITICAL
2026-09-22 04:15:28 | WARD_B_TEMP_05 | 37.7 | WARNING
2026-09-22 04:15:29 | WARD_B_TEMP_01 | 37.4 | NORMAL
2026-09-22 04:15:29 | WARD_B_TEMP_02 | 35.5 | NORMAL
2026-09-22 04:15:29 | WARD_B_TEMP_03 | 40.1 | CRITICAL
2026-09-22 04:15:29 | WARD_B_TEMP_04 | 36.6 | NORMAL
2026-09-22 04:15:29 | WARD_B_TEMP_05 | 39.2 | CRITICAL
2026-09-22 04:15:30 | WARD_B_TEMP_01 | 39.0 | CRITICAL
2026-09-22 04:15:30 | WARD_B_TEMP_02 | 37.8 | WARNING
2026-09-22 04:15:30 | WARD_B_TEMP_03 | 37.4 | NORMAL
2026-09-22 04:15:30 | WARD_B_TEMP_04 | 38.8 | CRITICAL
2026-09-22 04:15:30 | WARD_B_TEMP_05 | 40.4 | CRITICAL
2026-09-22 04:15:31 | WARD_B_TEMP_01 | 38.0 | WARNING
2026-09-22 04:15:31 | WARD_B_TEMP_02 | 37.4 | NORMAL
2026-09-22 04:15:31 | WARD_B_TEMP_03 | 34.7 | CRITICAL
2026-09-22 04:15:31 | WARD_B_TEMP_04 | 38.4 | CRITICAL
2026-09-22 04:15:31 | WARD_B_TEMP_05 | 40.4 | CRITICAL
2026-09-22 04:15:32 | WARD_B_TEMP_01 | 38.5 | CRITICAL
2026-09-22 04:15:32 | WARD_B_TEMP_02 | 40.0 | CRITICAL
2026-09-22 04:15:32 | WARD_B_TEMP_03 | 35.9 | NORMAL
2026-09-22 04:15:32 | WARD_B_TEMP_04 | 35.5 | NORMAL
2026-09-22 04:15:32 | WARD_B_TEMP_05 | 36.3 | NORMAL
2026-09-22 04:15:33 | WARD_B_TEMP_01 | 38.9 | CRITICAL
2026-09-22 04:15:33 | WARD_B_TEMP_02 | 36.1 | NORMAL
2026-09-22 04:15:33 | WARD_B_TEMP_03 | 36.1 | NORMAL
2026-09-22 04:15:33 | WARD_B_TEMP_04 | 34.8 | CRITICAL
2026-09-22 04:15:33 | WARD_B_TEMP_05 | 37.3 | NORMAL
2026-09-22 04:15:34 | WARD_B_TEMP_01 | 40.1 | CRITICAL
2026-09-22 04:15:34 | WARD_B_TEMP_02 | 36.5 | NORMAL
2026-09-22 04:15:34 | WARD_B_TEMP_03 | 35.9 | NORMAL
2026-09-22 04:15:34 | WARD_B_TEMP_04 | 40.4 | CRITICAL
2026-09-22 04:15:34 | WARD_B_TEMP_05 | 38.6 | CRITICAL
2026-09-22 04:15:35 | WARD_B_TEMP_01 | 37.3 | NORMAL
2026-09-22 04:15:35 | WARD_B_TEMP_02 | 38.9 | CRITICAL
2026-09-22 04:15:35 | WARD_B_TEMP_03 | 36.0 | NORMAL
2026-09-22 04:15:35 | WARD_B_TEMP_04 | 38.3 | CRITICAL
2026-09-22 04:15:35 | WARD_B_TEMP_05 | 38.2 | CRITICAL
2026-09-22 04:15:36 | WARD_B_TEMP_01 | 40.0 | CRITICAL
2026-09-22 04:15:36 | WARD_B_TEMP_02 | 38.5 | CRITICAL
2026-09-22 04:15:36 | WARD_B_TEMP_03 | 39.8 | CRITICAL
2026-09-22 04:15:36 | WARD_B_TEMP_04 | 40.2 | CRITICAL
2026-09-22 04:15:36 | WARD_B_TEMP_05 | 36.6 | NORMAL
2026-09-22 04:15:37 | WARD_B_TEMP_01 | 36.0 | NORMAL
2026-09-22 04:15:37 | WARD_B_TEMP_02 | 35.4 | CRITICAL
2026-09-22 04:15:37 | WARD_B_TEMP_03 | 37.5 | WARNING
2026-09-22 04:15:37 | WARD_B_TEMP_04 | 39.2 | CRITICAL
2026-09-22 04:15:37 | WARD_B_TEMP_05 | 36.4 | NORMAL
2026-09-22 04:15:38 | WARD_B_TEMP_01 | 36.7 | NORMAL
2026-09-22 04:15:38 | WARD_B_TEMP_02 | 35.7 | NORMAL
2026-09-22 04:15:38 | WARD_B_TEMP_03 | 35.2 | CRITICAL
2026-09-22 04:15:38 | WARD_B_TEMP_04 | 36.2 | NORMAL
2026-09-22 04:15:38 | WARD_B_TEMP_05 | 38.3 | CRITICAL
2026-09-22 04:15:39 | WARD_B_TEMP_01 | 39.8 | CRITICAL
2026-09-22 04:15:39 | WARD_B_TEMP_02 | 35.2 | CRITICAL
2026-09-22 04:15:39 | WARD_B_TEMP_03 | 40.2 | CRITICAL
2026-09-22 04:15:39 | WARD_B_TEMP_04 | 35.1 | CRITICAL
2026-09-22 04:15:39 | WARD_B_TEMP_05 | 39.9 | CRITICAL
2026-09-22 04:15:40 | WARD_B_TEMP_01 | 39.0 | CRITICAL
2026-09-22 04:15:40 | WARD_B_TEMP_02 | 40.0 | CRITICAL
2026-09-22 04:15:40 | WARD_B_TEMP_03 | 34.6 | CRITICAL
2026-09-22 04:15:40 | WARD_B_TEMP_04 | 37.9 | WARNING
2026-09-22 04:15:40 | WARD_B_TEMP_05 | 38.0 | WARNING
2026-09-22 04:15:41 | WARD_B_TEMP_01 | 34.7 | CRITICAL
2026-09-22 04:15:41 | WARD_B_TEMP_02 | 37.3 | NORMAL
2026-09-22 04:15:41 | WARD_B_TEMP_03 | 36.2 | NORMAL
2026-09-22 04:15:41 | WARD_B_TEMP_04 | 35.0 | CRITICAL
2026-09-22 04:15:41 | WARD_B_TEMP_05 | 39.5 | CRITICAL
2026-09-22 04:15:42 | WARD_B_TEMP_01 | 38.9 | CRITICAL
2026-09-22 04:15:42 | WARD_B_TEMP_02 | 39.4 | CRITICAL
2026-09-22 04:15:42 | WARD_B_TEMP_03 | 39.1 | CRITICAL
2026-09-22 04:15:42 | WARD_B_TEMP_04 | 39.3 | CRITICAL
2026-09-22 04:15:42 | WARD_B_TEMP_05 | 35.2 | CRITICAL
2026-09-22 04:15:43 | WARD_B_TEMP_01 | 38.5 | CRITICAL
2026-09-22 04:15:43 | WARD_B_TEMP_02 | 39.2 | CRITICAL
2026-09-22 04:15:43 | WARD_B_TEMP_03 | 36.4 | NORMAL
2026-09-22 04:15:43 | WARD_B_TEMP_04 | 35.0 | CRITICAL
2026-09-22 04:15:43 | WARD_B_TEMP_05 | 36.4 | NORMAL
2026-09-22 04:15:44 | WARD_B_TEMP_01 | 35.8 | NORMAL
2026-09-22 04:15:44 | WARD_B_TEMP_02 | 36.2 | NORMAL
2026-09-22 04:15:44 | WARD_B_TEMP_03 | 40.2 | CRITICAL
2026-09-22 04:15:44 | WARD_B_TEMP_04 | 36.1 | NORMAL
2026-09-22 04:15:44 | WARD_B_TEMP_05 | 37.6 | WARNING
2026-09-22 04:15:45 | WARD_B_TEMP_01 | 35.3 | CRITICAL
2026-09-22 04:15:45 | WARD_B_TEMP_02 | 36.9 | NORMAL
2026-09-22 04:15:45 | WARD_B_TEMP_03 | 36.1 | NORMAL
2026-09-22 04:15:45 | WARD_B_TEMP_04 | 40.1 | CRITICAL
2026-09-22 04:15:45 | WARD_B_TEMP_05 | 39.3 | CRITICAL
2026-09-22 04:15:46 | WARD_B_TEMP_01 | 39.0 | CRITICAL
2026-09-22 04:15:46 | WARD_B_TEMP_02 | 35.5 | NORMAL
2026-09-22 04:15:46 | WARD_B_TEMP_03 | 38.7 | CRITICAL
2026-09-22 04:15:46 | WARD_B_TEMP_04 | 36.2 | NORMAL
2026-09-22 04:15:46 | WARD_B_TEMP_05 | 38.5 | CRITICAL
2026-09-22 04:15:47 | WARD_B_TEMP_01 | 36.9 | NORMAL
2026-09-22 04:15:47 | WARD_B_TEMP_02 | 39.1 | CRITICAL
2026-09-22 04:15:47 | WARD_B_TEMP_03 | 39.0 | CRITICAL
2026-09-22 04:15:47 | WARD_B_TEMP_04 | 35.3 | CRITICAL
2026-09-22 04:15:47 | WARD_B_TEMP_05 | 35.1 | CRITICAL
2026-09-22 04:15:48 | WARD_B_TEMP_01 | 35.8 | NORMAL
2026-09-22 04:15:48 | WARD_B_TEMP_02 | 35.4 | CRITICAL
2026-09-22 04:15:48 | WARD_B_TEMP_03 | 40.1 | CRITICAL
2026-09-22 04:15:48 | WARD_B_TEMP_04 | 34.6 | CRITICAL
2026-09-22 04:15:48 | WARD_B_TEMP_05 | 39.1 | CRITICAL
2026-09-22 04:15:49 | WARD_B_TEMP_01 | 36.3 | NORMAL
2026-09-22 04:15:49 | WARD_B_TEMP_02 | 39.9 | CRITICAL
2026-09-22 04:15:49 | WARD_B_TEMP_03 | 38.8 | CRITICAL
2026-09-22 04:15:49 | WARD_B_TEMP_04 | 37.6 | WARNING
2026-09-22 04:15:49 | WARD_B_TEMP_05 | 40.1 | CRITICAL
2026-09-22 04:15:50 | WARD_B_TEMP_01 | 36.7 | NORMAL
2026-09-22 04:15:50 | WARD_B_TEMP_02 | 37.7 | WARNING
2026-09-22 04:15:50 | WARD_B_TEMP_03 | 35.0 | CRITICAL
2026-09-22 04:15:50 | WARD_B_TEMP_04 | 39.6 | CRITICAL
2026-09-22 04:15:50 | WARD_B_TEMP_05 | 35.8 | NORMAL
2026-09-22 04:15:51 | WARD_B_TEMP_01 | 35.4 | CRITICAL
2026-09-22 04:15:51 | WARD_B_TEMP_02 | 35.0 | CRITICAL
2026-09-22 04:15:51 | WARD_B_TEMP_03 | 37.9 | WARNING
2026-09-22 04:15:51 | WARD_B_TEMP_04 | 35.9 | NORMAL
2026-09-22 04:15:51 | WARD_B_TEMP_05 | 37.9 | WARNING
2026-09-22 04:15:52 | WARD_B_TEMP_01 | 37.4 | NORMAL
2026-09-22 04:15:52 | WARD_B_TEMP_02 | 34.5 | CRITICAL
2026-09-22 04:15:52 | WARD_B_TEMP_03 | 34.7 | CRITICAL
2026-09-22 04:15:52 | WARD_B_TEMP_04 | 37.0 | NORMAL
2026-09-22 04:15:52 | WARD_B_TEMP_05 | 38.8 | CRITICAL
2026-09-22 04:15:53 | WARD_B_TEMP_01 | 37.5 | WARNING
2026-09-22 04:15:53 | WARD_B_TEMP_02 | 37.3 | NORMAL
2026-09-22 04:15:53 | WARD_B_TEMP_03 | 35.8 | NORMAL
2026-09-22 04:15:53 | WARD_B_TEMP_04 | 35.9 | NORMAL
2026-09-22 04:15:53 | WARD_B_TEMP_05 | 35.4 | CRITICAL
2026-09-22 04:15:54 | WARD_B_TEMP_01 | 36.6 | NORMAL
2026-09-22 04:15:54 | WARD_B_TEMP_02 | 35.5 | NORMAL
2026-09-22 04:15:54 | WARD_B_TEMP_03 | 40.5 | CRITICAL
2026-09-22 04:15:54 | WARD_B_TEMP_04 | 38.0 | WARNING
2026-09-22 04:15:54 | WARD_B_TEMP_05 | 36.1 | NORMAL
2026-09-22 04:15:55 | WARD_B_TEMP_01 | 39.6 | CRITICAL
2026-09-22 04:15:55 | WARD_B_TEMP_02 | 36.9 | NORMAL
2026-09-22 04:15:55 | WARD_B_TEMP_03 | 38.3 | CRITICAL
2026-09-22 04:15:55 | WARD_B_TEMP_04 | 38.9 | CRITICAL
2026-09-22 04:15:55 | WARD_B_TEMP_05 | 35.1 | CRITICAL
2026-09-22 04:15:56 | WARD_B_TEMP_01 | 39.0 | CRITICAL
2026-09-22 04:15:56 | WARD_B_TEMP_02 | 37.4 | NORMAL
2026-09-22 04:15:56 | WARD_B_TEMP_03 | 36.1 | NORMAL
2026-09-22 04:15:56 | WARD_B_TEMP_04 | 38.0 | WARNING
2026-09-22 04:15:56 | WARD_B_TEMP_05 | 36.7 | NORMAL
2026-09-22 04:15:57 | WARD_B_TEMP_01 | 38.4 | CRITICAL
2026-09-22 04:15:57 | WARD_B_TEMP_02 | 35.5 | NORMAL
2026-09-22 04:15:57 | WARD_B_TEMP_03 | 38.7 | CRITICAL
2026-09-22 04:15:57 | WARD_B_TEMP_04 | 40.0 | CRITICAL
2026-09-22 04:15:57 | WARD_B_TEMP_05 | 35.3 | CRITICAL
2026-09-22 04:15:58 | WARD_B_TEMP_01 | 34.5 | CRITICAL
2026-09-22 04:15:58 | WARD_B_TEMP_02 | 36.0 | NORMAL
2026-09-22 04:15:58 | WARD_B_TEMP_03 | 36.5 | NORMAL
2026-09-22 04:15:58 | WARD_B_TEMP_04 | 36.0 | NORMAL
2026-09-22 04:15:58 | WARD_B_TEMP_05 | 38.4 | CRITICAL
2026-09-22 04:15:59 | WARD_B_TEMP_01 | 38.9 | CRITICAL
2026-09-22 04:15:59 | WARD_B_TEMP_02 | 36.6 | NORMAL
2026-09-22 04:15:59 | WARD_B_TEMP_03 | 40.0 | CRITICAL
2026-09-22 04:15:59 | WARD_B_TEMP_04 | 35.8 | NORMAL
2026-09-22 04:15:59 | WARD_B_TEMP_05 | 39.4 | CRITICAL
2026-09-22 04:16:00 | WARD_B_TEMP_01 | 36.5 | NORMAL
2026-09-22 04:16:00 | WARD_B_TEMP_02 | 36.4 | NORMAL
2026-09-22 04:16:00 | WARD_B_TEMP_03 | 39.1 | CRITICAL
2026-09-22 04:16:00 | WARD_B_TEMP_04 | 37.5 | WARNING
2026-09-22 04:16:00 | WARD_B_TEMP_05 | 34.8 | CRITICAL
2026-09-22 04:16:01 | WARD_B_TEMP_01 | 37.1 | NORMAL
2026-09-22 04:16:01 | WARD_B_TEMP_02 | 37.4 | NORMAL
2026-09-22 04:16:01 | WARD_B_TEMP_03 | 35.8 | NORMAL
2026-09-22 04:16:01 | WARD_B_TEMP_04 | 37.4 | NORMAL
2026-09-22 04:16:01 | WARD_B_TEMP_05 | 36.8 | NORMAL
2026-09-22 04:16:02 | WARD_B_TEMP_01 | 40.0 | CRITICAL
2026-09-22 04:16:02 | WARD_B_TEMP_02 | 39.0 | CRITICAL
2026-09-22 04:16:02 | WARD_B_TEMP_03 | 36.2 | NORMAL
2026-09-22 04:16:02 | WARD_B_TEMP_04 | 38.3 | CRITICAL
2026-09-22 04:16:02 | WARD_B_TEMP_05 | 38.1 | CRITICAL
2026-09-22 04:16:03 | WARD_B_TEMP_01 | 39.7 | CRITICAL
2026-09-22 04:16:03 | WARD_B_TEMP_02 | 39.8 | CRITICAL
2026-09-22 04:16:03 | WARD_B_TEMP_03 | 37.4 | NORMAL
2026-09-22 04:16:03 | WARD_B_TEMP_04 | 37.4 | NORMAL
2026-09-22 04:16:03 | WARD_B_TEMP_05 | 35.9 | NORMAL
2026-09-22 04:16:04 | WARD_B_TEMP_01 | 35.0 | CRITICAL
2026-09-22 04:16:04 | WARD_B_TEMP_02 | 40.0 | CRITICAL
2026-09-22 04:16:04 | WARD_B_TEMP_03 | 35.0 | CRITICAL
2026-09-22 04:16:04 | WARD_B_TEMP_04 | 36.4 | NORMAL
2026-09-22 04:16:04 | WARD_B_TEMP_05 | 37.3 | NORMAL
2026-09-22 04:16:05 | WARD_B_TEMP_01 | 37.8 | WARNING
2026-09-22 04:16:05 | WARD_B_TEMP_02 | 34.8 | CRITICAL
2026-09-22 04:16:05 | WARD_B_TEMP_03 | 36.2 | NORMAL
2026-09-22 04:16:05 | WARD_B_TEMP_04 | 35.2 | CRITICAL
2026-09-22 04:16:05 | WARD_B_TEMP_05 | 36.3 | NORMAL
2026-09-22 04:16:06 | WARD_B_TEMP_01 | 34.9 | CRITICAL
2026-09-22 04:16:06 | WARD_B_TEMP_02 | 35.4 | CRITICAL
2026-09-22 04:16:06 | WARD_B_TEMP_03 | 37.8 | WARNING
2026-09-22 04:16:06 | WARD_B_TEMP_04 | 37.4 | NORMAL
2026-09-22 04:16:06 | WARD_B_TEMP_05 | 35.8 | NORMAL
2026-09-22 04:16:07 | WARD_B_TEMP_01 | 39.0 | CRITICAL
2026-09-22 04:16:07 | WARD_B_TEMP_02 | 37.3 | NORMAL
2026-09-22 04:16:07 | WARD_B_TEMP_03 | 38.4 | CRITICAL
2026-09-22 04:16:07 | WARD_B_TEMP_04 | 39.1 | CRITICAL
2026-09-22 04:16:07 | WARD_B_TEMP_05 | 39.4 | CRITICAL
2026-09-22 04:16:08 | WARD_B_TEMP_01 | 35.0 | CRITICAL
2026-09-22 04:16:08 | WARD_B_TEMP_02 | 36.9 | NORMAL
2026-09-22 04:16:08 | WARD_B_TEMP_03 | 38.3 | CRITICAL
2026-09-22 04:16:08 | WARD_B_TEMP_04 | 34.6 | CRITICAL
2026-09-22 04:16:08 | WARD_B_TEMP_05 | 38.0 | WARNING
2026-09-22 04:16:09 | WARD_B_TEMP_01 | 37.7 | WARNING
2026-09-22 04:16:09 | WARD_B_TEMP_02 | 35.1 | CRITICAL
2026-09-22 04:16:09 | WARD_B_TEMP_03 | 35.0 | CRITICAL
2026-09-22 04:16:09 | WARD_B_TEMP_04 | 39.9 | CRITICAL
2026-09-22 04:16:09 | WARD_B_TEMP_05 | 37.4 | NORMAL
2026-09-22 04:16:10 | WARD_B_TEMP_01 | 39.3 | CRITICAL
2026-09-22 04:16:10 | WARD_B_TEMP_02 | 37.8 | WARNING
2026-09-22 04:16:10 | WARD_B_TEMP_03 | 39.2 | CRITICAL
2026-09-22 04:16:10 | WARD_B_TEMP_04 | 36.9 | NORMAL
2026-09-22 04:16:10 | WARD_B_TEMP_05 | 40.2 | CRITICAL
2026-09-22 04:16:11 | WARD_B_TEMP_01 | 35.2 | CRITICAL
2026-09-22 04:16:11 | WARD_B_TEMP_02 | 39.7 | CRITICAL
2026-09-22 04:16:11 | WARD_B_TEMP_03 | 37.5 | WARNING
2026-09-22 04:16:11 | WARD_B_TEMP_04 | 35.6 | NORMAL
2026-09-22 04:16:11 | WARD_B_TEMP_05 | 39.5 | CRITICAL
2026-09-22 04:16:12 | WARD_B_TEMP_01 | 38.8 | CRITICAL
2026-09-22 04:16:12 | WARD_B_TEMP_02 | 38.8 | CRITICAL
2026-09-22 04:16:12 | WARD_B_TEMP_03 | 35.0 | CRITICAL
2026-09-22 04:16:12 | WARD_B_TEMP_04 | 38.3 | CRITICAL
2026-09-22 04:16:12 | WARD_B_TEMP_05 | 34.9 | CRITICAL
2026-09-22 04:16:13 | WARD_B_TEMP_01 | 36.2 | NORMAL
2026-09-22 04:16:13 | WARD_B_TEMP_02 | 37.0 | NORMAL
2026-09-22 04:16:13 | WARD_B_TEMP_03 | 40.1 | CRITICAL
2026-09-22 04:16:13 | WARD_B_TEMP_04 | 34.8 | CRITICAL
2026-09-22 04:16:13 | WARD_B_TEMP_05 | 35.0 | CRITICAL
2026-09-22 04:16:14 | WARD_B_TEMP_01 | 38.0 | WARNING
2026-09-22 04:16:14 | WARD_B_TEMP_02 | 38.0 | WARNING
2026-09-22 04:16:14 | WARD_B_TEMP_03 | 38.8 | CRITICAL
2026-09-22 04:16:14 | WARD_B_TEMP_04 | 38.1 | CRITICAL
2026-09-22 04:16:14 | WARD_B_TEMP_05 | 38.5 | CRITICAL
2026-09-22 04:16:15 | WARD_B_TEMP_01 | 34.8 | CRITICAL
2026-09-22 04:16:15 | WARD_B_TEMP_02 | 35.9 | NORMAL
2026-09-22 04:16:15 | WARD_B_TEMP_03 | 39.0 | CRITICAL
2026-09-22 04:16:15 | WARD_B_TEMP_04 | 36.4 | NORMAL
2026-09-22 04:16:15 | WARD_B_TEMP_05 | 35.5 | NORMAL
2026-09-22 04:16:16 | WARD_B_TEMP_01 | 36.8 | NORMAL
2026-09-22 04:16:16 | WARD_B_TEMP_02 | 38.9 | CRITICAL
2026-09-22 04:16:16 | WARD_B_TEMP_03 | 36.5 | NORMAL
2026-09-22 04:16:16 | WARD_B_TEMP_04 | 36.5 | NORMAL
2026-09-22 04:16:16 | WARD_B_TEMP_05 | 37.3 | NORMAL
2026-09-22 04:16:17 | WARD_B_TEMP_01 | 38.0 | WARNING
2026-09-22 04:16:17 | WARD_B_TEMP_02 | 38.3 | CRITICAL
2026-09-22 04:16:17 | WARD_B_TEMP_03 | 36.1 | NORMAL
2026-09-22 04:16:17 | WARD_B_TEMP_04 | 35.2 | CRITICAL
2026-09-22 04:16:17 | WARD_B_TEMP_05 | 39.8 | CRITICAL
2026-09-22 04:16:18 | WARD_B_TEMP_01 | 36.1 | NORMAL
2026-09-22 04:16:18 | WARD_B_TEMP_02 | 37.0 | NORMAL
2026-09-22 04:16:18 | WARD_B_TEMP_03 | 38.9 | CRITICAL
2026-09-22 04:16:18 | WARD_B_TEMP_04 | 40.2 | CRITICAL
2026-09-22 04:16:18 | WARD_B_TEMP_05 | 36.4 | NORMAL
2026-09-22 04:16:19 | WARD_B_TEMP_01 | 38.5 | CRITICAL
2026-09-22 04:16:19 | WARD_B_TEMP_02 | 38.4 | CRITICAL
2026-09-22 04:16:19 | WARD_B_TEMP_03 | 36.2 | NORMAL
2026-09-22 04:16:19 | WARD_B_TEMP_04 | 37.3 | NORMAL
2026-09-22 04:16:19 | WARD_B_TEMP_05 | 36.5 | NORMAL
2026-09-22 04:16:20 | WARD_B_TEMP_01 | 40.3 | CRITICAL
2026-09-22 04:16:20 | WARD_B_TEMP_02 | 40.3 | CRITICAL
2026-09-22 04:16:20 | WARD_B_TEMP_03 | 35.5 | NORMAL
2026-09-22 04:16:20 | WARD_B_TEMP_04 | 35.3 | CRITICAL
2026-09-22 04:16:20 | WARD_B_TEMP_05 | 34.9 | CRITICAL
2026-09-22 04:16:21 | WARD_B_TEMP_01 | 40.0 | CRITICAL
2026-09-22 04:16:21 | WARD_B_TEMP_02 | 36.1 | NORMAL
2026-09-22 04:16:21 | WARD_B_TEMP_03 | 35.2 | CRITICAL
2026-09-22 04:16:21 | WARD_B_TEMP_04 | 35.9 | NORMAL
2026-09-22 04:16:21 | WARD_B_TEMP_05 | 38.1 | CRITICAL
2026-09-22 04:16:22 | WARD_B_TEMP_01 | 39.4 | CRITICAL
2026-09-22 04:16:22 | WARD_B_TEMP_02 | 37.9 | WARNING
2026-09-22 04:16:22 | WARD_B_TEMP_03 | 39.6 | CRITICAL
2026-09-22 04:16:22 | WARD_B_TEMP_04 | 34.9 | CRITICAL
2026-09-22 04:16:22 | WARD_B_TEMP_05 | 35.7 | NORMAL
2026-09-22 04:16:23 | WARD_B_TEMP_01 | 38.4 | CRITICAL
2026-09-22 04:16:23 | WARD_B_TEMP_02 | 37.7 | WARNING
2026-09-22 04:16:23 | WARD_B_TEMP_03 | 34.8 | CRITICAL
2026-09-22 04:16:23 | WARD_B_TEMP_04 | 37.8 | WARNING
2026-09-22 04:16:23 | WARD_B_TEMP_05 | 37.8 | WARNING
2026-09-22 04:16:24 | WARD_B_TEMP_01 | 34.6 | CRITICAL
2026-09-22 04:16:24 | WARD_B_TEMP_02 | 40.4 | CRITICAL
2026-09-22 04:16:24 | WARD_B_TEMP_03 | 38.7 | CRITICAL
2026-09-22 04:16:24 | WARD_B_TEMP_04 | 39.6 | CRITICAL
2026-09-22 04:16:24 | WARD_B_TEMP_05 | 36.2 | NORMAL
2026-09-22 04:16:25 | WARD_B_TEMP_01 | 37.2 | NORMAL
2026-09-22 04:16:25 | WARD_B_TEMP_02 | 37.7 | WARNING
2026-09-22 04:16:25 | WARD_B_TEMP_03 | 38.5 | CRITICAL
2026-09-22 04:16:25 | WARD_B_TEMP_04 | 37.4 | NORMAL
2026-09-22 04:16:25 | WARD_B_TEMP_05 | 36.8 | NORMAL
2026-09-22 04:16:26 | WARD_B_TEMP_01 | 37.8 | WARNING
2026-09-22 04:16:26 | WARD_B_TEMP_02 | 37.5 | WARNING
2026-09-22 04:16:26 | WARD_B_TEMP_03 | 36.1 | NORMAL
2026-09-22 04:16:26 | WARD_B_TEMP_04 | 36.7 | NORMAL
2026-09-22 04:16:26 | WARD_B_TEMP_05 | 38.4 | CRITICAL
2026-09-22 04:16:27 | WARD_B_TEMP_01 | 36.0 | NORMAL
2026-09-22 04:16:27 | WARD_B_TEMP_02 | 35.2 | CRITICAL
2026-09-22 04:16:27 | WARD_B_TEMP_03 | 38.9 | CRITICAL
2026-09-22 04:16:27 | WARD_B_TEMP_04 | 38.9 | CRITICAL
2026-09-22 04:16:27 | WARD_B_TEMP_05 | 37.3 | NORMAL
2026-09-22 04:16:28 | WARD_B_TEMP_01 | 37.2 | NORMAL
2026-09-22 04:16:28 | WARD_B_TEMP_02 | 38.1 | CRITICAL
2026-09-22 04:16:28 | WARD_B_TEMP_03 | 37.1 | NORMAL
2026-09-22 04:16:28 | WARD_B_TEMP_04 | 39.5 | CRITICAL
2026-09-22 04:16:28 | WARD_B_TEMP_05 | 36.1 | NORMAL
2026-09-22 04:16:29 | WARD_B_TEMP_01 | 35.2 | CRITICAL
2026-09-22 04:16:29 | WARD_B_TEMP_02 | 38.4 | CRITICAL
2026-09-22 04:16:29 | WARD_B_TEMP_03 | 35.6 | NORMAL
2026-09-22 04:16:29 | WARD_B_TEMP_04 | 38.0 | WARNING
2026-09-22 04:16:29 | WARD_B_TEMP_05 | 36.4 | NORMAL
2026-09-22 04:16:30 | WARD_B_TEMP_01 | 37.7 | WARNING
2026-09-22 04:16:30 | WARD_B_TEMP_02 | 36.5 | NORMAL
2026-09-22 04:16:30 | WARD_B_TEMP_03 | 39.9 | CRITICAL
2026-09-22 04:16:30 | WARD_B_TEMP_04 | 36.9 | NORMAL
2026-09-22 04:16:30 | WARD_B_TEMP_05 | 35.6 | NORMAL
2026-09-22 04:16:31 | WARD_B_TEMP_01 | 34.6 | CRITICAL
2026-09-22 04:16:31 | WARD_B_TEMP_02 | 35.4 | CRITICAL
2026-09-22 04:16:31 | WARD_B_TEMP_03 | 38.6 | CRITICAL
2026-09-22 04:16:31 | WARD_B_TEMP_04 | 38.9 | CRITICAL
2026-09-22 04:16:31 | WARD_B_TEMP_05 | 39.2 | CRITICAL
2026-09-22 04:16:32 | WARD_B_TEMP_01 | 37.7 | WARNING
2026-09-22 04:16:32 | WARD_B_TEMP_02 | 37.8 | WARNING
2026-09-22 04:16:32 | WARD_B_TEMP_03 | 38.6 | CRITICAL
2026-09-22 04:16:32 | WARD_B_TEMP_04 | 36.6 | NORMAL
2026-09-22 04:16:32 | WARD_B_TEMP_05 | 39.0 | CRITICAL
2026-09-22 04:16:33 | WARD_B_TEMP_01 | 40.5 | CRITICAL
2026-09-22 04:16:33 | WARD_B_TEMP_02 | 37.5 | WARNING
2026-09-22 04:16:33 | WARD_B_TEMP_03 | 35.7 | NORMAL
2026-09-22 04:16:33 | WARD_B_TEMP_04 | 37.0 | NORMAL
2026-09-22 04:16:33 | WARD_B_TEMP_05 | 37.4 | NORMAL
2026-09-22 04:16:34 | WARD_B_TEMP_01 | 35.8 | NORMAL
2026-09-22 04:16:34 | WARD_B_TEMP_02 | 37.3 | NORMAL
2026-09-22 04:16:34 | WARD_B_TEMP_03 | 34.7 | CRITICAL
2026-09-22 04:16:34 | WARD_B_TEMP_04 | 35.1 | CRITICAL
2026-09-22 04:16:34 | WARD_B_TEMP_05 | 39.9 | CRITICAL
2026-09-22 04:16:35 | WARD_B_TEMP_01 | 36.7 | NORMAL
2026-09-22 04:16:35 | WARD_B_TEMP_02 | 36.9 | NORMAL
2026-09-22 04:16:35 | WARD_B_TEMP_03 | 35.6 | NORMAL
2026-09-22 04:16:35 | WARD_B_TEMP_04 | 37.3 | NORMAL
2026-09-22 04:16:35 | WARD_B_TEMP_05 | 39.2 | CRITICAL
2026-09-22 04:16:36 | WARD_B_TEMP_01 | 37.8 | WARNING
2026-09-22 04:16:36 | WARD_B_TEMP_02 | 39.6 | CRITICAL
2026-09-22 04:16:36 | WARD_B_TEMP_03 | 35.9 | NORMAL
2026-09-22 04:16:36 | WARD_B_TEMP_04 | 35.0 | CRITICAL
2026-09-22 04:16:36 | WARD_B_TEMP_05 | 35.7 | NORMAL
2026-09-22 04:16:37 | WARD_B_TEMP_01 | 35.2 | CRITICAL
2026-09-22 04:16:37 | WARD_B_TEMP_02 | 35.4 | CRITICAL
2026-09-22 04:16:37 | WARD_B_TEMP_03 | 36.4 | NORMAL
2026-09-22 04:16:37 | WARD_B_TEMP_04 | 38.0 | WARNING
2026-09-22 04:16:37 | WARD_B_TEMP_05 | 38.4 | CRITICAL
2026-09-22 04:16:38 | WARD_B_TEMP_01 | 38.4 | CRITICAL
2026-09-22 04:16:38 | WARD_B_TEMP_02 | 35.7 | NORMAL
2026-09-22 04:16:38 | WARD_B_TEMP_03 | 39.9 | CRITICAL
2026-09-22 04:16:38 | WARD_B_TEMP_04 | 37.4 | NORMAL
2026-09-22 04:16:38 | WARD_B_TEMP_05 | 35.3 | CRITICAL
2026-09-22 04:16:39 | WARD_B_TEMP_01 | 37.0 | NORMAL
2026-09-22 04:16:39 | WARD_B_TEMP_02 | 35.0 | CRITICAL
2026-09-22 04:16:39 | WARD_B_TEMP_03 | 37.9 | WARNING
2026-09-22 04:16:39 | WARD_B_TEMP_04 | 38.4 | CRITICAL
2026-09-22 04:16:39 | WARD_B_TEMP_05 | 37.3 | NORMAL
2026-09-22 04:16:40 | WARD_B_TEMP_01 | 36.5 | NORMAL
2026-09-22 04:16:40 | WARD_B_TEMP_02 | 38.0 | WARNING
2026-09-22 04:16:40 | WARD_B_TEMP_03 | 40.0 | CRITICAL
2026-09-22 04:16:40 | WARD_B_TEMP_04 | 36.5 | NORMAL
2026-09-22 04:16:40 | WARD_B_TEMP_05 | 40.0 | CRITICAL
2026-09-22 04:16:41 | WARD_B_TEMP_01 | 39.2 | CRITICAL
2026-09-22 04:16:41 | WARD_B_TEMP_02 | 35.4 | CRITICAL
2026-09-22 04:16:41 | WARD_B_TEMP_03 | 40.0 | CRITICAL
2026-09-22 04:16:41 | WARD_B_TEMP_04 | 36.8 | NORMAL
2026-09-22 04:16:41 | WARD_B_TEMP_05 | 36.9 | NORMAL
2026-09-22 04:16:42 | WARD_B_TEMP_01 | 35.1 | CRITICAL
2026-09-22 04:16:42 | WARD_B_TEMP_02 | 35.8 | NORMAL
2026-09-22 04:16:42 | WARD_B_TEMP_03 | 36.6 | NORMAL
2026-09-22 04:16:42 | WARD_B_TEMP_04 | 37.6 | WARNING
2026-09-22 04:16:42 | WARD_B_TEMP_05 | 39.0 | CRITICAL
2026-09-22 04:16:43 | WARD_B_TEMP_01 | 34.8 | CRITICAL
2026-09-22 04:16:43 | WARD_B_TEMP_02 | 37.4 | NORMAL
2026-09-22 04:16:43 | WARD_B_TEMP_03 | 35.5 | NORMAL
2026-09-22 04:16:43 | WARD_B_TEMP_04 | 38.2 | CRITICAL
2026-09-22 04:16:43 | WARD_B_TEMP_05 | 34.5 | CRITICAL
2026-09-22 04:16:44 | WARD_B_TEMP_01 | 34.6 | CRITICAL
2026-09-22 04:16:44 | WARD_B_TEMP_02 | 40.3 | CRITICAL
2026-09-22 04:16:44 | WARD_B_TEMP_03 | 37.8 | WARNING
2026-09-22 04:16:44 | WARD_B_TEMP_04 | 34.5 | CRITICAL
2026-09-22 04:16:44 | WARD_B_TEMP_05 | 39.5 | CRITICAL
2026-09-22 04:16:45 | WARD_B_TEMP_01 | 36.9 | NORMAL
2026-09-22 04:16:45 | WARD_B_TEMP_02 | 37.1 | NORMAL
2026-09-22 04:16:45 | WARD_B_TEMP_03 | 38.9 | CRITICAL
2026-09-22 04:16:45 | WARD_B_TEMP_04 | 37.0 | NORMAL
2026-09-22 04:16:45 | WARD_B_TEMP_05 | 38.3 | CRITICAL
2026-09-22 04:16:46 | WARD_B_TEMP_01 | 36.2 | NORMAL
2026-09-22 04:16:46 | WARD_B_TEMP_02 | 34.5 | CRITICAL
2026-09-22 04:16:46 | WARD_B_TEMP_03 | 37.1 | NORMAL
2026-09-22 04:16:46 | WARD_B_TEMP_04 | 36.3 | NORMAL
2026-09-22 04:16:46 | WARD_B_TEMP_05 | 37.3 | NORMAL
2026-09-22 04:16:47 | WARD_B_TEMP_01 | 35.3 | CRITICAL
2026-09-22 04:16:47 | WARD_B_TEMP_02 | 37.9 | WARNING
2026-09-22 04:16:47 | WARD_B_TEMP_03 | 36.9 | NORMAL
2026-09-22 04:16:47 | WARD_B_TEMP_04 | 34.5 | CRITICAL
2026-09-22 04:16:47 | WARD_B_TEMP_05 | 36.5 | NORMAL
2026-09-22 04:16:48 | WARD_B_TEMP_01 | 35.8 | NORMAL
2026-09-22 04:16:48 | WARD_B_TEMP_02 | 38.2 | CRITICAL
2026-09-22 04:16:48 | WARD_B_TEMP_03 | 38.5 | CRITICAL
2026-09-22 04:16:48 | WARD_B_TEMP_04 | 37.8 | WARNING
2026-09-22 04:16:48 | WARD_B_TEMP_05 | 35.2 | CRITICAL
2026-09-22 04:16:49 | WARD_B_TEMP_01 | 38.5 | CRITICAL
2026-09-22 04:16:49 | WARD_B_TEMP_02 | 35.4 | CRITICAL
2026-09-22 04:16:49 | WARD_B_TEMP_03 | 36.7 | NORMAL
2026-09-22 04:16:49 | WARD_B_TEMP_04 | 39.1 | CRITICAL
2026-09-22 04:16:49 | WARD_B_TEMP_05 | 36.8 | NORMAL
2026-09-22 04:16:50 | WARD_B_TEMP_01 | 35.6 | NORMAL
2026-09-22 04:16:50 | WARD_B_TEMP_02 | 39.4 | CRITICAL
2026-09-22 04:16:50 | WARD_B_TEMP_03 | 37.6 | WARNING
2026-09-22 04:16:50 | WARD_B_TEMP_04 | 39.0 | CRITICAL
2026-09-22 04:16:50 | WARD_B_TEMP_05 | 37.0 | NORMAL
2026-09-22 04:16:51 | WARD_B_TEMP_01 | 38.4 | CRITICAL
2026-09-22 04:16:51 | WARD_B_TEMP_02 | 36.1 | NORMAL
2026-09-22 04:16:51 | WARD_B_TEMP_03 | 36.7 | NORMAL
2026-09-22 04:16:51 | WARD_B_TEMP_04 | 34.7 | CRITICAL
2026-09-22 04:16:51 | WARD_B_TEMP_05 | 36.2 | NORMAL
2026-09-22 04:16:52 | WARD_B_TEMP_01 | 35.2 | CRITICAL
2026-09-22 04:16:52 | WARD_B_TEMP_02 | 35.2 | CRITICAL
2026-09-22 04:16:52 | WARD_B_TEMP_03 | 35.9 | NORMAL
2026-09-22 04:16:52 | WARD_B_TEMP_04 | 36.8 | NORMAL
2026-09-22 04:16:52 | WARD_B_TEMP_05 | 36.1 | NORMAL
2026-09-22 04:16:53 | WARD_B_TEMP_01 | 39.8 | CRITICAL
2026-09-22 04:16:53 | WARD_B_TEMP_02 | 39.9 | CRITICAL
2026-09-22 04:16:53 | WARD_B_TEMP_03 | 37.0 | NORMAL
2026-09-22 04:16:53 | WARD_B_TEMP_04 | 36.6 | NORMAL
2026-09-22 04:16:53 | WARD_B_TEMP_05 | 39.9 | CRITICAL
2026-09-22 04:16:54 | WARD_B_TEMP_01 | 39.1 | CRITICAL
2026-09-22 04:16:54 | WARD_B_TEMP_02 | 39.3 | CRITICAL
2026-09-22 04:16:54 | WARD_B_TEMP_03 | 36.3 | NORMAL
2026-09-22 04:16:54 | WARD_B_TEMP_04 | 39.2 | CRITICAL
2026-09-22 04:16:54 | WARD_B_TEMP_05 | 36.6 | NORMAL
2026-09-22 04:16:55 | WARD_B_TEMP_01 | 37.4 | NORMAL
2026-09-22 04:16:55 | WARD_B_TEMP_02 | 34.6 | CRITICAL
2026-09-22 04:16:55 | WARD_B_TEMP_03 | 38.6 | CRITICAL
2026-09-22 04:16:55 | WARD_B_TEMP_04 | 39.0 | CRITICAL
2026-09-22 04:16:55 | WARD_B_TEMP_05 | 40.4 | CRITICAL
2026-09-22 04:16:56 | WARD_B_TEMP_01 | 38.2 | CRITICAL
2026-09-22 04:16:56 | WARD_B_TEMP_02 | 40.5 | CRITICAL
2026-09-22 04:16:56 | WARD_B_TEMP_03 | 37.7 | WARNING
2026-09-22 04:16:56 | WARD_B_TEMP_04 | 37.6 | WARNING
2026-09-22 04:16:56 | WARD_B_TEMP_05 | 38.8 | CRITICAL
2026-09-22 04:16:57 | WARD_B_TEMP_01 | 34.7 | CRITICAL
2026-09-22 04:16:57 | WARD_B_TEMP_02 | 36.9 | NORMAL
2026-09-22 04:16:57 | WARD_B_TEMP_03 | 40.2 | CRITICAL
2026-09-22 04:16:57 | WARD_B_TEMP_04 | 36.0 | NORMAL
2026-09-22 04:16:57 | WARD_B_TEMP_05 | 39.6 | CRITICAL
2026-09-22 04:16:58 | WARD_B_TEMP_01 | 35.6 | NORMAL
2026-09-22 04:16:58 | WARD_B_TEMP_02 | 35.1 | CRITICAL
2026-09-22 04:16:58 | WARD_B_TEMP_03 | 34.8 | CRITICAL
2026-09-22 04:16:58 | WARD_B_TEMP_04 | 39.5 | CRITICAL
2026-09-22 04:16:58 | WARD_B_TEMP_05 | 34.8 | CRITICAL
2026-09-22 04:16:59 | WARD_B_TEMP_01 | 36.9 | NORMAL
2026-09-22 04:16:59 | WARD_B_TEMP_02 | 40.1 | CRITICAL
2026-09-22 04:16:59 | WARD_B_TEMP_03 | 36.1 | NORMAL
2026-09-22 04:16:59 | WARD_B_TEMP_04 | 35.7 | NORMAL
2026-09-22 04:16:59 | WARD_B_TEMP_05 | 35.5 | NORMAL
2026-09-22 04:17:00 | WARD_B_TEMP_01 | 37.3 | NORMAL
2026-09-22 04:17:00 | WARD_B_TEMP_02 | 34.9 | CRITICAL
2026-09-22 04:17:00 | WARD_B_TEMP_03 | 39.0 | CRITICAL
2026-09-22 04:17:00 | WARD_B_TEMP_04 | 35.0 | CRITICAL
2026-09-22 04:17:00 | WARD_B_TEMP_05 | 36.3 | NORMAL
2026-09-22 04:17:01 | WARD_B_TEMP_01 | 37.4 | NORMAL
2026-09-22 04:17:01 | WARD_B_TEMP_02 | 39.9 | CRITICAL
2026-09-22 04:17:01 | WARD_B_TEMP_03 | 37.7 | WARNING
2026-09-22 04:17:01 | WARD_B_TEMP_04 | 36.5 | NORMAL
2026-09-22 04:17:01 | WARD_B_TEMP_05 | 34.7 | CRITICAL
2026-09-22 04:17:02 | WARD_B_TEMP_01 | 34.9 | CRITICAL
2026-09-22 04:17:02 | WARD_B_TEMP_02 | 35.0 | CRITICAL
2026-09-22 04:17:02 | WARD_B_TEMP_03 | 35.6 | NORMAL
2026-09-22 04:17:02 | WARD_B_TEMP_04 | 40.2 | CRITICAL
2026-09-22 04:17:02 | WARD_B_TEMP_05 | 36.4 | NORMAL
2026-09-22 04:17:03 | WARD_B_TEMP_01 | 39.3 | CRITICAL
2026-09-22 04:17:03 | WARD_B_TEMP_02 | 36.8 | NORMAL
2026-09-22 04:17:03 | WARD_B_TEMP_03 | 39.6 | CRITICAL
2026-09-22 04:17:03 | WARD_B_TEMP_04 | 36.1 | NORMAL
2026-09-22 04:17:03 | WARD_B_TEMP_05 | 34.8 | CRITICAL
2026-09-22 04:17:04 | WARD_B_TEMP_01 | 39.6 | CRITICAL
2026-09-22 04:17:04 | WARD_B_TEMP_02 | 39.1 | CRITICAL
2026-09-22 04:17:04 | WARD_B_TEMP_03 | 37.5 | WARNING
2026-09-22 04:17:04 | WARD_B_TEMP_04 | 36.1 | NORMAL
2026-09-22 04:17:04 | WARD_B_TEMP_05 | 40.2 | CRITICAL
2026-09-22 04:17:05 | WARD_B_TEMP_01 | 39.8 | CRITICAL
2026-09-22 04:17:05 | WARD_B_TEMP_02 | 36.9 | NORMAL
2026-09-22 04:17:05 | WARD_B_TEMP_03 | 38.4 | CRITICAL
2026-09-22 04:17:05 | WARD_B_TEMP_04 | 37.8 | WARNING
2026-09-22 04:17:05 | WARD_B_TEMP_05 | 38.0 | WARNING
2026-09-22 04:17:06 | WARD_B_TEMP_01 | 35.6 | NORMAL
2026-09-22 04:17:06 | WARD_B_TEMP_02 | 36.8 | NORMAL
2026-09-22 04:17:06 | WARD_B_TEMP_03 | 37.1 | NORMAL
2026-09-22 04:17:06 | WARD_B_TEMP_04 | 35.6 | NORMAL
2026-09-22 04:17:06 | WARD_B_TEMP_05 | 39.6 | CRITICAL
2026-09-22 04:17:07 | WARD_B_TEMP_01 | 37.9 | WARNING
2026-09-22 04:17:07 | WARD_B_TEMP_02 | 36.9 | NORMAL
2026-09-22 04:17:07 | WARD_B_TEMP_03 | 39.5 | CRITICAL
2026-09-22 04:17:07 | WARD_B_TEMP_04 | 39.8 | CRITICAL
2026-09-22 04:17:07 | WARD_B_TEMP_05 | 37.0 | NORMAL
2026-09-22 04:17:08 | WARD_B_TEMP_01 | 36.9 | NORMAL
2026-09-22 04:17:08 | WARD_B_TEMP_02 | 34.6 | CRITICAL
2026-09-22 04:17:08 | WARD_B_TEMP_03 | 39.8 | CRITICAL
2026-09-22 04:17:08 | WARD_B_TEMP_04 | 35.6 | NORMAL
2026-09-22 04:17:08 | WARD_B_TEMP_05 | 35.2 | CRITICAL
2026-09-22 04:17:09 | WARD_B_TEMP_01 | 37.1 | NORMAL
2026-09-22 04:17:09 | WARD_B_TEMP_02 | 37.2 | NORMAL
2026-09-22 04:17:09 | WARD_B_TEMP_03 | 37.1 | NORMAL
2026-09-22 04:17:09 | WARD_B_TEMP_04 | 35.7 | NORMAL
2026-09-22 04:17:09 | WARD_B_TEMP_05 | 36.9 | NORMAL
2026-09-22 04:17:10 | WARD_B_TEMP_01 | 37.0 | NORMAL
2026-09-22 04:17:10 | WARD_B_TEMP_02 | 36.6 | NORMAL
2026-09-22 04:17:10 | WARD_B_TEMP_03 | 39.6 | CRITICAL
2026-09-22 04:17:10 | WARD_B_TEMP_04 | 36.5 | NORMAL
2026-09-22 04:17:10 | WARD_B_TEMP_05 | 35.9 | NORMAL
2026-09-22 04:17:11 | WARD_B_TEMP_01 | 37.6 | WARNING
2026-09-22 04:17:11 | WARD_B_TEMP_02 | 39.7 | CRITICAL
2026-09-22 04:17:11 | WARD_B_TEMP_03 | 35.3 | CRITICAL
2026-09-22 04:17:11 | WARD_B_TEMP_04 | 35.5 | NORMAL
2026-09-22 04:17:11 | WARD_B_TEMP_05 | 34.7 | CRITICAL
2026-09-22 04:17:12 | WARD_B_TEMP_01 | 36.5 | NORMAL
2026-09-22 04:17:12 | WARD_B_TEMP_02 | 38.2 | CRITICAL
2026-09-22 04:17:12 | WARD_B_TEMP_03 | 37.8 | WARNING
2026-09-22 04:17:12 | WARD_B_TEMP_04 | 40.3 | CRITICAL
2026-09-22 04:17:12 | WARD_B_TEMP_05 | 35.4 | CRITICAL
2026-09-22 04:17:13 | WARD_B_TEMP_01 | 37.9 | WARNING
2026-09-22 04:17:13 | WARD_B_TEMP_02 | 36.4 | NORMAL
2026-09-22 04:17:13 | WARD_B_TEMP_03 | 35.7 | NORMAL
2026-09-22 04:17:13 | WARD_B_TEMP_04 | 36.6 | NORMAL
2026-09-22 04:17:13 | WARD_B_TEMP_05 | 37.2 | NORMAL
2026-09-22 04:17:14 | WARD_B_TEMP_01 | 37.6 | WARNING
2026-09-22 04:17:14 | WARD_B_TEMP_02 | 36.7 | NORMAL
2026-09-22 04:17:14 | WARD_B_TEMP_03 | 36.1 | NORMAL
2026-09-22 04:17:14 | WARD_B_TEMP_04 | 39.3 | CRITICAL
2026-09-22 04:17:14 | WARD_B_TEMP_05 | 38.6 | CRITICAL
2026-09-22 04:17:15 | WARD_B_TEMP_01 | 40.3 | CRITICAL
2026-09-22 04:17:15 | WARD_B_TEMP_02 | 36.4 | NORMAL
2026-09-22 04:17:15 | WARD_B_TEMP_03 | 38.9 | CRITICAL
2026-09-22 04:17:15 | WARD_B_TEMP_04 | 40.0 | CRITICAL
2026-09-22 04:17:15 | WARD_B_TEMP_05 | 37.3 | NORMAL
2026-09-22 04:17:16 | WARD_B_TEMP_01 | 39.2 | CRITICAL
2026-09-22 04:17:16 | WARD_B_TEMP_02 | 40.2 | CRITICAL
2026-09-22 04:17:16 | WARD_B_TEMP_03 | 36.7 | NORMAL
2026-09-22 04:17:16 | WARD_B_TEMP_04 | 40.2 | CRITICAL
2026-09-22 04:17:16 | WARD_B_TEMP_05 | 38.5 | CRITICAL
2026-09-22 04:17:17 | WARD_B_TEMP_01 | 35.7 | NORMAL
2026-09-22 04:17:17 | WARD_B_TEMP_02 | 36.9 | NORMAL
2026-09-22 04:17:17 | WARD_B_TEMP_03 | 38.9 | CRITICAL
2026-09-22 04:17:17 | WARD_B_TEMP_04 | 37.8 | WARNING
2026-09-22 04:17:17 | WARD_B_TEMP_05 | 37.8 | WARNING
2026-09-22 04:17:18 | WARD_B_TEMP_01 | 38.1 | CRITICAL
2026-09-22 04:17:18 | WARD_B_TEMP_02 | 37.2 | NORMAL
2026-09-22 04:17:18 | WARD_B_TEMP_03 | 36.4 | NORMAL
2026-09-22 04:17:18 | WARD_B_TEMP_04 | 38.3 | CRITICAL
2026-09-22 04:17:18 | WARD_B_TEMP_05 | 37.5 | WARNING
2026-09-22 04:17:19 | WARD_B_TEMP_01 | 39.4 | CRITICAL
2026-09-22 04:17:19 | WARD_B_TEMP_02 | 35.4 | CRITICAL
2026-09-22 04:17:19 | WARD_B_TEMP_03 | 40.4 | CRITICAL
2026-09-22 04:17:19 | WARD_B_TEMP_04 | 34.9 | CRITICAL
2026-09-22 04:17:19 | WARD_B_TEMP_05 | 40.2 | CRITICAL
2026-09-22 04:17:20 | WARD_B_TEMP_01 | 38.3 | CRITICAL
2026-09-22 04:17:20 | WARD_B_TEMP_02 | 35.0 | CRITICAL
2026-09-22 04:17:20 | WARD_B_TEMP_03 | 35.2 | CRITICAL
2026-09-22 04:17:20 | WARD_B_TEMP_04 | 37.8 | WARNING
2026-09-22 04:17:20 | WARD_B_TEMP_05 | 37.3 | NORMAL
2026-09-22 04:17:21 | WARD_B_TEMP_01 | 36.5 | NORMAL
2026-09-22 04:17:21 | WARD_B_TEMP_02 | 35.5 | NORMAL
2026-09-22 04:17:21 | WARD_B_TEMP_03 | 34.7 | CRITICAL
2026-09-22 04:17:21 | WARD_B_TEMP_04 | 40.3 | CRITICAL
2026-09-22 04:17:21 | WARD_B_TEMP_05 | 39.1 | CRITICAL
2026-09-22 04:17:22 | WARD_B_TEMP_01 | 37.0 | NORMAL
2026-09-22 04:17:22 | WARD_B_TEMP_02 | 37.3 | NORMAL
2026-09-22 04:17:22 | WARD_B_TEMP_03 | 37.6 | WARNING
2026-09-22 04:17:22 | WARD_B_TEMP_04 | 39.2 | CRITICAL
2026-09-22 04:17:22 | WARD_B_TEMP_05 | 35.0 | CRITICAL
2026-09-22 04:17:23 | WARD_B_TEMP_01 | 36.9 | NORMAL
2026-09-22 04:17:23 | WARD_B_TEMP_02 | 38.0 | WARNING
2026-09-22 04:17:23 | WARD_B_TEMP_03 | 37.9 | WARNING
2026-09-22 04:17:23 | WARD_B_TEMP_04 | 34.8 | CRITICAL
2026-09-22 04:17:23 | WARD_B_TEMP_05 | 35.3 | CRITICAL
2026-09-22 04:17:24 | WARD_B_TEMP_01 | 36.6 | NORMAL
2026-09-22 04:17:24 | WARD_B_TEMP_02 | 39.6 | CRITICAL
2026-09-22 04:17:24 | WARD_B_TEMP_03 | 34.8 | CRITICAL
2026-09-22 04:17:24 | WARD_B_TEMP_04 | 39.6 | CRITICAL
2026-09-22 04:17:24 | WARD_B_TEMP_05 | 38.1 | CRITICAL
2026-09-22 04:17:25 | WARD_B_TEMP_01 | 40.2 | CRITICAL
2026-09-22 04:17:25 | WARD_B_TEMP_02 | 38.7 | CRITICAL
2026-09-22 04:17:25 | WARD_B_TEMP_03 | 37.6 | WARNING
2026-09-22 04:17:25 | WARD_B_TEMP_04 | 37.3 | NORMAL
2026-09-22 04:17:25 | WARD_B_TEMP_05 | 35.9 | NORMAL
2026-09-22 04:17:26 | WARD_B_TEMP_01 | 34.8 | CRITICAL
2026-09-22 04:17:26 | WARD_B_TEMP_02 | 38.9 | CRITICAL
2026-09-22 04:17:26 | WARD_B_TEMP_03 | 39.6 | CRITICAL
2026-09-22 04:17:26 | WARD_B_TEMP_04 | 35.7 | NORMAL
2026-09-22 04:17:26 | WARD_B_TEMP_05 | 39.6 | CRITICAL
2026-09-22 04:17:27 | WARD_B_TEMP_01 | 39.4 | CRITICAL
2026-09-22 04:17:27 | WARD_B_TEMP_02 | 35.3 | CRITICAL
2026-09-22 04:17:27 | WARD_B_TEMP_03 | 40.1 | CRITICAL
2026-09-22 04:17:27 | WARD_B_TEMP_04 | 38.9 | CRITICAL
2026-09-22 04:17:27 | WARD_B_TEMP_05 | 34.7 | CRITICAL
2026-09-22 04:17:28 | WARD_B_TEMP_01 | 35.1 | CRITICAL
2026-09-22 04:17:28 | WARD_B_TEMP_02 | 38.6 | CRITICAL
2026-09-22 04:17:28 | WARD_B_TEMP_03 | 40.4 | CRITICAL
2026-09-22 04:17:28 | WARD_B_TEMP_04 | 38.6 | CRITICAL
2026-09-22 04:17:28 | WARD_B_TEMP_05 | 38.2 | CRITICAL
2026-09-22 04:17:29 | WARD_B_TEMP_01 | 34.8 | CRITICAL
2026-09-22 04:17:29 | WARD_B_TEMP_02 | 35.4 | CRITICAL
2026-09-22 04:17:29 | WARD_B_TEMP_03 | 39.8 | CRITICAL
2026-09-22 04:17:29 | WARD_B_TEMP_04 | 39.2 | CRITICAL
2026-09-22 04:17:29 | WARD_B_TEMP_05 | 40.1 | CRITICAL
2026-09-22 04:17:30 | WARD_B_TEMP_01 | 38.2 | CRITICAL
2026-09-22 04:17:30 | WARD_B_TEMP_02 | 38.9 | CRITICAL
2026-09-22 04:17:30 | WARD_B_TEMP_03 | 37.0 | NORMAL
2026-09-22 04:17:30 | WARD_B_TEMP_04 | 36.2 | NORMAL
2026-09-22 04:17:30 | WARD_B_TEMP_05 | 35.2 | CRITICAL
2026-09-22 04:17:31 | WARD_B_TEMP_01 | 40.3 | CRITICAL
2026-09-22 04:17:31 | WARD_B_TEMP_02 | 34.7 | CRITICAL
2026-09-22 04:17:31 | WARD_B_TEMP_03 | 36.4 | NORMAL
2026-09-22 04:17:31 | WARD_B_TEMP_04 | 38.9 | CRITICAL
2026-09-22 04:17:31 | WARD_B_TEMP_05 | 39.6 | CRITICAL
2026-09-22 04:17:32 | WARD_B_TEMP_01 | 40.0 | CRITICAL
2026-09-22 04:17:32 | WARD_B_TEMP_02 | 40.0 | CRITICAL
2026-09-22 04:17:32 | WARD_B_TEMP_03 | 38.1 | CRITICAL
2026-09-22 04:17:32 | WARD_B_TEMP_04 | 40.0 | CRITICAL
2026-09-22 04:17:32 | WARD_B_TEMP_05 | 34.8 | CRITICAL
2026-09-22 04:17:33 | WARD_B_TEMP_01 | 39.8 | CRITICAL
2026-09-22 04:17:33 | WARD_B_TEMP_02 | 34.8 | CRITICAL
2026-09-22 04:17:33 | WARD_B_TEMP_03 | 40.1 | CRITICAL
2026-09-22 04:17:33 | WARD_B_TEMP_04 | 40.1 | CRITICAL
2026-09-22 04:17:33 | WARD_B_TEMP_05 | 39.7 | CRITICAL
2026-09-22 04:17:34 | WARD_B_TEMP_01 | 38.3 | CRITICAL
2026-09-22 04:17:34 | WARD_B_TEMP_02 | 37.6 | WARNING
2026-09-22 04:17:34 | WARD_B_TEMP_03 | 36.9 | NORMAL
2026-09-22 04:17:34 | WARD_B_TEMP_04 | 37.8 | WARNING
2026-09-22 04:17:34 | WARD_B_TEMP_05 | 40.4 | CRITICAL
2026-09-22 04:17:35 | WARD_B_TEMP_01 | 39.3 | CRITICAL
2026-09-22 04:17:35 | WARD_B_TEMP_02 | 36.5 | NORMAL
2026-09-22 04:17:35 | WARD_B_TEMP_03 | 36.2 | NORMAL
2026-09-22 04:17:35 | WARD_B_TEMP_04 | 37.6 | WARNING
2026-09-22 04:17:35 | WARD_B_TEMP_05 | 35.3 | CRITICAL
2026-09-22 04:17:36 | WARD_B_TEMP_01 | 35.2 | CRITICAL
2026-09-22 04:17:36 | WARD_B_TEMP_02 | 35.7 | NORMAL
2026-09-22 04:17:36 | WARD_B_TEMP_03 | 37.8 | WARNING
2026-09-22 04:17:36 | WARD_B_TEMP_04 | 40.1 | CRITICAL
2026-09-22 04:17:36 | WARD_B_TEMP_05 | 35.6 | NORMAL
2026-09-22 04:17:37 | WARD_B_TEMP_01 | 37.1 | NORMAL
2026-09-22 04:17:37 | WARD_B_TEMP_02 | 35.7 | NORMAL
2026-09-22 04:17:37 | WARD_B_TEMP_03 | 37.2 | NORMAL
2026-09-22 04:17:37 | WARD_B_TEMP_04 | 40.2 | CRITICAL
2026-09-22 04:17:37 | WARD_B_TEMP_05 | 38.7 | CRITICAL
2026-09-22 04:17:38 | WARD_B_TEMP_01 | 38.5 | CRITICAL
2026-09-22 04:17:38 | WARD_B_TEMP_02 | 36.3 | NORMAL
2026-09-22 04:17:38 | WARD_B_TEMP_03 | 35.8 | NORMAL
2026-09-22 04:17:38 | WARD_B_TEMP_04 | 38.8 | CRITICAL
2026-09-22 04:17:38 | WARD_B_TEMP_05 | 36.1 | NORMAL
2026-09-22 04:17:39 | WARD_B_TEMP_01 | 39.3 | CRITICAL
2026-09-22 04:17:39 | WARD_B_TEMP_02 | 34.7 | CRITICAL
2026-09-22 04:17:39 | WARD_B_TEMP_03 | 40.3 | CRITICAL
2026-09-22 04:17:39 | WARD_B_TEMP_04 | 34.7 | CRITICAL
2026-09-22 04:17:39 | WARD_B_TEMP_05 | 38.6 | CRITICAL
2026-09-22 04:17:40 | WARD_B_TEMP_01 | 39.1 | CRITICAL
2026-09-22 04:17:40 | WARD_B_TEMP_02 | 39.8 | CRITICAL
2026-09-22 04:17:40 | WARD_B_TEMP_03 | 40.4 | CRITICAL
2026-09-22 04:17:40 | WARD_B_TEMP_04 | 38.0 | WARNING
2026-09-22 04:17:40 | WARD_B_TEMP_05 | 35.1 | CRITICAL
2026-09-22 04:17:41 | WARD_B_TEMP_01 | 38.4 | CRITICAL
2026-09-22 04:17:41 | WARD_B_TEMP_02 | 38.3 | CRITICAL
2026-09-22 04:17:41 | WARD_B_TEMP_03 | 35.9 | NORMAL
2026-09-22 04:17:41 | WARD_B_TEMP_04 | 38.4 | CRITICAL
2026-09-22 04:17:41 | WARD_B_TEMP_05 | 35.0 | CRITICAL
2026-09-22 04:17:42 | WARD_B_TEMP_01 | 35.6 | NORMAL
2026-09-22 04:17:42 | WARD_B_TEMP_02 | 39.7 | CRITICAL
2026-09-22 04:17:42 | WARD_B_TEMP_03 | 39.6 | CRITICAL
2026-09-22 04:17:42 | WARD_B_TEMP_04 | 38.0 | WARNING
2026-09-22 04:17:42 | WARD_B_TEMP_05 | 36.2 | NORMAL
2026-09-22 04:17:43 | WARD_B_TEMP_01 | 38.5 | CRITICAL
2026-09-22 04:17:43 | WARD_B_TEMP_02 | 38.6 | CRITICAL
2026-09-22 04:17:43 | WARD_B_TEMP_03 | 34.8 | CRITICAL
2026-09-22 04:17:43 | WARD_B_TEMP_04 | 36.5 | NORMAL
2026-09-22 04:17:43 | WARD_B_TEMP_05 | 40.2 | CRITICAL
2026-09-22 04:17:44 | WARD_B_TEMP_01 | 36.3 | NORMAL
2026-09-22 04:17:44 | WARD_B_TEMP_02 | 40.2 | CRITICAL
2026-09-22 04:17:44 | WARD_B_TEMP_03 | 39.8 | CRITICAL
2026-09-22 04:17:44 | WARD_B_TEMP_04 | 38.4 | CRITICAL
2026-09-22 04:17:44 | WARD_B_TEMP_05 | 38.0 | WARNING
2026-09-22 04:17:45 | WARD_B_TEMP_01 | 39.5 | CRITICAL
2026-09-22 04:17:45 | WARD_B_TEMP_02 | 38.4 | CRITICAL
2026-09-22 04:17:45 | WARD_B_TEMP_03 | 40.0 | CRITICAL
2026-09-22 04:17:45 | WARD_B_TEMP_04 | 38.0 | WARNING
2026-09-22 04:17:45 | WARD_B_TEMP_05 | 37.2 | NORMAL
2026-09-22 04:17:46 | WARD_B_TEMP_01 | 38.7 | CRITICAL
2026-09-22 04:17:46 | WARD_B_TEMP_02 | 37.7 | WARNING
2026-09-22 04:17:46 | WARD_B_TEMP_03 | 38.9 | CRITICAL
2026-09-22 04:17:46 | WARD_B_TEMP_04 | 39.9 | CRITICAL
2026-09-22 04:17:46 | WARD_B_TEMP_05 | 37.1 | NORMAL
2026-09-22 04:17:47 | WARD_B_TEMP_01 | 40.2 | CRITICAL
2026-09-22 04:17:47 | WARD_B_TEMP_02 | 38.9 | CRITICAL
2026-09-22 04:17:47 | WARD_B_TEMP_03 | 38.1 | CRITICAL
2026-09-22 04:17:47 | WARD_B_TEMP_04 | 39.7 | CRITICAL
2026-09-22 04:17:47 | WARD_B_TEMP_05 | 37.2 | NORMAL
2026-09-22 04:17:48 | WARD_B_TEMP_01 | 39.1 | CRITICAL
2026-09-22 04:17:48 | WARD_B_TEMP_02 | 37.4 | NORMAL
2026-09-22 04:17:48 | WARD_B_TEMP_03 | 39.1 | CRITICAL
2026-09-22 04:17:48 | WARD_B_TEMP_04 | 39.9 | CRITICAL
2026-09-22 04:17:48 | WARD_B_TEMP_05 | 36.4 | NORMAL
2026-09-22 04:17:49 | WARD_B_TEMP_01 | 36.8 | NORMAL
2026-09-22 04:17:49 | WARD_B_TEMP_02 | 36.8 | NORMAL
2026-09-22 04:17:49 | WARD_B_TEMP_03 | 38.5 | CRITICAL
2026-09-22 04:17:49 | WARD_B_TEMP_04 | 40.3 | CRITICAL
2026-09-22 04:17:49 | WARD_B_TEMP_05 | 38.7 | CRITICAL
2026-09-22 04:17:50 | WARD_B_TEMP_01 | 40.2 | CRITICAL
2026-09-22 04:17:50 | WARD_B_TEMP_02 | 39.5 | CRITICAL
2026-09-22 04:17:50 | WARD_B_TEMP_03 | 37.7 | WARNING
2026-09-22 04:17:50 | WARD_B_TEMP_04 | 39.6 | CRITICAL
2026-09-22 04:17:50 | WARD_B_TEMP_05 | 35.6 | NORMAL
2026-09-22 04:17:51 | WARD_B_TEMP_01 | 35.1 | CRITICAL
2026-09-22 04:17:51 | WARD_B_TEMP_02 | 35.9 | NORMAL
2026-09-22 04:17:51 | WARD_B_TEMP_03 | 36.3 | NORMAL
2026-09-22 04:17:51 | WARD_B_TEMP_04 | 39.5 | CRITICAL
2026-09-22 04:17:51 | WARD_B_TEMP_05 | 34.9 | CRITICAL
2026-09-22 04:17:52 | WARD_B_TEMP_01 | 39.6 | CRITICAL
2026-09-22 04:17:52 | WARD_B_TEMP_02 | 37.9 | WARNING
2026-09-22 04:17:52 | WARD_B_TEMP_03 | 37.5 | WARNING
2026-09-22 04:17:52 | WARD_B_TEMP_04 | 37.0 | NORMAL
2026-09-22 04:17:52 | WARD_B_TEMP_05 | 40.2 | CRITICAL
2026-09-22 04:17:53 | WARD_B_TEMP_01 | 34.9 | CRITICAL
2026-09-22 04:17:53 | WARD_B_TEMP_02 | 37.3 | NORMAL
2026-09-22 04:17:53 | WARD_B_TEMP_03 | 35.1 | CRITICAL
2026-09-22 04:17:53 | WARD_B_TEMP_04 | 38.8 | CRITICAL
2026-09-22 04:17:53 | WARD_B_TEMP_05 | 37.1 | NORMAL
2026-09-22 04:17:54 | WARD_B_TEMP_01 | 35.7 | NORMAL
2026-09-22 04:17:54 | WARD_B_TEMP_02 | 37.5 | WARNING
2026-09-22 04:17:54 | WARD_B_TEMP_03 | 36.1 | NORMAL
2026-09-22 04:17:54 | WARD_B_TEMP_04 | 40.4 | CRITICAL
2026-09-22 04:17:54 | WARD_B_TEMP_05 | 39.5 | CRITICAL
2026-09-22 04:17:55 | WARD_B_TEMP_01 | 34.7 | CRITICAL
2026-09-22 04:17:55 | WARD_B_TEMP_02 | 36.5 | NORMAL
2026-09-22 04:17:55 | WARD_B_TEMP_03 | 35.8 | NORMAL
2026-09-22 04:17:55 | WARD_B_TEMP_04 | 37.2 | NORMAL
2026-09-22 04:17:55 | WARD_B_TEMP_05 | 39.5 | CRITICAL
2026-09-22 04:17:56 | WARD_B_TEMP_01 | 40.0 | CRITICAL
2026-09-22 04:17:56 | WARD_B_TEMP_02 | 34.7 | CRITICAL
2026-09-22 04:17:56 | WARD_B_TEMP_03 | 39.2 | CRITICAL
2026-09-22 04:17:56 | WARD_B_TEMP_04 | 36.4 | NORMAL
2026-09-22 04:17:56 | WARD_B_TEMP_05 | 40.1 | CRITICAL
2026-09-22 04:17:57 | WARD_B_TEMP_01 | 38.3 | CRITICAL
2026-09-22 04:17:57 | WARD_B_TEMP_02 | 35.1 | CRITICAL
2026-09-22 04:17:57 | WARD_B_TEMP_03 | 38.3 | CRITICAL
2026-09-22 04:17:57 | WARD_B_TEMP_04 | 37.7 | WARNING
2026-09-22 04:17:57 | WARD_B_TEMP_05 | 36.0 | NORMAL
2026-09-22 04:17:58 | WARD_B_TEMP_01 | 37.7 | WARNING
2026-09-22 04:17:58 | WARD_B_TEMP_02 | 39.9 | CRITICAL
2026-09-22 04:17:58 | WARD_B_TEMP_03 | 40.1 | CRITICAL
2026-09-22 04:17:58 | WARD_B_TEMP_04 | 34.9 | CRITICAL
2026-09-22 04:17:58 | WARD_B_TEMP_05 | 36.0 | NORMAL
2026-09-22 04:17:59 | WARD_B_TEMP_01 | 36.2 | NORMAL
2026-09-22 04:17:59 | WARD_B_TEMP_02 | 35.6 | NORMAL
2026-09-22 04:17:59 | WARD_B_TEMP_03 | 40.1 | CRITICAL
2026-09-22 04:17:59 | WARD_B_TEMP_04 | 34.9 | CRITICAL
2026-09-22 04:17:59 | WARD_B_TEMP_05 | 37.3 | NORMAL
2026-09-22 04:18:00 | WARD_B_TEMP_01 | 37.5 | WARNING
2026-09-22 04:18:00 | WARD_B_TEMP_02 | 37.5 | WARNING
2026-09-22 04:18:00 | WARD_B_TEMP_03 | 35.0 | CRITICAL
2026-09-22 04:18:00 | WARD_B_TEMP_04 | 36.4 | NORMAL
2026-09-22 04:18:00 | WARD_B_TEMP_05 | 38.4 | CRITICAL
2026-09-22 04:18:01 | WARD_B_TEMP_01 | 34.8 | CRITICAL
2026-09-22 04:18:01 | WARD_B_TEMP_02 | 39.9 | CRITICAL
2026-09-22 04:18:01 | WARD_B_TEMP_03 | 38.9 | CRITICAL
2026-09-22 04:18:01 | WARD_B_TEMP_04 | 39.8 | CRITICAL
2026-09-22 04:18:01 | WARD_B_TEMP_05 | 38.5 | CRITICAL
2026-09-22 04:18:02 | WARD_B_TEMP_01 | 34.7 | CRITICAL
2026-09-22 04:18:02 | WARD_B_TEMP_02 | 37.0 | NORMAL
2026-09-22 04:18:02 | WARD_B_TEMP_03 | 37.0 | NORMAL
2026-09-22 04:18:02 | WARD_B_TEMP_04 | 35.5 | NORMAL
2026-09-22 04:18:02 | WARD_B_TEMP_05 | 40.2 | CRITICAL
2026-09-22 04:18:03 | WARD_B_TEMP_01 | 39.1 | CRITICAL
2026-09-22 04:18:03 | WARD_B_TEMP_02 | 36.8 | NORMAL
2026-09-22 04:18:03 | WARD_B_TEMP_03 | 35.5 | NORMAL
2026-09-22 04:18:03 | WARD_B_TEMP_04 | 37.4 | NORMAL
2026-09-22 04:18:03 | WARD_B_TEMP_05 | 37.5 | WARNING
2026-09-22 04:18:04 | WARD_B_TEMP_01 | 39.9 | CRITICAL
2026-09-22 04:18:04 | WARD_B_TEMP_02 | 35.1 | CRITICAL
2026-09-22 04:18:04 | WARD_B_TEMP_03 | 37.4 | NORMAL
2026-09-22 04:18:04 | WARD_B_TEMP_04 | 40.1 | CRITICAL
2026-09-22 04:18:04 | WARD_B_TEMP_05 | 35.8 | NORMAL
2026-09-22 04:18:05 | WARD_B_TEMP_01 | 38.7 | CRITICAL
2026-09-22 04:18:05 | WARD_B_TEMP_02 | 36.5 | NORMAL
2026-09-22 04:18:05 | WARD_B_TEMP_03 | 38.0 | WARNING
2026-09-22 04:18:05 | WARD_B_TEMP_04 | 36.3 | NORMAL
2026-09-22 04:18:05 | WARD_B_TEMP_05 | 36.8 | NORMAL
2026-09-22 04:18:06 | WARD_B_TEMP_01 | 39.2 | CRITICAL
2026-09-22 04:18:06 | WARD_B_TEMP_02 | 35.3 | CRITICAL
2026-09-22 04:18:06 | WARD_B_TEMP_03 | 37.0 | NORMAL
2026-09-22 04:18:06 | WARD_B_TEMP_04 | 39.3 | CRITICAL
2026-09-22 04:18:06 | WARD_B_TEMP_05 | 40.3 | CRITICAL
2026-09-22 04:18:07 | WARD_B_TEMP_01 | 38.9 | CRITICAL
2026-09-22 04:18:07 | WARD_B_TEMP_02 | 39.7 | CRITICAL
2026-09-22 04:18:07 | WARD_B_TEMP_03 | 37.1 | NORMAL
2026-09-22 04:18:07 | WARD_B_TEMP_04 | 37.0 | NORMAL
2026-09-22 04:18:07 | WARD_B_TEMP_05 | 37.9 | WARNING
2026-09-22 04:18:08 | WARD_B_TEMP_01 | 36.6 | NORMAL
2026-09-22 04:18:08 | WARD_B_TEMP_02 | 34.9 | CRITICAL
2026-09-22 04:18:08 | WARD_B_TEMP_03 | 36.8 | NORMAL
2026-09-22 04:18:08 | WARD_B_TEMP_04 | 37.3 | NORMAL
2026-09-22 04:18:08 | WARD_B_TEMP_05 | 39.2 | CRITICAL
2026-09-22 04:18:09 | WARD_B_TEMP_01 | 40.1 | CRITICAL
2026-09-22 04:18:09 | WARD_B_TEMP_02 | 36.2 | NORMAL
2026-09-22 04:18:09 | WARD_B_TEMP_03 | 37.1 | NORMAL
2026-09-22 04:18:09 | WARD_B_TEMP_04 | 36.6 | NORMAL
2026-09-22 04:18:09 | WARD_B_TEMP_05 | 40.0 | CRITICAL
2026-09-22 04:18:10 | WARD_B_TEMP_01 | 36.5 | NORMAL
2026-09-22 04:18:10 | WARD_B_TEMP_02 | 36.0 | NORMAL
2026-09-22 04:18:10 | WARD_B_TEMP_03 | 37.0 | NORMAL
2026-09-22 04:18:10 | WARD_B_TEMP_04 | 37.7 | WARNING
2026-09-22 04:18:10 | WARD_B_TEMP_05 | 38.0 | WARNING
2026-09-22 04:18:11 | WARD_B_TEMP_01 | 36.1 | NORMAL
2026-09-22 04:18:11 | WARD_B_TEMP_02 | 39.0 | CRITICAL
2026-09-22 04:18:11 | WARD_B_TEMP_03 | 37.0 | NORMAL
2026-09-22 04:18:11 | WARD_B_TEMP_04 | 36.8 | NORMAL
2026-09-22 04:18:11 | WARD_B_TEMP_05 | 35.1 | CRITICAL
2026-09-22 04:18:12 | WARD_B_TEMP_01 | 39.4 | CRITICAL
2026-09-22 04:18:12 | WARD_B_TEMP_02 | 36.5 | NORMAL
2026-09-22 04:18:12 | WARD_B_TEMP_03 | 34.8 | CRITICAL
2026-09-22 04:18:12 | WARD_B_TEMP_04 | 36.6 | NORMAL
2026-09-22 04:18:12 | WARD_B_TEMP_05 | 35.1 | CRITICAL
2026-09-22 04:18:13 | WARD_B_TEMP_01 | 37.3 | NORMAL
2026-09-22 04:18:13 | WARD_B_TEMP_02 | 34.5 | CRITICAL
2026-09-22 04:18:13 | WARD_B_TEMP_03 | 37.3 | NORMAL
2026-09-22 04:18:13 | WARD_B_TEMP_04 | 37.0 | NORMAL
2026-09-22 04:18:13 | WARD_B_TEMP_05 | 38.1 | CRITICAL
2026-09-22 04:18:14 | WARD_B_TEMP_01 | 35.5 | NORMAL
2026-09-22 04:18:14 | WARD_B_TEMP_02 | 35.9 | NORMAL
2026-09-22 04:18:14 | WARD_B_TEMP_03 | 34.7 | CRITICAL
2026-09-22 04:18:14 | WARD_B_TEMP_04 | 34.7 | CRITICAL
2026-09-22 04:18:14 | WARD_B_TEMP_05 | 38.6 | CRITICAL
2026-09-22 04:18:15 | WARD_B_TEMP_01 | 37.6 | WARNING
2026-09-22 04:18:15 | WARD_B_TEMP_02 | 37.2 | NORMAL
2026-09-22 04:18:15 | WARD_B_TEMP_03 | 35.5 | NORMAL
2026-09-22 04:18:15 | WARD_B_TEMP_04 | 40.0 | CRITICAL
2026-09-22 04:18:15 | WARD_B_TEMP_05 | 40.5 | CRITICAL
2026-09-22 04:18:16 | WARD_B_TEMP_01 | 35.3 | CRITICAL
2026-09-22 04:18:16 | WARD_B_TEMP_02 | 36.6 | NORMAL
2026-09-22 04:18:16 | WARD_B_TEMP_03 | 38.8 | CRITICAL
2026-09-22 04:18:16 | WARD_B_TEMP_04 | 34.6 | CRITICAL
2026-09-22 04:18:16 | WARD_B_TEMP_05 | 39.0 | CRITICAL
2026-09-22 04:18:17 | WARD_B_TEMP_01 | 38.3 | CRITICAL
2026-09-22 04:18:17 | WARD_B_TEMP_02 | 38.8 | CRITICAL
2026-09-22 04:18:17 | WARD_B_TEMP_03 | 39.2 | CRITICAL
2026-09-22 04:18:17 | WARD_B_TEMP_04 | 38.8 | CRITICAL
2026-09-22 04:18:17 | WARD_B_TEMP_05 | 36.9 | NORMAL
2026-09-22 04:18:18 | WARD_B_TEMP_01 | 35.2 | CRITICAL
2026-09-22 04:18:18 | WARD_B_TEMP_02 | 36.4 | NORMAL
2026-09-22 04:18:18 | WARD_B_TEMP_03 | 35.5 | NORMAL
2026-09-22 04:18:18 | WARD_B_TEMP_04 | 39.4 | CRITICAL
2026-09-22 04:18:18 | WARD_B_TEMP_05 | 37.0 | NORMAL
2026-09-22 04:18:19 | WARD_B_TEMP_01 | 37.3 | NORMAL
2026-09-22 04:18:19 | WARD_B_TEMP_02 | 38.0 | WARNING
2026-09-22 04:18:19 | WARD_B_TEMP_03 | 40.2 | CRITICAL
2026-09-22 04:18:19 | WARD_B_TEMP_04 | 37.8 | WARNING
2026-09-22 04:18:19 | WARD_B_TEMP_05 | 37.8 | WARNING
2026-09-22 04:18:20 | WARD_B_TEMP_01 | 36.2 | NORMAL
2026-09-22 04:18:20 | WARD_B_TEMP_02 | 37.8 | WARNING
2026-09-22 04:18:20 | WARD_B_TEMP_03 | 39.6 | CRITICAL
2026-09-22 04:18:20 | WARD_B_TEMP_04 | 39.5 | CRITICAL
2026-09-22 04:18:20 | WARD_B_TEMP_05 | 37.5 | WARNING
2026-09-22 04:18:21 | WARD_B_TEMP_01 | 39.0 | CRITICAL
2026-09-22 04:18:21 | WARD_B_TEMP_02 | 39.3 | CRITICAL
2026-09-22 04:18:21 | WARD_B_TEMP_03 | 37.4 | NORMAL
2026-09-22 04:18:21 | WARD_B_TEMP_04 | 39.5 | CRITICAL
2026-09-22 04:18:21 | WARD_B_TEMP_05 | 34.9 | CRITICAL
2026-09-22 04:18:22 | WARD_B_TEMP_01 | 35.7 | NORMAL
2026-09-22 04:18:22 | WARD_B_TEMP_02 | 39.8 | CRITICAL
2026-09-22 04:18:22 | WARD_B_TEMP_03 | 36.6 | NORMAL
2026-09-22 04:18:22 | WARD_B_TEMP_04 | 34.8 | CRITICAL
2026-09-22 04:18:22 | WARD_B_TEMP_05 | 36.5 | NORMAL
2026-09-22 04:18:23 | WARD_B_TEMP_01 | 35.2 | CRITICAL
2026-09-22 04:18:23 | WARD_B_TEMP_02 | 39.8 | CRITICAL
2026-09-22 04:18:23 | WARD_B_TEMP_03 | 40.0 | CRITICAL
2026-09-22 04:18:23 | WARD_B_TEMP_04 | 40.4 | CRITICAL
2026-09-22 04:18:23 | WARD_B_TEMP_05 | 40.3 | CRITICAL
2026-09-22 04:18:24 | WARD_B_TEMP_01 | 39.2 | CRITICAL
2026-09-22 04:18:24 | WARD_B_TEMP_02 | 39.0 | CRITICAL
2026-09-22 04:18:24 | WARD_B_TEMP_03 | 35.0 | CRITICAL
2026-09-22 04:18:24 | WARD_B_TEMP_04 | 35.8 | NORMAL
2026-09-22 04:18:24 | WARD_B_TEMP_05 | 35.6 | NORMAL
2026-09-22 04:18:25 | WARD_B_TEMP_01 | 39.8 | CRITICAL
2026-09-22 04:18:25 | WARD_B_TEMP_02 | 40.1 | CRITICAL
2026-09-22 04:18:25 | WARD_B_TEMP_03 | 36.2 | NORMAL
2026-09-22 04:18:25 | WARD_B_TEMP_04 | 40.2 | CRITICAL
2026-09-22 04:18:25 | WARD_B_TEMP_05 | 37.1 | NORMAL
2026-09-22 04:18:26 | WARD_B_TEMP_01 | 38.6 | CRITICAL
2026-09-22 04:18:26 | WARD_B_TEMP_02 | 39.4 | CRITICAL
2026-09-22 04:18:26 | WARD_B_TEMP_03 | 34.5 | CRITICAL
2026-09-22 04:18:26 | WARD_B_TEMP_04 | 36.0 | NORMAL
2026-09-22 04:18:26 | WARD_B_TEMP_05 | 37.5 | WARNING
2026-09-22 04:18:27 | WARD_B_TEMP_01 | 37.3 | NORMAL
2026-09-22 04:18:27 | WARD_B_TEMP_02 | 36.7 | NORMAL
2026-09-22 04:18:27 | WARD_B_TEMP_03 | 39.4 | CRITICAL
2026-09-22 04:18:27 | WARD_B_TEMP_04 | 35.9 | NORMAL
2026-09-22 04:18:27 | WARD_B_TEMP_05 | 36.1 | NORMAL
2026-09-22 04:18:28 | WARD_B_TEMP_01 | 40.4 | CRITICAL
2026-09-22 04:18:28 | WARD_B_TEMP_02 | 37.9 | WARNING
2026-09-22 04:18:28 | WARD_B_TEMP_03 | 35.6 | NORMAL
2026-09-22 04:18:28 | WARD_B_TEMP_04 | 39.8 | CRITICAL
2026-09-22 04:18:28 | WARD_B_TEMP_05 | 39.0 | CRITICAL
2026-09-22 04:18:29 | WARD_B_TEMP_01 | 35.9 | NORMAL
2026-09-22 04:18:29 | WARD_B_TEMP_02 | 40.3 | CRITICAL
2026-09-22 04:18:29 | WARD_B_TEMP_03 | 37.0 | NORMAL
2026-09-22 04:18:29 | WARD_B_TEMP_04 | 36.1 | NORMAL
2026-09-22 04:18:29 | WARD_B_TEMP_05 | 38.4 | CRITICAL
2026-09-22 04:18:30 | WARD_B_TEMP_01 | 38.7 | CRITICAL
2026-09-22 04:18:30 | WARD_B_TEMP_02 | 37.6 | WARNING
2026-09-22 04:18:30 | WARD_B_TEMP_03 | 37.9 | WARNING
2026-09-22 04:18:30 | WARD_B_TEMP_04 | 38.9 | CRITICAL
2026-09-22 04:18:30 | WARD_B_TEMP_05 | 36.1 | NORMAL
2026-09-22 04:18:31 | WARD_B_TEMP_01 | 37.8 | WARNING
2026-09-22 04:18:31 | WARD_B_TEMP_02 | 38.6 | CRITICAL
2026-09-22 04:18:31 | WARD_B_TEMP_03 | 39.0 | CRITICAL
2026-09-22 04:18:31 | WARD_B_TEMP_04 | 36.2 | NORMAL
2026-09-22 04:18:31 | WARD_B_TEMP_05 | 39.5 | CRITICAL
2026-09-22 04:18:32 | WARD_B_TEMP_01 | 37.5 | WARNING
2026-09-22 04:18:32 | WARD_B_TEMP_02 | 38.3 | CRITICAL
2026-09-22 04:18:32 | WARD_B_TEMP_03 | 40.4 | CRITICAL
2026-09-22 04:18:32 | WARD_B_TEMP_04 | 35.1 | CRITICAL
2026-09-22 04:18:32 | WARD_B_TEMP_05 | 37.4 | NORMAL
2026-09-22 04:18:33 | WARD_B_TEMP_01 | 36.5 | NORMAL
2026-09-22 04:18:33 | WARD_B_TEMP_02 | 36.8 | NORMAL
2026-09-22 04:18:33 | WARD_B_TEMP_03 | 38.1 | CRITICAL
2026-09-22 04:18:33 | WARD_B_TEMP_04 | 34.6 | CRITICAL
2026-09-22 04:18:33 | WARD_B_TEMP_05 | 34.9 | CRITICAL
2026-09-22 04:18:34 | WARD_B_TEMP_01 | 39.7 | CRITICAL
2026-09-22 04:18:34 | WARD_B_TEMP_02 | 35.5 | NORMAL
2026-09-22 04:18:34 | WARD_B_TEMP_03 | 38.5 | CRITICAL
2026-09-22 04:18:34 | WARD_B_TEMP_04 | 39.7 | CRITICAL
2026-09-22 04:18:34 | WARD_B_TEMP_05 | 38.9 | CRITICAL
2026-09-22 04:18:35 | WARD_B_TEMP_01 | 38.1 | CRITICAL
2026-09-22 04:18:35 | WARD_B_TEMP_02 | 37.7 | WARNING
2026-09-22 04:18:35 | WARD_B_TEMP_03 | 38.1 | CRITICAL
2026-09-22 04:18:35 | WARD_B_TEMP_04 | 38.2 | CRITICAL
2026-09-22 04:18:35 | WARD_B_TEMP_05 | 38.6 | CRITICAL
2026-09-22 04:18:36 | WARD_B_TEMP_01 | 35.9 | NORMAL
2026-09-22 04:18:36 | WARD_B_TEMP_02 | 34.6 | CRITICAL
2026-09-22 04:18:36 | WARD_B_TEMP_03 | 38.3 | CRITICAL
2026-09-22 04:18:36 | WARD_B_TEMP_04 | 38.7 | CRITICAL
2026-09-22 04:18:36 | WARD_B_TEMP_05 | 38.7 | CRITICAL
2026-09-22 04:18:37 | WARD_B_TEMP_01 | 34.6 | CRITICAL
2026-09-22 04:18:37 | WARD_B_TEMP_02 | 36.8 | NORMAL
2026-09-22 04:18:37 | WARD_B_TEMP_03 | 35.9 | NORMAL
2026-09-22 04:18:37 | WARD_B_TEMP_04 | 37.4 | NORMAL
2026-09-22 04:18:37 | WARD_B_TEMP_05 | 37.9 | WARNING
2026-09-22 04:18:38 | WARD_B_TEMP_01 | 38.5 | CRITICAL
2026-09-22 04:18:38 | WARD_B_TEMP_02 | 34.9 | CRITICAL
2026-09-22 04:18:38 | WARD_B_TEMP_03 | 36.7 | NORMAL
2026-09-22 04:18:38 | WARD_B_TEMP_04 | 36.0 | NORMAL
2026-09-22 04:18:38 | WARD_B_TEMP_05 | 36.9 | NORMAL
2026-09-22 04:18:39 | WARD_B_TEMP_01 | 37.3 | NORMAL
2026-09-22 04:18:39 | WARD_B_TEMP_02 | 38.6 | CRITICAL
2026-09-22 04:18:39 | WARD_B_TEMP_03 | 35.9 | NORMAL
2026-09-22 04:18:39 | WARD_B_TEMP_04 | 37.4 | NORMAL
2026-09-22 04:18:39 | WARD_B_TEMP_05 | 36.9 | NORMAL
2026-09-22 04:18:40 | WARD_B_TEMP_01 | 35.3 | CRITICAL
2026-09-22 04:18:40 | WARD_B_TEMP_02 | 35.9 | NORMAL
2026-09-22 04:18:40 | WARD_B_TEMP_03 | 39.5 | CRITICAL
2026-09-22 04:18:40 | WARD_B_TEMP_04 | 38.8 | CRITICAL
2026-09-22 04:18:40 | WARD_B_TEMP_05 | 40.1 | CRITICAL
2026-09-22 04:18:41 | WARD_B_TEMP_01 | 38.6 | CRITICAL
2026-09-22 04:18:41 | WARD_B_TEMP_02 | 39.8 | CRITICAL
2026-09-22 04:18:41 | WARD_B_TEMP_03 | 35.5 | NORMAL
2026-09-22 04:18:41 | WARD_B_TEMP_04 | 36.6 | NORMAL
2026-09-22 04:18:41 | WARD_B_TEMP_05 | 35.5 | NORMAL
2026-09-22 04:18:42 | WARD_B_TEMP_01 | 38.7 | CRITICAL
2026-09-22 04:18:42 | WARD_B_TEMP_02 | 39.7 | CRITICAL
2026-09-22 04:18:42 | WARD_B_TEMP_03 | 37.5 | WARNING
2026-09-22 04:18:42 | WARD_B_TEMP_04 | 38.4 | CRITICAL
2026-09-22 04:18:42 | WARD_B_TEMP_05 | 37.0 | NORMAL
2026-09-22 04:18:43 | WARD_B_TEMP_01 | 36.3 | NORMAL
2026-09-22 04:18:43 | WARD_B_TEMP_02 | 37.0 | NORMAL
2026-09-22 04:18:43 | WARD_B_TEMP_03 | 36.4 | NORMAL
2026-09-22 04:18:43 | WARD_B_TEMP_04 | 35.2 | CRITICAL
2026-09-22 04:18:43 | WARD_B_TEMP_05 | 38.6 | CRITICAL
2026-09-22 04:18:44 | WARD_B_TEMP_01 | 37.8 | WARNING
2026-09-22 04:18:44 | WARD_B_TEMP_02 | 34.6 | CRITICAL
2026-09-22 04:18:44 | WARD_B_TEMP_03 | 36.1 | NORMAL
2026-09-22 04:18:44 | WARD_B_TEMP_04 | 38.5 | CRITICAL
2026-09-22 04:18:44 | WARD_B_TEMP_05 | 38.2 | CRITICAL
2026-09-22 04:18:45 | WARD_B_TEMP_01 | 39.8 | CRITICAL
2026-09-22 04:18:45 | WARD_B_TEMP_02 | 35.6 | NORMAL
2026-09-22 04:18:45 | WARD_B_TEMP_03 | 40.4 | CRITICAL
2026-09-22 04:18:45 | WARD_B_TEMP_04 | 40.2 | CRITICAL
2026-09-22 04:18:45 | WARD_B_TEMP_05 | 38.6 | CRITICAL
2026-09-22 04:18:46 | WARD_B_TEMP_01 | 34.8 | CRITICAL
2026-09-22 04:18:46 | WARD_B_TEMP_02 | 36.4 | NORMAL
2026-09-22 04:18:46 | WARD_B_TEMP_03 | 40.3 | CRITICAL
2026-09-22 04:18:46 | WARD_B_TEMP_04 | 38.4 | CRITICAL
2026-09-22 04:18:46 | WARD_B_TEMP_05 | 40.1 | CRITICAL
2026-09-22 04:18:47 | WARD_B_TEMP_01 | 37.8 | WARNING
2026-09-22 04:18:47 | WARD_B_TEMP_02 | 35.6 | NORMAL
2026-09-22 04:18:47 | WARD_B_TEMP_03 | 37.1 | NORMAL
2026-09-22 04:18:47 | WARD_B_TEMP_04 | 36.3 | NORMAL
2026-09-22 04:18:47 | WARD_B_TEMP_05 | 39.2 | CRITICAL
2026-09-22 04:18:48 | WARD_B_TEMP_01 | 36.2 | NORMAL
2026-09-22 04:18:48 | WARD_B_TEMP_02 | 40.2 | CRITICAL
2026-09-22 04:18:48 | WARD_B_TEMP_03 | 39.9 | CRITICAL
2026-09-22 04:18:48 | WARD_B_TEMP_04 | 37.3 | NORMAL
2026-09-22 04:18:48 | WARD_B_TEMP_05 | 40.4 | CRITICAL
2026-09-22 04:18:49 | WARD_B_TEMP_01 | 38.4 | CRITICAL
2026-09-22 04:18:49 | WARD_B_TEMP_02 | 36.4 | NORMAL
2026-09-22 04:18:49 | WARD_B_TEMP_03 | 38.5 | CRITICAL
2026-09-22 04:18:49 | WARD_B_TEMP_04 | 36.9 | NORMAL
2026-09-22 04:18:49 | WARD_B_TEMP_05 | 35.3 | CRITICAL
2026-09-22 04:18:50 | WARD_B_TEMP_01 | 38.7 | CRITICAL
2026-09-22 04:18:50 | WARD_B_TEMP_02 | 39.6 | CRITICAL
2026-09-22 04:18:50 | WARD_B_TEMP_03 | 39.4 | CRITICAL
2026-09-22 04:18:50 | WARD_B_TEMP_04 | 36.8 | NORMAL
2026-09-22 04:18:50 | WARD_B_TEMP_05 | 37.2 | NORMAL
2026-09-22 04:18:51 | WARD_B_TEMP_01 | 36.0 | NORMAL
2026-09-22 04:18:51 | WARD_B_TEMP_02 | 37.3 | NORMAL
2026-09-22 04:18:51 | WARD_B_TEMP_03 | 37.6 | WARNING
2026-09-22 04:18:51 | WARD_B_TEMP_04 | 36.8 | NORMAL
2026-09-22 04:18:51 | WARD_B_TEMP_05 | 38.0 | WARNING
2026-09-22 04:18:52 | WARD_B_TEMP_01 | 36.1 | NORMAL
2026-09-22 04:18:52 | WARD_B_TEMP_02 | 37.1 | NORMAL
2026-09-22 04:18:52 | WARD_B_TEMP_03 | 35.5 | NORMAL
2026-09-22 04:18:52 | WARD_B_TEMP_04 | 34.5 | CRITICAL
2026-09-22 04:18:52 | WARD_B_TEMP_05 | 37.2 | NORMAL
2026-09-22 04:18:53 | WARD_B_TEMP_01 | 35.8 | NORMAL
2026-09-22 04:18:53 | WARD_B_TEMP_02 | 38.3 | CRITICAL
2026-09-22 04:18:53 | WARD_B_TEMP_03 | 39.7 | CRITICAL
2026-09-22 04:18:53 | WARD_B_TEMP_04 | 38.1 | CRITICAL
2026-09-22 04:18:53 | WARD_B_TEMP_05 | 37.5 | WARNING
2026-09-22 04:18:54 | WARD_B_TEMP_01 | 37.2 | NORMAL
2026-09-22 04:18:54 | WARD_B_TEMP_02 | 35.1 | CRITICAL
2026-09-22 04:18:54 | WARD_B_TEMP_03 | 39.5 | CRITICAL
2026-09-22 04:18:54 | WARD_B_TEMP_04 | 40.2 | CRITICAL
2026-09-22 04:18:54 | WARD_B_TEMP_05 | 36.9 | NORMAL
2026-09-22 04:18:55 | WARD_B_TEMP_01 | 38.7 | CRITICAL
2026-09-22 04:18:55 | WARD_B_TEMP_02 | 37.6 | WARNING
2026-09-22 04:18:55 | WARD_B_TEMP_03 | 38.1 | CRITICAL
2026-09-22 04:18:55 | WARD_B_TEMP_04 | 37.2 | NORMAL
2026-09-22 04:18:55 | WARD_B_TEMP_05 | 38.4 | CRITICAL
2026-09-22 04:18:56 | WARD_B_TEMP_01 | 39.0 | CRITICAL
2026-09-22 04:18:56 | WARD_B_TEMP_02 | 36.2 | NORMAL
2026-09-22 04:18:56 | WARD_B_TEMP_03 | 35.4 | CRITICAL
2026-09-22 04:18:56 | WARD_B_TEMP_04 | 39.8 | CRITICAL
2026-09-22 04:18:56 | WARD_B_TEMP_05 | 37.4 | NORMAL
2026-09-22 04:18:57 | WARD_B_TEMP_01 | 37.4 | NORMAL
2026-09-22 04:18:57 | WARD_B_TEMP_02 | 40.4 | CRITICAL
2026-09-22 04:18:57 | WARD_B_TEMP_03 | 39.9 | CRITICAL
2026-09-22 04:18:57 | WARD_B_TEMP_04 | 35.3 | CRITICAL
2026-09-22 04:18:57 | WARD_B_TEMP_05 | 38.9 | CRITICAL
2026-09-22 04:18:58 | WARD_B_TEMP_01 | 35.6 | NORMAL
2026-09-22 04:18:58 | WARD_B_TEMP_02 | 38.7 | CRITICAL
2026-09-22 04:18:58 | WARD_B_TEMP_03 | 40.3 | CRITICAL
2026-09-22 04:18:58 | WARD_B_TEMP_04 | 36.4 | NORMAL
2026-09-22 04:18:58 | WARD_B_TEMP_05 | 36.3 | NORMAL
2026-09-22 04:18:59 | WARD_B_TEMP_01 | 36.9 | NORMAL
2026-09-22 04:18:59 | WARD_B_TEMP_02 | 39.9 | CRITICAL
2026-09-22 04:18:59 | WARD_B_TEMP_03 | 37.1 | NORMAL
2026-09-22 04:18:59 | WARD_B_TEMP_04 | 36.6 | NORMAL
2026-09-22 04:18:59 | WARD_B_TEMP_05 | 38.3 | CRITICAL
2026-09-22 04:19:00 | WARD_B_TEMP_01 | 36.8 | NORMAL
2026-09-22 04:19:00 | WARD_B_TEMP_02 | 37.7 | WARNING
2026-09-22 04:19:00 | WARD_B_TEMP_03 | 35.6 | NORMAL
2026-09-22 04:19:00 | WARD_B_TEMP_04 | 40.2 | CRITICAL
2026-09-22 04:19:00 | WARD_B_TEMP_05 | 37.4 | NORMAL
2026-09-22 04:19:01 | WARD_B_TEMP_01 | 39.9 | CRITICAL
2026-09-22 04:19:01 | WARD_B_TEMP_02 | 37.5 | WARNING
2026-09-22 04:19:01 | WARD_B_TEMP_03 | 36.5 | NORMAL
2026-09-22 04:19:01 | WARD_B_TEMP_04 | 35.5 | NORMAL
2026-09-22 04:19:01 | WARD_B_TEMP_05 | 35.2 | CRITICAL
2026-09-22 04:19:02 | WARD_B_TEMP_01 | 35.3 | CRITICAL
2026-09-22 04:19:02 | WARD_B_TEMP_02 | 34.9 | CRITICAL
2026-09-22 04:19:02 | WARD_B_TEMP_03 | 37.7 | WARNING
2026-09-22 04:19:02 | WARD_B_TEMP_04 | 36.0 | NORMAL
2026-09-22 04:19:02 | WARD_B_TEMP_05 | 38.9 | CRITICAL
2026-09-22 04:19:03 | WARD_B_TEMP_01 | 36.8 | NORMAL
2026-09-22 04:19:03 | WARD_B_TEMP_02 | 39.9 | CRITICAL
2026-09-22 04:19:03 | WARD_B_TEMP_03 | 37.7 | WARNING
2026-09-22 04:19:03 | WARD_B_TEMP_04 | 40.0 | CRITICAL
2026-09-22 04:19:03 | WARD_B_TEMP_05 | 39.9 | CRITICAL
2026-09-22 04:19:04 | WARD_B_TEMP_01 | 34.6 | CRITICAL
2026-09-22 04:19:04 | WARD_B_TEMP_02 | 38.3 | CRITICAL
2026-09-22 04:19:04 | WARD_B_TEMP_03 | 36.1 | NORMAL
2026-09-22 04:19:04 | WARD_B_TEMP_04 | 34.6 | CRITICAL
2026-09-22 04:19:04 | WARD_B_TEMP_05 | 40.0 | CRITICAL
2026-09-22 04:19:05 | WARD_B_TEMP_01 | 36.8 | NORMAL
2026-09-22 04:19:05 | WARD_B_TEMP_02 | 38.1 | CRITICAL
2026-09-22 04:19:05 | WARD_B_TEMP_03 | 40.4 | CRITICAL
2026-09-22 04:19:05 | WARD_B_TEMP_04 | 38.9 | CRITICAL
2026-09-22 04:19:05 | WARD_B_TEMP_05 | 40.3 | CRITICAL
2026-09-22 04:19:06 | WARD_B_TEMP_01 | 38.2 | CRITICAL
2026-09-22 04:19:06 | WARD_B_TEMP_02 | 36.5 | NORMAL
2026-09-22 04:19:06 | WARD_B_TEMP_03 | 38.3 | CRITICAL
2026-09-22 04:19:06 | WARD_B_TEMP_04 | 38.4 | CRITICAL
2026-09-22 04:19:06 | WARD_B_TEMP_05 | 35.2 | CRITICAL
2026-09-22 04:19:07 | WARD_B_TEMP_01 | 35.2 | CRITICAL
2026-09-22 04:19:07 | WARD_B_TEMP_02 | 37.4 | NORMAL
2026-09-22 04:19:07 | WARD_B_TEMP_03 | 38.9 | CRITICAL
2026-09-22 04:19:07 | WARD_B_TEMP_04 | 40.4 | CRITICAL
2026-09-22 04:19:07 | WARD_B_TEMP_05 | 38.3 | CRITICAL
2026-09-22 04:19:08 | WARD_B_TEMP_01 | 36.1 | NORMAL
2026-09-22 04:19:08 | WARD_B_TEMP_02 | 37.4 | NORMAL
2026-09-22 04:19:08 | WARD_B_TEMP_03 | 38.3 | CRITICAL
2026-09-22 04:19:08 | WARD_B_TEMP_04 | 38.3 | CRITICAL
2026-09-22 04:19:08 | WARD_B_TEMP_05 | 39.2 | CRITICAL
2026-09-22 04:19:09 | WARD_B_TEMP_01 | 35.1 | CRITICAL
2026-09-22 04:19:09 | WARD_B_TEMP_02 | 39.9 | CRITICAL
2026-09-22 04:19:09 | WARD_B_TEMP_03 | 39.7 | CRITICAL
2026-09-22 04:19:09 | WARD_B_TEMP_04 | 36.3 | NORMAL
2026-09-22 04:19:09 | WARD_B_TEMP_05 | 34.9 | CRITICAL
2026-09-22 04:19:10 | WARD_B_TEMP_01 | 39.0 | CRITICAL
2026-09-22 04:19:10 | WARD_B_TEMP_02 | 36.2 | NORMAL
2026-09-22 04:19:10 | WARD_B_TEMP_03 | 36.9 | NORMAL
2026-09-22 04:19:10 | WARD_B_TEMP_04 | 40.2 | CRITICAL
2026-09-22 04:19:10 | WARD_B_TEMP_05 | 37.1 | NORMAL
2026-09-22 04:19:11 | WARD_B_TEMP_01 | 37.5 | WARNING
2026-09-22 04:19:11 | WARD_B_TEMP_02 | 37.5 | WARNING
2026-09-22 04:19:11 | WARD_B_TEMP_03 | 36.9 | NORMAL
2026-09-22 04:19:11 | WARD_B_TEMP_04 | 34.5 | CRITICAL
2026-09-22 04:19:11 | WARD_B_TEMP_05 | 38.4 | CRITICAL
2026-09-22 04:19:12 | WARD_B_TEMP_01 | 39.6 | CRITICAL
2026-09-22 04:19:12 | WARD_B_TEMP_02 | 37.2 | NORMAL
2026-09-22 04:19:12 | WARD_B_TEMP_03 | 35.2 | CRITICAL
2026-09-22 04:19:12 | WARD_B_TEMP_04 | 39.1 | CRITICAL
2026-09-22 04:19:12 | WARD_B_TEMP_05 | 37.7 | WARNING
2026-09-22 04:19:13 | WARD_B_TEMP_01 | 35.8 | NORMAL
2026-09-22 04:19:13 | WARD_B_TEMP_02 | 38.0 | WARNING
2026-09-22 04:19:13 | WARD_B_TEMP_03 | 38.5 | CRITICAL
2026-09-22 04:19:13 | WARD_B_TEMP_04 | 35.5 | NORMAL
2026-09-22 04:19:13 | WARD_B_TEMP_05 | 38.4 | CRITICAL
2026-09-22 04:19:14 | WARD_B_TEMP_01 | 36.7 | NORMAL
2026-09-22 04:19:14 | WARD_B_TEMP_02 | 40.2 | CRITICAL
2026-09-22 04:19:14 | WARD_B_TEMP_03 | 36.7 | NORMAL
2026-09-22 04:19:14 | WARD_B_TEMP_04 | 35.6 | NORMAL
2026-09-22 04:19:14 | WARD_B_TEMP_05 | 38.1 | CRITICAL
2026-09-22 04:19:15 | WARD_B_TEMP_01 | 36.9 | NORMAL
2026-09-22 04:19:15 | WARD_B_TEMP_02 | 39.6 | CRITICAL
2026-09-22 04:19:15 | WARD_B_TEMP_03 | 39.8 | CRITICAL
2026-09-22 04:19:15 | WARD_B_TEMP_04 | 38.6 | CRITICAL
2026-09-22 04:19:15 | WARD_B_TEMP_05 | 38.4 | CRITICAL
2026-09-22 04:19:16 | WARD_B_TEMP_01 | 35.1 | CRITICAL
2026-09-22 04:19:16 | WARD_B_TEMP_02 | 37.4 | NORMAL
2026-09-22 04:19:16 | WARD_B_TEMP_03 | 39.8 | CRITICAL
2026-09-22 04:19:16 | WARD_B_TEMP_04 | 35.4 | CRITICAL
2026-09-22 04:19:16 | WARD_B_TEMP_05 | 38.8 | CRITICAL
2026-09-22 04:19:17 | WARD_B_TEMP_01 | 36.6 | NORMAL
2026-09-22 04:19:17 | WARD_B_TEMP_02 | 35.5 | NORMAL
2026-09-22 04:19:17 | WARD_B_TEMP_03 | 36.2 | NORMAL
2026-09-22 04:19:17 | WARD_B_TEMP_04 | 36.3 | NORMAL
2026-09-22 04:19:17 | WARD_B_TEMP_05 | 34.9 | CRITICAL
2026-09-22 04:19:18 | WARD_B_TEMP_01 | 37.1 | NORMAL
2026-09-22 04:19:18 | WARD_B_TEMP_02 | 39.9 | CRITICAL
2026-09-22 04:19:18 | WARD_B_TEMP_03 | 39.7 | CRITICAL
2026-09-22 04:19:18 | WARD_B_TEMP_04 | 38.1 | CRITICAL
2026-09-22 04:19:18 | WARD_B_TEMP_05 | 40.3 | CRITICAL
2026-09-22 04:19:19 | WARD_B_TEMP_01 | 38.0 | WARNING
2026-09-22 04:19:19 | WARD_B_TEMP_02 | 38.6 | CRITICAL
2026-09-22 04:19:19 | WARD_B_TEMP_03 | 35.6 | NORMAL
2026-09-22 04:19:19 | WARD_B_TEMP_04 | 35.4 | CRITICAL
2026-09-22 04:19:19 | WARD_B_TEMP_05 | 38.8 | CRITICAL
2026-09-22 04:19:20 | WARD_B_TEMP_01 | 38.3 | CRITICAL
2026-09-22 04:19:20 | WARD_B_TEMP_02 | 35.2 | CRITICAL
2026-09-22 04:19:20 | WARD_B_TEMP_03 | 39.5 | CRITICAL
2026-09-22 04:19:20 | WARD_B_TEMP_04 | 37.9 | WARNING
2026-09-22 04:19:20 | WARD_B_TEMP_05 | 40.4 | CRITICAL
2026-09-22 04:19:21 | WARD_B_TEMP_01 | 35.8 | NORMAL
2026-09-22 04:19:21 | WARD_B_TEMP_02 | 39.8 | CRITICAL
2026-09-22 04:19:21 | WARD_B_TEMP_03 | 37.2 | NORMAL
2026-09-22 04:19:21 | WARD_B_TEMP_04 | 36.5 | NORMAL
2026-09-22 04:19:21 | WARD_B_TEMP_05 | 36.1 | NORMAL
2026-09-22 04:19:22 | WARD_B_TEMP_01 | 36.8 | NORMAL
2026-09-22 04:19:22 | WARD_B_TEMP_02 | 37.2 | NORMAL
2026-09-22 04:19:22 | WARD_B_TEMP_03 | 34.8 | CRITICAL
2026-09-22 04:19:22 | WARD_B_TEMP_04 | 34.9 | CRITICAL
2026-09-22 04:19:22 | WARD_B_TEMP_05 | 40.3 | CRITICAL
2026-09-22 04:19:23 | WARD_B_TEMP_01 | 36.4 | NORMAL
2026-09-22 04:19:23 | WARD_B_TEMP_02 | 37.0 | NORMAL
2026-09-22 04:19:23 | WARD_B_TEMP_03 | 38.8 | CRITICAL
2026-09-22 04:19:23 | WARD_B_TEMP_04 | 36.3 | NORMAL
2026-09-22 04:19:23 | WARD_B_TEMP_05 | 37.7 | WARNING
2026-09-22 04:19:24 | WARD_B_TEMP_01 | 39.4 | CRITICAL
2026-09-22 04:19:24 | WARD_B_TEMP_02 | 35.3 | CRITICAL
2026-09-22 04:19:24 | WARD_B_TEMP_03 | 35.9 | NORMAL
2026-09-22 04:19:24 | WARD_B_TEMP_04 | 37.8 | WARNING
2026-09-22 04:19:24 | WARD_B_TEMP_05 | 35.4 | CRITICAL
2026-09-22 04:19:25 | WARD_B_TEMP_01 | 37.6 | WARNING
2026-09-22 04:19:25 | WARD_B_TEMP_02 | 35.4 | CRITICAL
2026-09-22 04:19:25 | WARD_B_TEMP_03 | 37.2 | NORMAL
2026-09-22 04:19:25 | WARD_B_TEMP_04 | 39.7 | CRITICAL
2026-09-22 04:19:25 | WARD_B_TEMP_05 | 37.1 | NORMAL
2026-09-22 04:19:26 | WARD_B_TEMP_01 | 36.4 | NORMAL
2026-09-22 04:19:26 | WARD_B_TEMP_02 | 36.5 | NORMAL
2026-09-22 04:19:26 | WARD_B_TEMP_03 | 39.5 | CRITICAL
2026-09-22 04:19:26 | WARD_B_TEMP_04 | 39.6 | CRITICAL
2026-09-22 04:19:26 | WARD_B_TEMP_05 | 37.7 | WARNING
2026-09-22 04:19:27 | WARD_B_TEMP_01 | 34.8 | CRITICAL
2026-09-22 04:19:27 | WARD_B_TEMP_02 | 34.9 | CRITICAL
2026-09-22 04:19:27 | WARD_B_TEMP_03 | 34.9 | CRITICAL
2026-09-22 04:19:27 | WARD_B_TEMP_04 | 39.5 | CRITICAL
2026-09-22 04:19:27 | WARD_B_TEMP_05 | 36.2 | NORMAL
2026-09-22 04:19:28 | WARD_B_TEMP_01 | 39.6 | CRITICAL
2026-09-22 04:19:28 | WARD_B_TEMP_02 | 37.1 | NORMAL
2026-09-22 04:19:28 | WARD_B_TEMP_03 | 36.6 | NORMAL
2026-09-22 04:19:28 | WARD_B_TEMP_04 | 34.9 | CRITICAL
2026-09-22 04:19:28 | WARD_B_TEMP_05 | 39.8 | CRITICAL
2026-09-22 04:19:29 | WARD_B_TEMP_01 | 40.2 | CRITICAL
2026-09-22 04:19:29 | WARD_B_TEMP_02 | 39.3 | CRITICAL
2026-09-22 04:19:29 | WARD_B_TEMP_03 | 40.2 | CRITICAL
2026-09-22 04:19:29 | WARD_B_TEMP_04 | 39.1 | CRITICAL
2026-09-22 04:19:29 | WARD_B_TEMP_05 | 38.0 | WARNING
2026-09-22 04:19:30 | WARD_B_TEMP_01 | 37.7 | WARNING
2026-09-22 04:19:30 | WARD_B_TEMP_02 | 37.7 | WARNING
2026-09-22 04:19:30 | WARD_B_TEMP_03 | 40.0 | CRITICAL
2026-09-22 04:19:30 | WARD_B_TEMP_04 | 35.4 | CRITICAL
2026-09-22 04:19:30 | WARD_B_TEMP_05 | 35.4 | CRITICAL
2026-09-22 04:19:31 | WARD_B_TEMP_01 | 37.4 | NORMAL
2026-09-22 04:19:31 | WARD_B_TEMP_02 | 36.2 | NORMAL
2026-09-22 04:19:31 | WARD_B_TEMP_03 | 40.3 | CRITICAL
2026-09-22 04:19:31 | WARD_B_TEMP_04 | 37.1 | NORMAL
2026-09-22 04:19:31 | WARD_B_TEMP_05 | 35.1 | CRITICAL
2026-09-22 04:19:32 | WARD_B_TEMP_01 | 37.8 | WARNING
2026-09-22 04:19:32 | WARD_B_TEMP_02 | 36.6 | NORMAL
2026-09-22 04:19:32 | WARD_B_TEMP_03 | 40.0 | CRITICAL
2026-09-22 04:19:32 | WARD_B_TEMP_04 | 36.7 | NORMAL
2026-09-22 04:19:32 | WARD_B_TEMP_05 | 38.7 | CRITICAL
2026-09-22 04:19:33 | WARD_B_TEMP_01 | 38.5 | CRITICAL
2026-09-22 04:19:33 | WARD_B_TEMP_02 | 38.1 | CRITICAL
2026-09-22 04:19:33 | WARD_B_TEMP_03 | 34.8 | CRITICAL
2026-09-22 04:19:33 | WARD_B_TEMP_04 | 38.4 | CRITICAL
2026-09-22 04:19:33 | WARD_B_TEMP_05 | 39.4 | CRITICAL
2026-09-22 04:19:34 | WARD_B_TEMP_01 | 36.8 | NORMAL
2026-09-22 04:19:34 | WARD_B_TEMP_02 | 35.9 | NORMAL
2026-09-22 04:19:34 | WARD_B_TEMP_03 | 39.2 | CRITICAL
2026-09-22 04:19:34 | WARD_B_TEMP_04 | 35.8 | NORMAL
2026-09-22 04:19:34 | WARD_B_TEMP_05 | 38.8 | CRITICAL
2026-09-22 04:19:35 | WARD_B_TEMP_01 | 39.2 | CRITICAL
2026-09-22 04:19:35 | WARD_B_TEMP_02 | 37.4 | NORMAL
2026-09-22 04:19:35 | WARD_B_TEMP_03 | 40.0 | CRITICAL
2026-09-22 04:19:35 | WARD_B_TEMP_04 | 39.7 | CRITICAL
2026-09-22 04:19:35 | WARD_B_TEMP_05 | 38.0 | WARNING
2026-09-22 04:19:36 | WARD_B_TEMP_01 | 34.7 | CRITICAL
2026-09-22 04:19:36 | WARD_B_TEMP_02 | 35.4 | CRITICAL
2026-09-22 04:19:36 | WARD_B_TEMP_03 | 40.2 | CRITICAL
2026-09-22 04:19:36 | WARD_B_TEMP_04 | 39.4 | CRITICAL
2026-09-22 04:19:36 | WARD_B_TEMP_05 | 38.1 | CRITICAL
2026-09-22 04:19:37 | WARD_B_TEMP_01 | 36.8 | NORMAL
2026-09-22 04:19:37 | WARD_B_TEMP_02 | 34.7 | CRITICAL
2026-09-22 04:19:37 | WARD_B_TEMP_03 | 38.9 | CRITICAL
2026-09-22 04:19:37 | WARD_B_TEMP_04 | 35.2 | CRITICAL
2026-09-22 04:19:37 | WARD_B_TEMP_05 | 38.8 | CRITICAL
2026-09-22 04:19:38 | WARD_B_TEMP_01 | 40.3 | CRITICAL
2026-09-22 04:19:38 | WARD_B_TEMP_02 | 36.8 | NORMAL
2026-09-22 04:19:38 | WARD_B_TEMP_03 | 39.2 | CRITICAL
2026-09-22 04:19:38 | WARD_B_TEMP_04 | 36.2 | NORMAL
2026-09-22 04:19:38 | WARD_B_TEMP_05 | 38.2 | CRITICAL
2026-09-22 04:19:39 | WARD_B_TEMP_01 | 38.4 | CRITICAL
2026-09-22 04:19:39 | WARD_B_TEMP_02 | 38.3 | CRITICAL
2026-09-22 04:19:39 | WARD_B_TEMP_03 | 37.7 | WARNING
2026-09-22 04:19:39 | WARD_B_TEMP_04 | 35.4 | CRITICAL
2026-09-22 04:19:39 | WARD_B_TEMP_05 | 35.6 | NORMAL
2026-09-22 04:19:40 | WARD_B_TEMP_01 | 36.5 | NORMAL
2026-09-22 04:19:40 | WARD_B_TEMP_02 | 38.5 | CRITICAL
2026-09-22 04:19:40 | WARD_B_TEMP_03 | 38.9 | CRITICAL
2026-09-22 04:19:40 | WARD_B_TEMP_04 | 34.7 | CRITICAL
2026-09-22 04:19:40 | WARD_B_TEMP_05 | 39.8 | CRITICAL
2026-09-22 04:19:41 | WARD_B_TEMP_01 | 38.3 | CRITICAL
2026-09-22 04:19:41 | WARD_B_TEMP_02 | 35.5 | NORMAL
2026-09-22 04:19:41 | WARD_B_TEMP_03 | 35.8 | NORMAL
2026-09-22 04:19:41 | WARD_B_TEMP_04 | 35.9 | NORMAL
2026-09-22 04:19:41 | WARD_B_TEMP_05 | 39.0 | CRITICAL
2026-09-22 04:19:42 | WARD_B_TEMP_01 | 38.2 | CRITICAL
2026-09-22 04:19:42 | WARD_B_TEMP_02 | 37.7 | WARNING
2026-09-22 04:19:42 | WARD_B_TEMP_03 | 39.3 | CRITICAL
2026-09-22 04:19:42 | WARD_B_TEMP_04 | 39.4 | CRITICAL
2026-09-22 04:19:42 | WARD_B_TEMP_05 | 38.1 | CRITICAL
2026-09-22 04:19:43 | WARD_B_TEMP_01 | 40.5 | CRITICAL
2026-09-22 04:19:43 | WARD_B_TEMP_02 | 35.8 | NORMAL
2026-09-22 04:19:43 | WARD_B_TEMP_03 | 38.2 | CRITICAL
2026-09-22 04:19:43 | WARD_B_TEMP_04 | 36.5 | NORMAL
2026-09-22 04:19:43 | WARD_B_TEMP_05 | 40.4 | CRITICAL
2026-09-22 04:19:44 | WARD_B_TEMP_01 | 37.7 | WARNING
2026-09-22 04:19:44 | WARD_B_TEMP_02 | 39.3 | CRITICAL
2026-09-22 04:19:44 | WARD_B_TEMP_03 | 34.8 | CRITICAL
2026-09-22 04:19:44 | WARD_B_TEMP_04 | 36.9 | NORMAL
2026-09-22 04:19:44 | WARD_B_TEMP_05 | 39.0 | CRITICAL
2026-09-22 04:19:45 | WARD_B_TEMP_01 | 39.6 | CRITICAL
2026-09-22 04:19:45 | WARD_B_TEMP_02 | 37.2 | NORMAL
2026-09-22 04:19:45 | WARD_B_TEMP_03 | 36.5 | NORMAL
2026-09-22 04:19:45 | WARD_B_TEMP_04 | 36.6 | NORMAL
2026-09-22 04:19:45 | WARD_B_TEMP_05 | 34.5 | CRITICAL
2026-09-22 04:19:46 | WARD_B_TEMP_01 | 38.0 | WARNING
2026-09-22 04:19:46 | WARD_B_TEMP_02 | 36.4 | NORMAL
2026-09-22 04:19:46 | WARD_B_TEMP_03 | 34.7 | CRITICAL
2026-09-22 04:19:46 | WARD_B_TEMP_04 | 35.3 | CRITICAL
2026-09-22 04:19:46 | WARD_B_TEMP_05 | 38.2 | CRITICAL
2026-09-22 04:19:47 | WARD_B_TEMP_01 | 35.7 | NORMAL
2026-09-22 04:19:47 | WARD_B_TEMP_02 | 38.4 | CRITICAL
2026-09-22 04:19:47 | WARD_B_TEMP_03 | 38.4 | CRITICAL
2026-09-22 04:19:47 | WARD_B_TEMP_04 | 38.1 | CRITICAL
2026-09-22 04:19:47 | WARD_B_TEMP_05 | 35.3 | CRITICAL
2026-09-22 04:19:48 | WARD_B_TEMP_01 | 35.8 | NORMAL
2026-09-22 04:19:48 | WARD_B_TEMP_02 | 40.1 | CRITICAL
2026-09-22 04:19:48 | WARD_B_TEMP_03 | 36.9 | NORMAL
2026-09-22 04:19:48 | WARD_B_TEMP_04 | 37.3 | NORMAL
2026-09-22 04:19:48 | WARD_B_TEMP_05 | 36.4 | NORMAL
2026-09-22 04:19:49 | WARD_B_TEMP_01 | 38.2 | CRITICAL
2026-09-22 04:19:49 | WARD_B_TEMP_02 | 36.0 | NORMAL
2026-09-22 04:19:49 | WARD_B_TEMP_03 | 36.2 | NORMAL
2026-09-22 04:19:49 | WARD_B_TEMP_04 | 39.5 | CRITICAL
2026-09-22 04:19:49 | WARD_B_TEMP_05 | 34.7 | CRITICAL
2026-09-22 04:19:50 | WARD_B_TEMP_01 | 38.0 | WARNING
2026-09-22 04:19:50 | WARD_B_TEMP_02 | 39.8 | CRITICAL
2026-09-22 04:19:50 | WARD_B_TEMP_03 | 36.8 | NORMAL
2026-09-22 04:19:50 | WARD_B_TEMP_04 | 38.7 | CRITICAL
2026-09-22 04:19:50 | WARD_B_TEMP_05 | 35.1 | CRITICAL
2026-09-22 04:19:51 | WARD_B_TEMP_01 | 36.8 | NORMAL
2026-09-22 04:19:51 | WARD_B_TEMP_02 | 39.2 | CRITICAL
2026-09-22 04:19:51 | WARD_B_TEMP_03 | 37.4 | NORMAL
2026-09-22 04:19:51 | WARD_B_TEMP_04 | 37.3 | NORMAL
2026-09-22 04:19:51 | WARD_B_TEMP_05 | 35.5 | NORMAL
2026-09-22 04:19:52 | WARD_B_TEMP_01 | 36.6 | NORMAL
2026-09-22 04:19:52 | WARD_B_TEMP_02 | 36.2 | NORMAL
2026-09-22 04:19:52 | WARD_B_TEMP_03 | 36.7 | NORMAL
2026-09-22 04:19:52 | WARD_B_TEMP_04 | 38.8 | CRITICAL
2026-09-22 04:19:52 | WARD_B_TEMP_05 | 35.6 | NORMAL
2026-09-22 04:19:53 | WARD_B_TEMP_01 | 37.1 | NORMAL
2026-09-22 04:19:53 | WARD_B_TEMP_02 | 39.1 | CRITICAL
2026-09-22 04:19:53 | WARD_B_TEMP_03 | 36.5 | NORMAL
2026-09-22 04:19:53 | WARD_B_TEMP_04 | 38.0 | WARNING
2026-09-22 04:19:53 | WARD_B_TEMP_05 | 37.7 | WARNING
2026-09-22 04:19:54 | WARD_B_TEMP_01 | 38.3 | CRITICAL
2026-09-22 04:19:54 | WARD_B_TEMP_02 | 39.8 | CRITICAL
2026-09-22 04:19:54 | WARD_B_TEMP_03 | 38.1 | CRITICAL
2026-09-22 04:19:54 | WARD_B_TEMP_04 | 39.3 | CRITICAL
2026-09-22 04:19:54 | WARD_B_TEMP_05 | 36.6 | NORMAL
2026-09-22 04:19:55 | WARD_B_TEMP_01 | 38.3 | CRITICAL
2026-09-22 04:19:55 | WARD_B_TEMP_02 | 34.7 | CRITICAL
2026-09-22 04:19:55 | WARD_B_TEMP_03 | 38.5 | CRITICAL
2026-09-22 04:19:55 | WARD_B_TEMP_04 | 37.5 | WARNING
2026-09-22 04:19:55 | WARD_B_TEMP_05 | 36.7 | NORMAL
2026-09-22 04:19:56 | WARD_B_TEMP_01 | 36.1 | NORMAL
2026-09-22 04:19:56 | WARD_B_TEMP_02 | 35.2 | CRITICAL
2026-09-22 04:19:56 | WARD_B_TEMP_03 | 40.0 | CRITICAL
2026-09-22 04:19:56 | WARD_B_TEMP_04 | 34.7 | CRITICAL
2026-09-22 04:19:56 | WARD_B_TEMP_05 | 39.6 | CRITICAL
2026-09-22 04:19:57 | WARD_B_TEMP_01 | 39.9 | CRITICAL
2026-09-22 04:19:57 | WARD_B_TEMP_02 | 40.0 | CRITICAL
2026-09-22 04:19:57 | WARD_B_TEMP_03 | 40.2 | CRITICAL
2026-09-22 04:19:57 | WARD_B_TEMP_04 | 39.3 | CRITICAL
2026-09-22 04:19:57 | WARD_B_TEMP_05 | 35.7 | NORMAL
2026-09-22 04:19:58 | WARD_B_TEMP_01 | 35.9 | NORMAL
2026-09-22 04:19:58 | WARD_B_TEMP_02 | 40.5 | CRITICAL
2026-09-22 04:19:58 | WARD_B_TEMP_03 | 37.0 | NORMAL
2026-09-22 04:19:58 | WARD_B_TEMP_04 | 39.3 | CRITICAL
2026-09-22 04:19:58 | WARD_B_TEMP_05 | 38.5 | CRITICAL
2026-09-22 04:19:59 | WARD_B_TEMP_01 | 36.9 | NORMAL
2026-09-22 04:19:59 | WARD_B_TEMP_02 | 34.7 | CRITICAL
2026-09-22 04:19:59 | WARD_B_TEMP_03 | 39.8 | CRITICAL
2026-09-22 04:19:59 | WARD_B_TEMP_04 | 37.0 | NORMAL
2026-09-22 04:19:59 | WARD_B_TEMP_05 | 36.5 | NORMAL
2026-09-22 04:20:00 | WARD_B_TEMP_01 | 36.7 | NORMAL
2026-09-22 04:20:00 | WARD_B_TEMP_02 | 39.6 | CRITICAL
2026-09-22 04:20:00 | WARD_B_TEMP_03 | 40.0 | CRITICAL
2026-09-22 04:20:00 | WARD_B_TEMP_04 | 35.3 | CRITICAL
2026-09-22 04:20:00 | WARD_B_TEMP_05 | 35.3 | CRITICAL
2026-09-22 04:20:01 | WARD_B_TEMP_01 | 35.8 | NORMAL
2026-09-22 04:20:01 | WARD_B_TEMP_02 | 38.5 | CRITICAL
2026-09-22 04:20:01 | WARD_B_TEMP_03 | 40.4 | CRITICAL
2026-09-22 04:20:01 | WARD_B_TEMP_04 | 34.8 | CRITICAL
2026-09-22 04:20:01 | WARD_B_TEMP_05 | 35.7 | NORMAL
2026-09-22 04:20:02 | WARD_B_TEMP_01 | 36.5 | NORMAL
2026-09-22 04:20:02 | WARD_B_TEMP_02 | 35.1 | CRITICAL
2026-09-22 04:20:02 | WARD_B_TEMP_03 | 36.6 | NORMAL
2026-09-22 04:20:02 | WARD_B_TEMP_04 | 37.5 | WARNING
2026-09-22 04:20:02 | WARD_B_TEMP_05 | 35.2 | CRITICAL
2026-09-22 04:20:03 | WARD_B_TEMP_01 | 38.6 | CRITICAL
2026-09-22 04:20:03 | WARD_B_TEMP_02 | 38.0 | WARNING
2026-09-22 04:20:03 | WARD_B_TEMP_03 | 37.3 | NORMAL
2026-09-22 04:20:03 | WARD_B_TEMP_04 | 36.8 | NORMAL
2026-09-22 04:20:03 | WARD_B_TEMP_05 | 39.7 | CRITICAL
2026-09-22 04:20:04 | WARD_B_TEMP_01 | 38.5 | CRITICAL
2026-09-22 04:20:04 | WARD_B_TEMP_02 | 39.0 | CRITICAL
2026-09-22 04:20:04 | WARD_B_TEMP_03 | 35.2 | CRITICAL
2026-09-22 04:20:04 | WARD_B_TEMP_04 | 36.5 | NORMAL
2026-09-22 04:20:04 | WARD_B_TEMP_05 | 38.0 | WARNING
2026-09-22 04:20:05 | WARD_B_TEMP_01 | 40.0 | CRITICAL
2026-09-22 04:20:05 | WARD_B_TEMP_02 | 35.6 | NORMAL
2026-09-22 04:20:05 | WARD_B_TEMP_03 | 35.0 | CRITICAL
2026-09-22 04:20:05 | WARD_B_TEMP_04 | 34.5 | CRITICAL
2026-09-22 04:20:05 | WARD_B_TEMP_05 | 37.3 | NORMAL
2026-09-22 04:20:06 | WARD_B_TEMP_01 | 35.0 | CRITICAL
2026-09-22 04:20:06 | WARD_B_TEMP_02 | 37.2 | NORMAL
2026-09-22 04:20:06 | WARD_B_TEMP_03 | 37.4 | NORMAL
2026-09-22 04:20:06 | WARD_B_TEMP_04 | 36.8 | NORMAL
2026-09-22 04:20:06 | WARD_B_TEMP_05 | 35.3 | CRITICAL
2026-09-22 04:20:07 | WARD_B_TEMP_01 | 37.3 | NORMAL
2026-09-22 04:20:07 | WARD_B_TEMP_02 | 36.0 | NORMAL
2026-09-22 04:20:07 | WARD_B_TEMP_03 | 38.9 | CRITICAL
2026-09-22 04:20:07 | WARD_B_TEMP_04 | 38.2 | CRITICAL
2026-09-22 04:20:07 | WARD_B_TEMP_05 | 40.1 | CRITICAL
2026-09-22 04:20:09 | WARD_B_TEMP_01 | 39.7 | CRITICAL
2026-09-22 04:20:09 | WARD_B_TEMP_02 | 36.7 | NORMAL
2026-09-22 04:20:09 | WARD_B_TEMP_03 | 37.4 | NORMAL
2026-09-22 04:20:09 | WARD_B_TEMP_04 | 35.1 | CRITICAL
2026-09-22 04:20:09 | WARD_B_TEMP_05 | 34.9 | CRITICAL
2026-09-22 04:20:10 | WARD_B_TEMP_01 | 37.2 | NORMAL
2026-09-22 04:20:10 | WARD_B_TEMP_02 | 36.5 | NORMAL
2026-09-22 04:20:10 | WARD_B_TEMP_03 | 35.2 | CRITICAL
2026-09-22 04:20:10 | WARD_B_TEMP_04 | 36.0 | NORMAL
2026-09-22 04:20:10 | WARD_B_TEMP_05 | 36.5 | NORMAL
2026-09-22 04:20:11 | WARD_B_TEMP_01 | 39.1 | CRITICAL
2026-09-22 04:20:11 | WARD_B_TEMP_02 | 36.4 | NORMAL
2026-09-22 04:20:11 | WARD_B_TEMP_03 | 40.1 | CRITICAL
2026-09-22 04:20:11 | WARD_B_TEMP_04 | 38.0 | WARNING
2026-09-22 04:20:11 | WARD_B_TEMP_05 | 36.6 | NORMAL
2026-09-22 04:20:12 | WARD_B_TEMP_01 | 34.8 | CRITICAL
2026-09-22 04:20:12 | WARD_B_TEMP_02 | 39.1 | CRITICAL
2026-09-22 04:20:12 | WARD_B_TEMP_03 | 38.5 | CRITICAL
2026-09-22 04:20:12 | WARD_B_TEMP_04 | 36.5 | NORMAL
2026-09-22 04:20:12 | WARD_B_TEMP_05 | 38.6 | CRITICAL
2026-09-22 04:20:13 | WARD_B_TEMP_01 | 36.8 | NORMAL
2026-09-22 04:20:13 | WARD_B_TEMP_02 | 40.3 | CRITICAL
2026-09-22 04:20:13 | WARD_B_TEMP_03 | 39.3 | CRITICAL
2026-09-22 04:20:13 | WARD_B_TEMP_04 | 35.8 | NORMAL
2026-09-22 04:20:13 | WARD_B_TEMP_05 | 35.6 | NORMAL
2026-09-22 04:20:14 | WARD_B_TEMP_01 | 39.0 | CRITICAL
2026-09-22 04:20:14 | WARD_B_TEMP_02 | 35.9 | NORMAL
2026-09-22 04:20:14 | WARD_B_TEMP_03 | 37.4 | NORMAL
2026-09-22 04:20:14 | WARD_B_TEMP_04 | 36.2 | NORMAL
2026-09-22 04:20:14 | WARD_B_TEMP_05 | 35.7 | NORMAL
2026-09-22 04:20:15 | WARD_B_TEMP_01 | 35.7 | NORMAL
2026-09-22 04:20:15 | WARD_B_TEMP_02 | 38.4 | CRITICAL
2026-09-22 04:20:15 | WARD_B_TEMP_03 | 35.9 | NORMAL
2026-09-22 04:20:15 | WARD_B_TEMP_04 | 37.1 | NORMAL
2026-09-22 04:20:15 | WARD_B_TEMP_05 | 40.1 | CRITICAL
2026-09-22 04:20:16 | WARD_B_TEMP_01 | 38.4 | CRITICAL
2026-09-22 04:20:16 | WARD_B_TEMP_02 | 36.1 | NORMAL
2026-09-22 04:20:16 | WARD_B_TEMP_03 | 39.7 | CRITICAL
2026-09-22 04:20:16 | WARD_B_TEMP_04 | 40.4 | CRITICAL
2026-09-22 04:20:16 | WARD_B_TEMP_05 | 37.6 | WARNING
2026-09-22 04:20:17 | WARD_B_TEMP_01 | 37.4 | NORMAL
2026-09-22 04:20:17 | WARD_B_TEMP_02 | 35.5 | NORMAL
2026-09-22 04:20:17 | WARD_B_TEMP_03 | 36.3 | NORMAL
2026-09-22 04:20:17 | WARD_B_TEMP_04 | 38.6 | CRITICAL
2026-09-22 04:20:17 | WARD_B_TEMP_05 | 36.2 | NORMAL
2026-09-22 04:20:18 | WARD_B_TEMP_01 | 36.4 | NORMAL
2026-09-22 04:20:18 | WARD_B_TEMP_02 | 37.1 | NORMAL
2026-09-22 04:20:18 | WARD_B_TEMP_03 | 39.6 | CRITICAL
2026-09-22 04:20:18 | WARD_B_TEMP_04 | 35.9 | NORMAL
2026-09-22 04:20:18 | WARD_B_TEMP_05 | 37.0 | NORMAL
2026-09-22 04:20:19 | WARD_B_TEMP_01 | 37.6 | WARNING
2026-09-22 04:20:19 | WARD_B_TEMP_02 | 36.4 | NORMAL
2026-09-22 04:20:19 | WARD_B_TEMP_03 | 36.1 | NORMAL
2026-09-22 04:20:19 | WARD_B_TEMP_04 | 36.9 | NORMAL
2026-09-22 04:20:19 | WARD_B_TEMP_05 | 35.4 | CRITICAL
2026-09-22 04:20:20 | WARD_B_TEMP_01 | 39.7 | CRITICAL
2026-09-22 04:20:20 | WARD_B_TEMP_02 | 39.8 | CRITICAL
2026-09-22 04:20:20 | WARD_B_TEMP_03 | 35.7 | NORMAL
2026-09-22 04:20:20 | WARD_B_TEMP_04 | 34.5 | CRITICAL
2026-09-22 04:20:20 | WARD_B_TEMP_05 | 35.6 | NORMAL
2026-09-22 04:20:21 | WARD_B_TEMP_01 | 38.7 | CRITICAL
2026-09-22 04:20:21 | WARD_B_TEMP_02 | 37.1 | NORMAL
2026-09-22 04:20:21 | WARD_B_TEMP_03 | 39.2 | CRITICAL
2026-09-22 04:20:21 | WARD_B_TEMP_04 | 35.6 | NORMAL
2026-09-22 04:20:21 | WARD_B_TEMP_05 | 35.3 | CRITICAL
2026-09-22 04:20:22 | WARD_B_TEMP_01 | 38.7 | CRITICAL
2026-09-22 04:20:22 | WARD_B_TEMP_02 | 39.8 | CRITICAL
2026-09-22 04:20:22 | WARD_B_TEMP_03 | 37.4 | NORMAL
2026-09-22 04:20:22 | WARD_B_TEMP_04 | 40.1 | CRITICAL
2026-09-22 04:20:22 | WARD_B_TEMP_05 | 38.6 | CRITICAL
2026-09-22 04:20:23 | WARD_B_TEMP_01 | 39.5 | CRITICAL
2026-09-22 04:20:23 | WARD_B_TEMP_02 | 34.6 | CRITICAL
2026-09-22 04:20:23 | WARD_B_TEMP_03 | 35.6 | NORMAL
2026-09-22 04:20:23 | WARD_B_TEMP_04 | 36.7 | NORMAL
2026-09-22 04:20:23 | WARD_B_TEMP_05 | 37.2 | NORMAL
2026-09-22 04:20:24 | WARD_B_TEMP_01 | 40.4 | CRITICAL
2026-09-22 04:20:24 | WARD_B_TEMP_02 | 38.8 | CRITICAL
2026-09-22 04:20:24 | WARD_B_TEMP_03 | 40.2 | CRITICAL
2026-09-22 04:20:24 | WARD_B_TEMP_04 | 37.9 | WARNING
2026-09-22 04:20:24 | WARD_B_TEMP_05 | 37.5 | WARNING
2026-09-22 04:20:25 | WARD_B_TEMP_01 | 39.1 | CRITICAL
2026-09-22 04:20:25 | WARD_B_TEMP_02 | 38.1 | CRITICAL
2026-09-22 04:20:25 | WARD_B_TEMP_03 | 40.0 | CRITICAL
2026-09-22 04:20:25 | WARD_B_TEMP_04 | 36.4 | NORMAL
2026-09-22 04:20:25 | WARD_B_TEMP_05 | 34.7 | CRITICAL
2026-09-22 04:20:26 | WARD_B_TEMP_01 | 35.3 | CRITICAL
2026-09-22 04:20:26 | WARD_B_TEMP_02 | 40.0 | CRITICAL
2026-09-22 04:20:26 | WARD_B_TEMP_03 | 39.4 | CRITICAL
2026-09-22 04:20:26 | WARD_B_TEMP_04 | 36.7 | NORMAL
2026-09-22 04:20:26 | WARD_B_TEMP_05 | 37.9 | WARNING
2026-09-22 04:20:27 | WARD_B_TEMP_01 | 37.9 | WARNING
2026-09-22 04:20:27 | WARD_B_TEMP_02 | 36.3 | NORMAL
2026-09-22 04:20:27 | WARD_B_TEMP_03 | 35.4 | CRITICAL
2026-09-22 04:20:27 | WARD_B_TEMP_04 | 38.9 | CRITICAL
2026-09-22 04:20:27 | WARD_B_TEMP_05 | 35.0 | CRITICAL
2026-09-22 04:20:28 | WARD_B_TEMP_01 | 37.2 | NORMAL
2026-09-22 04:20:28 | WARD_B_TEMP_02 | 36.6 | NORMAL
2026-09-22 04:20:28 | WARD_B_TEMP_03 | 36.4 | NORMAL
2026-09-22 04:20:28 | WARD_B_TEMP_04 | 38.3 | CRITICAL
2026-09-22 04:20:28 | WARD_B_TEMP_05 | 38.6 | CRITICAL
2026-09-22 04:20:29 | WARD_B_TEMP_01 | 39.3 | CRITICAL
2026-09-22 04:20:29 | WARD_B_TEMP_02 | 34.9 | CRITICAL
2026-09-22 04:20:29 | WARD_B_TEMP_03 | 38.5 | CRITICAL
2026-09-22 04:20:29 | WARD_B_TEMP_04 | 36.8 | NORMAL
2026-09-22 04:20:29 | WARD_B_TEMP_05 | 35.1 | CRITICAL
2026-09-22 04:20:30 | WARD_B_TEMP_01 | 35.5 | NORMAL
2026-09-22 04:20:30 | WARD_B_TEMP_02 | 36.8 | NORMAL
2026-09-22 04:20:30 | WARD_B_TEMP_03 | 35.4 | CRITICAL
2026-09-22 04:20:30 | WARD_B_TEMP_04 | 36.2 | NORMAL
2026-09-22 04:20:30 | WARD_B_TEMP_05 | 36.9 | NORMAL
2026-09-22 04:20:31 | WARD_B_TEMP_01 | 36.1 | NORMAL
2026-09-22 04:20:31 | WARD_B_TEMP_02 | 36.7 | NORMAL
2026-09-22 04:20:31 | WARD_B_TEMP_03 | 36.8 | NORMAL
2026-09-22 04:20:31 | WARD_B_TEMP_04 | 38.4 | CRITICAL
2026-09-22 04:20:31 | WARD_B_TEMP_05 | 40.0 | CRITICAL
2026-09-22 04:20:32 | WARD_B_TEMP_01 | 35.0 | CRITICAL
2026-09-22 04:20:32 | WARD_B_TEMP_02 | 40.1 | CRITICAL
2026-09-22 04:20:32 | WARD_B_TEMP_03 | 39.0 | CRITICAL
2026-09-22 04:20:32 | WARD_B_TEMP_04 | 40.3 | CRITICAL
2026-09-22 04:20:32 | WARD_B_TEMP_05 | 38.9 | CRITICAL
2026-09-22 04:20:33 | WARD_B_TEMP_01 | 40.1 | CRITICAL
2026-09-22 04:20:33 | WARD_B_TEMP_02 | 35.8 | NORMAL
2026-09-22 04:20:33 | WARD_B_TEMP_03 | 38.5 | CRITICAL
2026-09-22 04:20:33 | WARD_B_TEMP_04 | 36.0 | NORMAL
2026-09-22 04:20:33 | WARD_B_TEMP_05 | 39.3 | CRITICAL
2026-09-22 04:20:34 | WARD_B_TEMP_01 | 38.3 | CRITICAL
2026-09-22 04:20:34 | WARD_B_TEMP_02 | 37.4 | NORMAL
2026-09-22 04:20:34 | WARD_B_TEMP_03 | 36.8 | NORMAL
2026-09-22 04:20:34 | WARD_B_TEMP_04 | 39.2 | CRITICAL
2026-09-22 04:20:34 | WARD_B_TEMP_05 | 35.1 | CRITICAL
2026-09-22 04:20:35 | WARD_B_TEMP_01 | 37.2 | NORMAL
2026-09-22 04:20:35 | WARD_B_TEMP_02 | 40.2 | CRITICAL
2026-09-22 04:20:35 | WARD_B_TEMP_03 | 37.0 | NORMAL
2026-09-22 04:20:35 | WARD_B_TEMP_04 | 35.1 | CRITICAL
2026-09-22 04:20:35 | WARD_B_TEMP_05 | 35.0 | CRITICAL
2026-09-22 04:20:36 | WARD_B_TEMP_01 | 38.3 | CRITICAL
2026-09-22 04:20:36 | WARD_B_TEMP_02 | 35.9 | NORMAL
2026-09-22 04:20:36 | WARD_B_TEMP_03 | 36.7 | NORMAL
2026-09-22 04:20:36 | WARD_B_TEMP_04 | 34.8 | CRITICAL
2026-09-22 04:20:36 | WARD_B_TEMP_05 | 38.1 | CRITICAL
2026-09-22 04:20:37 | WARD_B_TEMP_01 | 36.6 | NORMAL
2026-09-22 04:20:37 | WARD_B_TEMP_02 | 36.6 | NORMAL
2026-09-22 04:20:37 | WARD_B_TEMP_03 | 35.4 | CRITICAL
2026-09-22 04:20:37 | WARD_B_TEMP_04 | 36.8 | NORMAL
2026-09-22 04:20:37 | WARD_B_TEMP_05 | 37.9 | WARNING
2026-09-22 04:20:38 | WARD_B_TEMP_01 | 36.5 | NORMAL
2026-09-22 04:20:38 | WARD_B_TEMP_02 | 37.2 | NORMAL
2026-09-22 04:20:38 | WARD_B_TEMP_03 | 35.5 | NORMAL
2026-09-22 04:20:38 | WARD_B_TEMP_04 | 36.9 | NORMAL
2026-09-22 04:20:38 | WARD_B_TEMP_05 | 40.0 | CRITICAL
2026-09-22 04:20:39 | WARD_B_TEMP_01 | 37.9 | WARNING
2026-09-22 04:20:39 | WARD_B_TEMP_02 | 34.8 | CRITICAL
2026-09-22 04:20:39 | WARD_B_TEMP_03 | 36.8 | NORMAL
2026-09-22 04:20:39 | WARD_B_TEMP_04 | 39.4 | CRITICAL
2026-09-22 04:20:39 | WARD_B_TEMP_05 | 37.6 | WARNING
2026-09-22 04:20:40 | WARD_B_TEMP_01 | 35.5 | NORMAL
2026-09-22 04:20:40 | WARD_B_TEMP_02 | 38.7 | CRITICAL
2026-09-22 04:20:40 | WARD_B_TEMP_03 | 36.8 | NORMAL
2026-09-22 04:20:40 | WARD_B_TEMP_04 | 39.2 | CRITICAL
2026-09-22 04:20:40 | WARD_B_TEMP_05 | 34.7 | CRITICAL
2026-09-22 04:20:41 | WARD_B_TEMP_01 | 36.6 | NORMAL
2026-09-22 04:20:41 | WARD_B_TEMP_02 | 34.6 | CRITICAL
2026-09-22 04:20:41 | WARD_B_TEMP_03 | 37.3 | NORMAL
2026-09-22 04:20:41 | WARD_B_TEMP_04 | 34.5 | CRITICAL
2026-09-22 04:20:41 | WARD_B_TEMP_05 | 38.5 | CRITICAL
2026-09-22 04:20:42 | WARD_B_TEMP_01 | 38.1 | CRITICAL
2026-09-22 04:20:42 | WARD_B_TEMP_02 | 36.8 | NORMAL
2026-09-22 04:20:42 | WARD_B_TEMP_03 | 40.3 | CRITICAL
2026-09-22 04:20:42 | WARD_B_TEMP_04 | 39.1 | CRITICAL
2026-09-22 04:20:42 | WARD_B_TEMP_05 | 37.1 | NORMAL
2026-09-22 04:20:43 | WARD_B_TEMP_01 | 36.8 | NORMAL
2026-09-22 04:20:43 | WARD_B_TEMP_02 | 35.9 | NORMAL
2026-09-22 04:20:43 | WARD_B_TEMP_03 | 38.8 | CRITICAL
2026-09-22 04:20:43 | WARD_B_TEMP_04 | 35.2 | CRITICAL
2026-09-22 04:20:43 | WARD_B_TEMP_05 | 39.4 | CRITICAL
2026-09-22 04:20:44 | WARD_B_TEMP_01 | 35.2 | CRITICAL
2026-09-22 04:20:44 | WARD_B_TEMP_02 | 40.0 | CRITICAL
2026-09-22 04:20:44 | WARD_B_TEMP_03 | 35.2 | CRITICAL
2026-09-22 04:20:44 | WARD_B_TEMP_04 | 38.4 | CRITICAL
2026-09-22 04:20:44 | WARD_B_TEMP_05 | 37.7 | WARNING
2026-09-22 04:20:45 | WARD_B_TEMP_01 | 36.4 | NORMAL
2026-09-22 04:20:45 | WARD_B_TEMP_02 | 35.9 | NORMAL
2026-09-22 04:20:45 | WARD_B_TEMP_03 | 36.4 | NORMAL
2026-09-22 04:20:45 | WARD_B_TEMP_04 | 37.7 | WARNING
2026-09-22 04:20:45 | WARD_B_TEMP_05 | 39.5 | CRITICAL
2026-09-22 04:20:46 | WARD_B_TEMP_01 | 40.2 | CRITICAL
2026-09-22 04:20:46 | WARD_B_TEMP_02 | 38.2 | CRITICAL
2026-09-22 04:20:46 | WARD_B_TEMP_03 | 39.4 | CRITICAL
2026-09-22 04:20:46 | WARD_B_TEMP_04 | 39.3 | CRITICAL
2026-09-22 04:20:46 | WARD_B_TEMP_05 | 36.6 | NORMAL
2026-09-22 04:20:47 | WARD_B_TEMP_01 | 37.3 | NORMAL
2026-09-22 04:20:47 | WARD_B_TEMP_02 | 37.3 | NORMAL
2026-09-22 04:20:47 | WARD_B_TEMP_03 | 35.4 | CRITICAL
2026-09-22 04:20:47 | WARD_B_TEMP_04 | 35.2 | CRITICAL
2026-09-22 04:20:47 | WARD_B_TEMP_05 | 34.8 | CRITICAL
2026-09-22 04:20:48 | WARD_B_TEMP_01 | 37.9 | WARNING
2026-09-22 04:20:48 | WARD_B_TEMP_02 | 38.8 | CRITICAL
2026-09-22 04:20:48 | WARD_B_TEMP_03 | 34.5 | CRITICAL
2026-09-22 04:20:48 | WARD_B_TEMP_04 | 37.7 | WARNING
2026-09-22 04:20:48 | WARD_B_TEMP_05 | 36.1 | NORMAL
2026-09-22 04:20:49 | WARD_B_TEMP_01 | 36.8 | NORMAL
2026-09-22 04:20:49 | WARD_B_TEMP_02 | 40.3 | CRITICAL
2026-09-22 04:20:49 | WARD_B_TEMP_03 | 40.2 | CRITICAL
2026-09-22 04:20:49 | WARD_B_TEMP_04 | 36.1 | NORMAL
2026-09-22 04:20:49 | WARD_B_TEMP_05 | 36.9 | NORMAL
2026-09-22 04:20:50 | WARD_B_TEMP_01 | 35.6 | NORMAL
2026-09-22 04:20:50 | WARD_B_TEMP_02 | 35.6 | NORMAL
2026-09-22 04:20:50 | WARD_B_TEMP_03 | 34.6 | CRITICAL
2026-09-22 04:20:50 | WARD_B_TEMP_04 | 35.8 | NORMAL
2026-09-22 04:20:50 | WARD_B_TEMP_05 | 35.8 | NORMAL
2026-09-22 04:20:51 | WARD_B_TEMP_01 | 37.7 | WARNING
2026-09-22 04:20:51 | WARD_B_TEMP_02 | 37.0 | NORMAL
2026-09-22 04:20:51 | WARD_B_TEMP_03 | 34.7 | CRITICAL
2026-09-22 04:20:51 | WARD_B_TEMP_04 | 40.3 | CRITICAL
2026-09-22 04:20:51 | WARD_B_TEMP_05 | 38.5 | CRITICAL
2026-09-22 04:20:52 | WARD_B_TEMP_01 | 36.8 | NORMAL
2026-09-22 04:20:52 | WARD_B_TEMP_02 | 39.5 | CRITICAL
2026-09-22 04:20:52 | WARD_B_TEMP_03 | 40.1 | CRITICAL
2026-09-22 04:20:52 | WARD_B_TEMP_04 | 37.8 | WARNING
2026-09-22 04:20:52 | WARD_B_TEMP_05 | 38.3 | CRITICAL
2026-09-22 04:20:53 | WARD_B_TEMP_01 | 39.0 | CRITICAL
2026-09-22 04:20:53 | WARD_B_TEMP_02 | 36.3 | NORMAL
2026-09-22 04:20:53 | WARD_B_TEMP_03 | 38.8 | CRITICAL
2026-09-22 04:20:53 | WARD_B_TEMP_04 | 37.8 | WARNING
2026-09-22 04:20:53 | WARD_B_TEMP_05 | 39.0 | CRITICAL
2026-09-22 04:20:54 | WARD_B_TEMP_01 | 37.3 | NORMAL
2026-09-22 04:20:54 | WARD_B_TEMP_02 | 35.0 | CRITICAL
2026-09-22 04:20:54 | WARD_B_TEMP_03 | 38.9 | CRITICAL
2026-09-22 04:20:54 | WARD_B_TEMP_04 | 38.8 | CRITICAL
2026-09-22 04:20:54 | WARD_B_TEMP_05 | 35.9 | NORMAL
2026-09-22 04:20:55 | WARD_B_TEMP_01 | 39.5 | CRITICAL
2026-09-22 04:20:55 | WARD_B_TEMP_02 | 40.5 | CRITICAL
2026-09-22 04:20:55 | WARD_B_TEMP_03 | 36.5 | NORMAL
2026-09-22 04:20:55 | WARD_B_TEMP_04 | 38.3 | CRITICAL
2026-09-22 04:20:55 | WARD_B_TEMP_05 | 36.8 | NORMAL
2026-09-22 04:20:56 | WARD_B_TEMP_01 | 35.2 | CRITICAL
2026-09-22 04:20:56 | WARD_B_TEMP_02 | 40.4 | CRITICAL
2026-09-22 04:20:56 | WARD_B_TEMP_03 | 39.0 | CRITICAL
2026-09-22 04:20:56 | WARD_B_TEMP_04 | 40.4 | CRITICAL
2026-09-22 04:20:56 | WARD_B_TEMP_05 | 37.0 | NORMAL
2026-09-22 04:20:57 | WARD_B_TEMP_01 | 39.8 | CRITICAL
2026-09-22 04:20:57 | WARD_B_TEMP_02 | 40.1 | CRITICAL
2026-09-22 04:20:57 | WARD_B_TEMP_03 | 39.5 | CRITICAL
2026-09-22 04:20:57 | WARD_B_TEMP_04 | 34.8 | CRITICAL
2026-09-22 04:20:57 | WARD_B_TEMP_05 | 38.7 | CRITICAL
2026-09-22 04:20:58 | WARD_B_TEMP_01 | 37.0 | NORMAL
2026-09-22 04:20:58 | WARD_B_TEMP_02 | 35.3 | CRITICAL
2026-09-22 04:20:58 | WARD_B_TEMP_03 | 36.3 | NORMAL
2026-09-22 04:20:58 | WARD_B_TEMP_04 | 37.7 | WARNING
2026-09-22 04:20:58 | WARD_B_TEMP_05 | 36.5 | NORMAL
2026-09-22 04:20:59 | WARD_B_TEMP_01 | 39.9 | CRITICAL
2026-09-22 04:20:59 | WARD_B_TEMP_02 | 36.7 | NORMAL
2026-09-22 04:20:59 | WARD_B_TEMP_03 | 35.0 | CRITICAL
2026-09-22 04:20:59 | WARD_B_TEMP_04 | 36.3 | NORMAL
2026-09-22 04:20:59 | WARD_B_TEMP_05 | 38.9 | CRITICAL
2026-09-22 04:21:00 | WARD_B_TEMP_01 | 39.0 | CRITICAL
2026-09-22 04:21:00 | WARD_B_TEMP_02 | 40.2 | CRITICAL
2026-09-22 04:21:00 | WARD_B_TEMP_03 | 37.2 | NORMAL
2026-09-22 04:21:00 | WARD_B_TEMP_04 | 35.3 | CRITICAL
2026-09-22 04:21:00 | WARD_B_TEMP_05 | 38.8 | CRITICAL
2026-09-22 04:21:01 | WARD_B_TEMP_01 | 38.5 | CRITICAL
2026-09-22 04:21:01 | WARD_B_TEMP_02 | 34.9 | CRITICAL
2026-09-22 04:21:01 | WARD_B_TEMP_03 | 39.0 | CRITICAL
2026-09-22 04:21:01 | WARD_B_TEMP_04 | 35.9 | NORMAL
2026-09-22 04:21:01 | WARD_B_TEMP_05 | 38.7 | CRITICAL
2026-09-22 04:21:02 | WARD_B_TEMP_01 | 37.9 | WARNING
2026-09-22 04:21:02 | WARD_B_TEMP_02 | 38.5 | CRITICAL
2026-09-22 04:21:02 | WARD_B_TEMP_03 | 36.0 | NORMAL
2026-09-22 04:21:02 | WARD_B_TEMP_04 | 37.6 | WARNING
2026-09-22 04:21:02 | WARD_B_TEMP_05 | 38.2 | CRITICAL
2026-09-22 04:21:03 | WARD_B_TEMP_01 | 35.4 | CRITICAL
2026-09-22 04:21:03 | WARD_B_TEMP_02 | 35.6 | NORMAL
2026-09-22 04:21:03 | WARD_B_TEMP_03 | 37.8 | WARNING
2026-09-22 04:21:03 | WARD_B_TEMP_04 | 40.0 | CRITICAL
2026-09-22 04:21:03 | WARD_B_TEMP_05 | 38.3 | CRITICAL
2026-09-22 04:21:04 | WARD_B_TEMP_01 | 36.8 | NORMAL
2026-09-22 04:21:04 | WARD_B_TEMP_02 | 38.6 | CRITICAL
2026-09-22 04:21:04 | WARD_B_TEMP_03 | 37.5 | WARNING
2026-09-22 04:21:04 | WARD_B_TEMP_04 | 38.7 | CRITICAL
2026-09-22 04:21:04 | WARD_B_TEMP_05 | 38.4 | CRITICAL
2026-09-22 04:21:05 | WARD_B_TEMP_01 | 39.4 | CRITICAL
2026-09-22 04:21:05 | WARD_B_TEMP_02 | 35.8 | NORMAL
2026-09-22 04:21:05 | WARD_B_TEMP_03 | 36.7 | NORMAL
2026-09-22 04:21:05 | WARD_B_TEMP_04 | 37.7 | WARNING
2026-09-22 04:21:05 | WARD_B_TEMP_05 | 38.0 | WARNING
2026-09-22 04:21:06 | WARD_B_TEMP_01 | 39.7 | CRITICAL
2026-09-22 04:21:06 | WARD_B_TEMP_02 | 38.0 | WARNING
2026-09-22 04:21:06 | WARD_B_TEMP_03 | 35.2 | CRITICAL
2026-09-22 04:21:06 | WARD_B_TEMP_04 | 39.8 | CRITICAL
2026-09-22 04:21:06 | WARD_B_TEMP_05 | 40.1 | CRITICAL
2026-09-22 04:21:07 | WARD_B_TEMP_01 | 37.2 | NORMAL
2026-09-22 04:21:07 | WARD_B_TEMP_02 | 35.5 | NORMAL
2026-09-22 04:21:07 | WARD_B_TEMP_03 | 36.9 | NORMAL
2026-09-22 04:21:07 | WARD_B_TEMP_04 | 40.1 | CRITICAL
2026-09-22 04:21:07 | WARD_B_TEMP_05 | 38.1 | CRITICAL
2026-09-22 04:21:08 | WARD_B_TEMP_01 | 36.6 | NORMAL
2026-09-22 04:21:08 | WARD_B_TEMP_02 | 35.7 | NORMAL
2026-09-22 04:21:08 | WARD_B_TEMP_03 | 39.0 | CRITICAL
2026-09-22 04:21:08 | WARD_B_TEMP_04 | 35.5 | NORMAL
2026-09-22 04:21:08 | WARD_B_TEMP_05 | 39.0 | CRITICAL
2026-09-22 04:21:09 | WARD_B_TEMP_01 | 35.7 | NORMAL
2026-09-22 04:21:09 | WARD_B_TEMP_02 | 36.1 | NORMAL
2026-09-22 04:21:09 | WARD_B_TEMP_03 | 36.1 | NORMAL
2026-09-22 04:21:09 | WARD_B_TEMP_04 | 35.8 | NORMAL
2026-09-22 04:21:09 | WARD_B_TEMP_05 | 38.3 | CRITICAL
2026-09-22 04:21:10 | WARD_B_TEMP_01 | 36.4 | NORMAL
2026-09-22 04:21:10 | WARD_B_TEMP_02 | 39.3 | CRITICAL
2026-09-22 04:21:10 | WARD_B_TEMP_03 | 35.8 | NORMAL
2026-09-22 04:21:10 | WARD_B_TEMP_04 | 38.5 | CRITICAL
2026-09-22 04:21:10 | WARD_B_TEMP_05 | 40.3 | CRITICAL
2026-09-22 04:21:11 | WARD_B_TEMP_01 | 40.4 | CRITICAL
2026-09-22 04:21:11 | WARD_B_TEMP_02 | 37.0 | NORMAL
2026-09-22 04:21:11 | WARD_B_TEMP_03 | 35.6 | NORMAL
2026-09-22 04:21:11 | WARD_B_TEMP_04 | 37.8 | WARNING
2026-09-22 04:21:11 | WARD_B_TEMP_05 | 38.5 | CRITICAL
2026-09-22 04:21:12 | WARD_B_TEMP_01 | 37.8 | WARNING
2026-09-22 04:21:12 | WARD_B_TEMP_02 | 38.7 | CRITICAL
2026-09-22 04:21:12 | WARD_B_TEMP_03 | 40.1 | CRITICAL
2026-09-22 04:21:12 | WARD_B_TEMP_04 | 37.2 | NORMAL
2026-09-22 04:21:12 | WARD_B_TEMP_05 | 40.4 | CRITICAL
2026-09-22 04:21:13 | WARD_B_TEMP_01 | 38.7 | CRITICAL
2026-09-22 04:21:13 | WARD_B_TEMP_02 | 36.3 | NORMAL
2026-09-22 04:21:13 | WARD_B_TEMP_03 | 35.1 | CRITICAL
2026-09-22 04:21:13 | WARD_B_TEMP_04 | 35.3 | CRITICAL
2026-09-22 04:21:13 | WARD_B_TEMP_05 | 34.7 | CRITICAL
2026-09-22 04:21:14 | WARD_B_TEMP_01 | 34.7 | CRITICAL
2026-09-22 04:21:14 | WARD_B_TEMP_02 | 34.7 | CRITICAL
2026-09-22 04:21:14 | WARD_B_TEMP_03 | 35.2 | CRITICAL
2026-09-22 04:21:14 | WARD_B_TEMP_04 | 38.0 | WARNING
2026-09-22 04:21:14 | WARD_B_TEMP_05 | 37.3 | NORMAL
2026-09-22 04:21:15 | WARD_B_TEMP_01 | 35.2 | CRITICAL
2026-09-22 04:21:15 | WARD_B_TEMP_02 | 37.6 | WARNING
2026-09-22 04:21:15 | WARD_B_TEMP_03 | 36.9 | NORMAL
2026-09-22 04:21:15 | WARD_B_TEMP_04 | 39.9 | CRITICAL
2026-09-22 04:21:15 | WARD_B_TEMP_05 | 37.1 | NORMAL
2026-09-22 04:21:16 | WARD_B_TEMP_01 | 36.6 | NORMAL
2026-09-22 04:21:16 | WARD_B_TEMP_02 | 38.4 | CRITICAL
2026-09-22 04:21:16 | WARD_B_TEMP_03 | 38.4 | CRITICAL
2026-09-22 04:21:16 | WARD_B_TEMP_04 | 37.8 | WARNING
2026-09-22 04:21:16 | WARD_B_TEMP_05 | 40.3 | CRITICAL
2026-09-22 04:21:17 | WARD_B_TEMP_01 | 36.4 | NORMAL
2026-09-22 04:21:17 | WARD_B_TEMP_02 | 35.5 | NORMAL
2026-09-22 04:21:17 | WARD_B_TEMP_03 | 38.8 | CRITICAL
2026-09-22 04:21:17 | WARD_B_TEMP_04 | 39.5 | CRITICAL
2026-09-22 04:21:17 | WARD_B_TEMP_05 | 39.8 | CRITICAL
2026-09-22 04:21:18 | WARD_B_TEMP_01 | 40.3 | CRITICAL
2026-09-22 04:21:18 | WARD_B_TEMP_02 | 35.0 | CRITICAL
2026-09-22 04:21:18 | WARD_B_TEMP_03 | 35.6 | NORMAL
2026-09-22 04:21:18 | WARD_B_TEMP_04 | 36.3 | NORMAL
2026-09-22 04:21:18 | WARD_B_TEMP_05 | 35.4 | CRITICAL
2026-09-22 04:21:19 | WARD_B_TEMP_01 | 36.8 | NORMAL
2026-09-22 04:21:19 | WARD_B_TEMP_02 | 38.0 | WARNING
2026-09-22 04:21:19 | WARD_B_TEMP_03 | 39.9 | CRITICAL
2026-09-22 04:21:19 | WARD_B_TEMP_04 | 34.8 | CRITICAL
2026-09-22 04:21:19 | WARD_B_TEMP_05 | 39.8 | CRITICAL
2026-09-22 04:21:20 | WARD_B_TEMP_01 | 38.9 | CRITICAL
2026-09-22 04:21:20 | WARD_B_TEMP_02 | 36.5 | NORMAL
2026-09-22 04:21:20 | WARD_B_TEMP_03 | 36.9 | NORMAL
2026-09-22 04:21:20 | WARD_B_TEMP_04 | 35.8 | NORMAL
2026-09-22 04:21:20 | WARD_B_TEMP_05 | 36.7 | NORMAL
2026-09-22 04:21:21 | WARD_B_TEMP_01 | 35.5 | NORMAL
2026-09-22 04:21:21 | WARD_B_TEMP_02 | 38.5 | CRITICAL
2026-09-22 04:21:21 | WARD_B_TEMP_03 | 37.5 | WARNING
2026-09-22 04:21:21 | WARD_B_TEMP_04 | 39.3 | CRITICAL
2026-09-22 04:21:21 | WARD_B_TEMP_05 | 35.2 | CRITICAL
2026-09-22 04:21:22 | WARD_B_TEMP_01 | 35.0 | CRITICAL
2026-09-22 04:21:22 | WARD_B_TEMP_02 | 37.9 | WARNING
2026-09-22 04:21:22 | WARD_B_TEMP_03 | 40.2 | CRITICAL
2026-09-22 04:21:22 | WARD_B_TEMP_04 | 39.9 | CRITICAL
2026-09-22 04:21:22 | WARD_B_TEMP_05 | 36.9 | NORMAL
2026-09-22 04:21:23 | WARD_B_TEMP_01 | 40.5 | CRITICAL
2026-09-22 04:21:23 | WARD_B_TEMP_02 | 35.8 | NORMAL
2026-09-22 04:21:23 | WARD_B_TEMP_03 | 39.9 | CRITICAL
2026-09-22 04:21:23 | WARD_B_TEMP_04 | 36.3 | NORMAL
2026-09-22 04:21:23 | WARD_B_TEMP_05 | 36.6 | NORMAL
2026-09-22 04:21:24 | WARD_B_TEMP_01 | 38.9 | CRITICAL
2026-09-22 04:21:24 | WARD_B_TEMP_02 | 34.5 | CRITICAL
2026-09-22 04:21:24 | WARD_B_TEMP_03 | 36.6 | NORMAL
2026-09-22 04:21:24 | WARD_B_TEMP_04 | 38.9 | CRITICAL
2026-09-22 04:21:24 | WARD_B_TEMP_05 | 39.1 | CRITICAL
2026-09-22 04:21:25 | WARD_B_TEMP_01 | 39.9 | CRITICAL
2026-09-22 04:21:25 | WARD_B_TEMP_02 | 38.8 | CRITICAL
2026-09-22 04:21:25 | WARD_B_TEMP_03 | 39.1 | CRITICAL
2026-09-22 04:21:25 | WARD_B_TEMP_04 | 36.3 | NORMAL
2026-09-22 04:21:25 | WARD_B_TEMP_05 | 35.6 | NORMAL
2026-09-22 04:21:26 | WARD_B_TEMP_01 | 37.3 | NORMAL
2026-09-22 04:21:26 | WARD_B_TEMP_02 | 35.0 | CRITICAL
2026-09-22 04:21:26 | WARD_B_TEMP_03 | 37.4 | NORMAL
2026-09-22 04:21:26 | WARD_B_TEMP_04 | 39.7 | CRITICAL
2026-09-22 04:21:26 | WARD_B_TEMP_05 | 36.0 | NORMAL
2026-09-22 04:21:27 | WARD_B_TEMP_01 | 36.0 | NORMAL
2026-09-22 04:21:27 | WARD_B_TEMP_02 | 38.0 | WARNING
2026-09-22 04:21:27 | WARD_B_TEMP_03 | 36.4 | NORMAL
2026-09-22 04:21:27 | WARD_B_TEMP_04 | 39.8 | CRITICAL
2026-09-22 04:21:27 | WARD_B_TEMP_05 | 35.1 | CRITICAL
2026-09-22 04:21:28 | WARD_B_TEMP_01 | 35.7 | NORMAL
2026-09-22 04:21:28 | WARD_B_TEMP_02 | 39.5 | CRITICAL
2026-09-22 04:21:28 | WARD_B_TEMP_03 | 40.4 | CRITICAL
2026-09-22 04:21:28 | WARD_B_TEMP_04 | 34.9 | CRITICAL
2026-09-22 04:21:28 | WARD_B_TEMP_05 | 35.0 | CRITICAL
2026-09-22 04:21:29 | WARD_B_TEMP_01 | 39.9 | CRITICAL
2026-09-22 04:21:29 | WARD_B_TEMP_02 | 39.0 | CRITICAL
2026-09-22 04:21:29 | WARD_B_TEMP_03 | 35.7 | NORMAL
2026-09-22 04:21:29 | WARD_B_TEMP_04 | 36.5 | NORMAL
2026-09-22 04:21:29 | WARD_B_TEMP_05 | 37.4 | NORMAL
2026-09-22 04:21:30 | WARD_B_TEMP_01 | 40.5 | CRITICAL
2026-09-22 04:21:30 | WARD_B_TEMP_02 | 34.5 | CRITICAL
2026-09-22 04:21:30 | WARD_B_TEMP_03 | 39.2 | CRITICAL
2026-09-22 04:21:30 | WARD_B_TEMP_04 | 39.7 | CRITICAL
2026-09-22 04:21:30 | WARD_B_TEMP_05 | 40.2 | CRITICAL
2026-09-22 04:21:31 | WARD_B_TEMP_01 | 37.1 | NORMAL
2026-09-22 04:21:31 | WARD_B_TEMP_02 | 39.1 | CRITICAL
2026-09-22 04:21:31 | WARD_B_TEMP_03 | 38.8 | CRITICAL
2026-09-22 04:21:31 | WARD_B_TEMP_04 | 38.7 | CRITICAL
2026-09-22 04:21:31 | WARD_B_TEMP_05 | 37.4 | NORMAL
2026-09-22 04:21:32 | WARD_B_TEMP_01 | 37.8 | WARNING
2026-09-22 04:21:32 | WARD_B_TEMP_02 | 39.8 | CRITICAL
2026-09-22 04:21:32 | WARD_B_TEMP_03 | 34.7 | CRITICAL
2026-09-22 04:21:32 | WARD_B_TEMP_04 | 35.3 | CRITICAL
2026-09-22 04:21:32 | WARD_B_TEMP_05 | 37.4 | NORMAL
2026-09-22 04:21:33 | WARD_B_TEMP_01 | 37.4 | NORMAL
2026-09-22 04:21:33 | WARD_B_TEMP_02 | 36.3 | NORMAL
2026-09-22 04:21:33 | WARD_B_TEMP_03 | 39.7 | CRITICAL
2026-09-22 04:21:33 | WARD_B_TEMP_04 | 35.9 | NORMAL
2026-09-22 04:21:33 | WARD_B_TEMP_05 | 34.8 | CRITICAL
2026-09-22 04:21:34 | WARD_B_TEMP_01 | 36.6 | NORMAL
2026-09-22 04:21:34 | WARD_B_TEMP_02 | 39.2 | CRITICAL
2026-09-22 04:21:34 | WARD_B_TEMP_03 | 35.4 | CRITICAL
2026-09-22 04:21:34 | WARD_B_TEMP_04 | 37.4 | NORMAL
2026-09-22 04:21:34 | WARD_B_TEMP_05 | 34.9 | CRITICAL
2026-09-22 04:21:35 | WARD_B_TEMP_01 | 40.5 | CRITICAL
2026-09-22 04:21:35 | WARD_B_TEMP_02 | 39.8 | CRITICAL
2026-09-22 04:21:35 | WARD_B_TEMP_03 | 36.2 | NORMAL
2026-09-22 04:21:35 | WARD_B_TEMP_04 | 36.1 | NORMAL
2026-09-22 04:21:35 | WARD_B_TEMP_05 | 40.2 | CRITICAL
2026-09-22 04:21:36 | WARD_B_TEMP_01 | 37.7 | WARNING
2026-09-22 04:21:36 | WARD_B_TEMP_02 | 39.2 | CRITICAL
2026-09-22 04:21:36 | WARD_B_TEMP_03 | 35.8 | NORMAL
2026-09-22 04:21:36 | WARD_B_TEMP_04 | 38.6 | CRITICAL
2026-09-22 04:21:36 | WARD_B_TEMP_05 | 37.4 | NORMAL
2026-09-22 04:21:37 | WARD_B_TEMP_01 | 39.7 | CRITICAL
2026-09-22 04:21:37 | WARD_B_TEMP_02 | 40.3 | CRITICAL
2026-09-22 04:21:37 | WARD_B_TEMP_03 | 35.0 | CRITICAL
2026-09-22 04:21:37 | WARD_B_TEMP_04 | 37.4 | NORMAL
2026-09-22 04:21:37 | WARD_B_TEMP_05 | 34.7 | CRITICAL
2026-09-22 04:21:38 | WARD_B_TEMP_01 | 37.9 | WARNING
2026-09-22 04:21:38 | WARD_B_TEMP_02 | 35.1 | CRITICAL
2026-09-22 04:21:38 | WARD_B_TEMP_03 | 35.2 | CRITICAL
2026-09-22 04:21:38 | WARD_B_TEMP_04 | 37.8 | WARNING
2026-09-22 04:21:38 | WARD_B_TEMP_05 | 37.8 | WARNING
2026-09-22 04:21:39 | WARD_B_TEMP_01 | 37.1 | NORMAL
2026-09-22 04:21:39 | WARD_B_TEMP_02 | 38.9 | CRITICAL
2026-09-22 04:21:39 | WARD_B_TEMP_03 | 35.2 | CRITICAL
2026-09-22 04:21:39 | WARD_B_TEMP_04 | 35.8 | NORMAL
2026-09-22 04:21:39 | WARD_B_TEMP_05 | 36.7 | NORMAL
2026-09-22 04:21:40 | WARD_B_TEMP_01 | 35.9 | NORMAL
2026-09-22 04:21:40 | WARD_B_TEMP_02 | 37.8 | WARNING
2026-09-22 04:21:40 | WARD_B_TEMP_03 | 34.7 | CRITICAL
2026-09-22 04:21:40 | WARD_B_TEMP_04 | 37.2 | NORMAL
2026-09-22 04:21:40 | WARD_B_TEMP_05 | 36.6 | NORMAL
2026-09-22 04:21:41 | WARD_B_TEMP_01 | 36.0 | NORMAL
2026-09-22 04:21:41 | WARD_B_TEMP_02 | 35.2 | CRITICAL
2026-09-22 04:21:41 | WARD_B_TEMP_03 | 39.0 | CRITICAL
2026-09-22 04:21:41 | WARD_B_TEMP_04 | 36.9 | NORMAL
2026-09-22 04:21:41 | WARD_B_TEMP_05 | 37.2 | NORMAL
2026-09-22 04:21:42 | WARD_B_TEMP_01 | 38.2 | CRITICAL
2026-09-22 04:21:42 | WARD_B_TEMP_02 | 39.9 | CRITICAL
2026-09-22 04:21:42 | WARD_B_TEMP_03 | 35.2 | CRITICAL
2026-09-22 04:21:42 | WARD_B_TEMP_04 | 37.6 | WARNING
2026-09-22 04:21:42 | WARD_B_TEMP_05 | 35.2 | CRITICAL
2026-09-22 04:21:43 | WARD_B_TEMP_01 | 40.1 | CRITICAL
2026-09-22 04:21:43 | WARD_B_TEMP_02 | 40.1 | CRITICAL
2026-09-22 04:21:43 | WARD_B_TEMP_03 | 39.5 | CRITICAL
2026-09-22 04:21:43 | WARD_B_TEMP_04 | 34.7 | CRITICAL
2026-09-22 04:21:43 | WARD_B_TEMP_05 | 39.5 | CRITICAL
2026-09-22 04:21:44 | WARD_B_TEMP_01 | 39.7 | CRITICAL
2026-09-22 04:21:44 | WARD_B_TEMP_02 | 39.4 | CRITICAL
2026-09-22 04:21:44 | WARD_B_TEMP_03 | 39.4 | CRITICAL
2026-09-22 04:21:44 | WARD_B_TEMP_04 | 40.0 | CRITICAL
2026-09-22 04:21:44 | WARD_B_TEMP_05 | 38.9 | CRITICAL
2026-09-22 04:21:45 | WARD_B_TEMP_01 | 38.0 | WARNING
2026-09-22 04:21:45 | WARD_B_TEMP_02 | 36.2 | NORMAL
2026-09-22 04:21:45 | WARD_B_TEMP_03 | 40.0 | CRITICAL
2026-09-22 04:21:45 | WARD_B_TEMP_04 | 38.3 | CRITICAL
2026-09-22 04:21:45 | WARD_B_TEMP_05 | 39.1 | CRITICAL
2026-09-22 04:21:46 | WARD_B_TEMP_01 | 40.5 | CRITICAL
2026-09-22 04:21:46 | WARD_B_TEMP_02 | 37.5 | WARNING
2026-09-22 04:21:46 | WARD_B_TEMP_03 | 36.9 | NORMAL
2026-09-22 04:21:46 | WARD_B_TEMP_04 | 38.6 | CRITICAL
2026-09-22 04:21:46 | WARD_B_TEMP_05 | 34.9 | CRITICAL
2026-09-22 04:21:47 | WARD_B_TEMP_01 | 38.1 | CRITICAL
2026-09-22 04:21:47 | WARD_B_TEMP_02 | 39.4 | CRITICAL
2026-09-22 04:21:47 | WARD_B_TEMP_03 | 38.2 | CRITICAL
2026-09-22 04:21:47 | WARD_B_TEMP_04 | 38.1 | CRITICAL
2026-09-22 04:21:47 | WARD_B_TEMP_05 | 40.3 | CRITICAL
2026-09-22 04:21:48 | WARD_B_TEMP_01 | 35.5 | NORMAL
2026-09-22 04:21:48 | WARD_B_TEMP_02 | 35.5 | NORMAL
2026-09-22 04:21:48 | WARD_B_TEMP_03 | 40.0 | CRITICAL
2026-09-22 04:21:48 | WARD_B_TEMP_04 | 37.1 | NORMAL
2026-09-22 04:21:48 | WARD_B_TEMP_05 | 38.2 | CRITICAL
2026-09-22 04:21:49 | WARD_B_TEMP_01 | 35.8 | NORMAL
2026-09-22 04:21:49 | WARD_B_TEMP_02 | 39.1 | CRITICAL
2026-09-22 04:21:49 | WARD_B_TEMP_03 | 36.1 | NORMAL
2026-09-22 04:21:49 | WARD_B_TEMP_04 | 37.3 | NORMAL
2026-09-22 04:21:49 | WARD_B_TEMP_05 | 37.0 | NORMAL
2026-09-22 04:21:50 | WARD_B_TEMP_01 | 38.4 | CRITICAL
2026-09-22 04:21:50 | WARD_B_TEMP_02 | 39.5 | CRITICAL
2026-09-22 04:21:50 | WARD_B_TEMP_03 | 34.6 | CRITICAL
2026-09-22 04:21:50 | WARD_B_TEMP_04 | 39.9 | CRITICAL
2026-09-22 04:21:50 | WARD_B_TEMP_05 | 37.9 | WARNING
2026-09-22 04:21:51 | WARD_B_TEMP_01 | 39.8 | CRITICAL
2026-09-22 04:21:51 | WARD_B_TEMP_02 | 35.4 | CRITICAL
2026-09-22 04:21:51 | WARD_B_TEMP_03 | 35.7 | NORMAL
2026-09-22 04:21:51 | WARD_B_TEMP_04 | 36.2 | NORMAL
2026-09-22 04:21:51 | WARD_B_TEMP_05 | 39.9 | CRITICAL
2026-09-22 04:21:52 | WARD_B_TEMP_01 | 38.3 | CRITICAL
2026-09-22 04:21:52 | WARD_B_TEMP_02 | 35.4 | CRITICAL
2026-09-22 04:21:52 | WARD_B_TEMP_03 | 38.9 | CRITICAL
2026-09-22 04:21:52 | WARD_B_TEMP_04 | 35.7 | NORMAL
2026-09-22 04:21:52 | WARD_B_TEMP_05 | 37.8 | WARNING
2026-09-22 04:21:53 | WARD_B_TEMP_01 | 34.5 | CRITICAL
2026-09-22 04:21:53 | WARD_B_TEMP_02 | 39.2 | CRITICAL
2026-09-22 04:21:53 | WARD_B_TEMP_03 | 35.2 | CRITICAL
2026-09-22 04:21:53 | WARD_B_TEMP_04 | 39.1 | CRITICAL
2026-09-22 04:21:53 | WARD_B_TEMP_05 | 35.2 | CRITICAL
2026-09-22 04:21:54 | WARD_B_TEMP_01 | 36.4 | NORMAL
2026-09-22 04:21:54 | WARD_B_TEMP_02 | 37.5 | WARNING
2026-09-22 04:21:54 | WARD_B_TEMP_03 | 36.6 | NORMAL
2026-09-22 04:21:54 | WARD_B_TEMP_04 | 36.6 | NORMAL
2026-09-22 04:21:54 | WARD_B_TEMP_05 | 38.6 | CRITICAL
2026-09-22 04:21:55 | WARD_B_TEMP_01 | 38.5 | CRITICAL
2026-09-22 04:21:55 | WARD_B_TEMP_02 | 37.9 | WARNING
2026-09-22 04:21:55 | WARD_B_TEMP_03 | 39.1 | CRITICAL
2026-09-22 04:21:55 | WARD_B_TEMP_04 | 37.2 | NORMAL
2026-09-22 04:21:55 | WARD_B_TEMP_05 | 36.7 | NORMAL
2026-09-22 04:21:56 | WARD_B_TEMP_01 | 36.8 | NORMAL
2026-09-22 04:21:56 | WARD_B_TEMP_02 | 36.6 | NORMAL
2026-09-22 04:21:56 | WARD_B_TEMP_03 | 35.9 | NORMAL
2026-09-22 04:21:56 | WARD_B_TEMP_04 | 36.8 | NORMAL
2026-09-22 04:21:56 | WARD_B_TEMP_05 | 35.4 | CRITICAL
2026-09-22 04:21:57 | WARD_B_TEMP_01 | 37.3 | NORMAL
2026-09-22 04:21:57 | WARD_B_TEMP_02 | 40.4 | CRITICAL
2026-09-22 04:21:57 | WARD_B_TEMP_03 | 35.1 | CRITICAL
2026-09-22 04:21:57 | WARD_B_TEMP_04 | 37.6 | WARNING
2026-09-22 04:21:57 | WARD_B_TEMP_05 | 40.0 | CRITICAL
2026-09-22 04:21:58 | WARD_B_TEMP_01 | 35.8 | NORMAL
2026-09-22 04:21:58 | WARD_B_TEMP_02 | 35.0 | CRITICAL
2026-09-22 04:21:58 | WARD_B_TEMP_03 | 39.3 | CRITICAL
2026-09-22 04:21:58 | WARD_B_TEMP_04 | 35.9 | NORMAL
2026-09-22 04:21:58 | WARD_B_TEMP_05 | 37.6 | WARNING
2026-09-22 04:21:59 | WARD_B_TEMP_01 | 39.8 | CRITICAL
2026-09-22 04:21:59 | WARD_B_TEMP_02 | 34.7 | CRITICAL
2026-09-22 04:21:59 | WARD_B_TEMP_03 | 39.7 | CRITICAL
2026-09-22 04:21:59 | WARD_B_TEMP_04 | 37.4 | NORMAL
2026-09-22 04:21:59 | WARD_B_TEMP_05 | 40.1 | CRITICAL
2026-09-22 04:22:00 | WARD_B_TEMP_01 | 38.3 | CRITICAL
2026-09-22 04:22:00 | WARD_B_TEMP_02 | 36.6 | NORMAL
2026-09-22 04:22:00 | WARD_B_TEMP_03 | 36.2 | NORMAL
2026-09-22 04:22:00 | WARD_B_TEMP_04 | 35.5 | NORMAL
2026-09-22 04:22:00 | WARD_B_TEMP_05 | 38.7 | CRITICAL
2026-09-22 04:22:01 | WARD_B_TEMP_01 | 35.9 | NORMAL
2026-09-22 04:22:01 | WARD_B_TEMP_02 | 34.7 | CRITICAL
2026-09-22 04:22:01 | WARD_B_TEMP_03 | 34.7 | CRITICAL
2026-09-22 04:22:01 | WARD_B_TEMP_04 | 38.0 | WARNING
2026-09-22 04:22:01 | WARD_B_TEMP_05 | 40.0 | CRITICAL
2026-09-22 04:22:02 | WARD_B_TEMP_01 | 40.3 | CRITICAL
2026-09-22 04:22:02 | WARD_B_TEMP_02 | 37.6 | WARNING
2026-09-22 04:22:02 | WARD_B_TEMP_03 | 38.3 | CRITICAL
2026-09-22 04:22:02 | WARD_B_TEMP_04 | 34.7 | CRITICAL
2026-09-22 04:22:02 | WARD_B_TEMP_05 | 34.8 | CRITICAL
2026-09-22 04:22:03 | WARD_B_TEMP_01 | 37.4 | NORMAL
2026-09-22 04:22:03 | WARD_B_TEMP_02 | 34.8 | CRITICAL
2026-09-22 04:22:03 | WARD_B_TEMP_03 | 34.6 | CRITICAL
2026-09-22 04:22:03 | WARD_B_TEMP_04 | 38.2 | CRITICAL
2026-09-22 04:22:03 | WARD_B_TEMP_05 | 40.4 | CRITICAL
2026-09-22 04:22:04 | WARD_B_TEMP_01 | 36.8 | NORMAL
2026-09-22 04:22:04 | WARD_B_TEMP_02 | 40.4 | CRITICAL
2026-09-22 04:22:04 | WARD_B_TEMP_03 | 40.1 | CRITICAL
2026-09-22 04:22:04 | WARD_B_TEMP_04 | 38.3 | CRITICAL
2026-09-22 04:22:04 | WARD_B_TEMP_05 | 35.3 | CRITICAL
2026-09-22 04:22:05 | WARD_B_TEMP_01 | 40.0 | CRITICAL
2026-09-22 04:22:05 | WARD_B_TEMP_02 | 34.8 | CRITICAL
2026-09-22 04:22:05 | WARD_B_TEMP_03 | 36.0 | NORMAL
2026-09-22 04:22:05 | WARD_B_TEMP_04 | 36.4 | NORMAL
2026-09-22 04:22:05 | WARD_B_TEMP_05 | 35.0 | CRITICAL
2026-09-22 04:22:06 | WARD_B_TEMP_01 | 36.7 | NORMAL
2026-09-22 04:22:06 | WARD_B_TEMP_02 | 40.2 | CRITICAL
2026-09-22 04:22:06 | WARD_B_TEMP_03 | 40.1 | CRITICAL
2026-09-22 04:22:06 | WARD_B_TEMP_04 | 35.9 | NORMAL
2026-09-22 04:22:06 | WARD_B_TEMP_05 | 38.2 | CRITICAL
2026-09-22 04:22:07 | WARD_B_TEMP_01 | 36.5 | NORMAL
2026-09-22 04:22:07 | WARD_B_TEMP_02 | 36.8 | NORMAL
2026-09-22 04:22:07 | WARD_B_TEMP_03 | 38.2 | CRITICAL
2026-09-22 04:22:07 | WARD_B_TEMP_04 | 37.8 | WARNING
2026-09-22 04:22:07 | WARD_B_TEMP_05 | 37.5 | WARNING
2026-09-22 04:22:08 | WARD_B_TEMP_01 | 38.7 | CRITICAL
2026-09-22 04:22:08 | WARD_B_TEMP_02 | 39.8 | CRITICAL
2026-09-22 04:22:08 | WARD_B_TEMP_03 | 36.4 | NORMAL
2026-09-22 04:22:08 | WARD_B_TEMP_04 | 39.0 | CRITICAL
2026-09-22 04:22:08 | WARD_B_TEMP_05 | 34.7 | CRITICAL
2026-09-22 04:22:09 | WARD_B_TEMP_01 | 35.3 | CRITICAL
2026-09-22 04:22:09 | WARD_B_TEMP_02 | 39.3 | CRITICAL
2026-09-22 04:22:09 | WARD_B_TEMP_03 | 36.4 | NORMAL
2026-09-22 04:22:09 | WARD_B_TEMP_04 | 38.7 | CRITICAL
2026-09-22 04:22:09 | WARD_B_TEMP_05 | 39.4 | CRITICAL
2026-09-22 04:22:10 | WARD_B_TEMP_01 | 39.0 | CRITICAL
2026-09-22 04:22:10 | WARD_B_TEMP_02 | 37.3 | NORMAL
2026-09-22 04:22:10 | WARD_B_TEMP_03 | 39.8 | CRITICAL
2026-09-22 04:22:10 | WARD_B_TEMP_04 | 35.0 | CRITICAL
2026-09-22 04:22:10 | WARD_B_TEMP_05 | 38.2 | CRITICAL
2026-09-22 04:22:11 | WARD_B_TEMP_01 | 36.0 | NORMAL
2026-09-22 04:22:11 | WARD_B_TEMP_02 | 38.6 | CRITICAL
2026-09-22 04:22:11 | WARD_B_TEMP_03 | 35.1 | CRITICAL
2026-09-22 04:22:11 | WARD_B_TEMP_04 | 37.4 | NORMAL
2026-09-22 04:22:11 | WARD_B_TEMP_05 | 37.3 | NORMAL
2026-09-22 04:22:12 | WARD_B_TEMP_01 | 35.8 | NORMAL
2026-09-22 04:22:12 | WARD_B_TEMP_02 | 36.8 | NORMAL
2026-09-22 04:22:12 | WARD_B_TEMP_03 | 37.2 | NORMAL
2026-09-22 04:22:12 | WARD_B_TEMP_04 | 35.2 | CRITICAL
2026-09-22 04:22:12 | WARD_B_TEMP_05 | 40.4 | CRITICAL
2026-09-22 04:22:13 | WARD_B_TEMP_01 | 37.0 | NORMAL
2026-09-22 04:22:13 | WARD_B_TEMP_02 | 38.6 | CRITICAL
2026-09-22 04:22:13 | WARD_B_TEMP_03 | 37.5 | WARNING
2026-09-22 04:22:13 | WARD_B_TEMP_04 | 39.0 | CRITICAL
2026-09-22 04:22:13 | WARD_B_TEMP_05 | 38.4 | CRITICAL
2026-09-22 04:22:14 | WARD_B_TEMP_01 | 35.8 | NORMAL
2026-09-22 04:22:14 | WARD_B_TEMP_02 | 36.2 | NORMAL
2026-09-22 04:22:14 | WARD_B_TEMP_03 | 36.6 | NORMAL
2026-09-22 04:22:14 | WARD_B_TEMP_04 | 37.7 | WARNING
2026-09-22 04:22:14 | WARD_B_TEMP_05 | 37.2 | NORMAL
2026-09-22 04:22:15 | WARD_B_TEMP_01 | 36.9 | NORMAL
2026-09-22 04:22:15 | WARD_B_TEMP_02 | 36.6 | NORMAL
2026-09-22 04:22:15 | WARD_B_TEMP_03 | 39.1 | CRITICAL
2026-09-22 04:22:15 | WARD_B_TEMP_04 | 35.6 | NORMAL
2026-09-22 04:22:15 | WARD_B_TEMP_05 | 35.0 | CRITICAL
2026-09-22 04:22:16 | WARD_B_TEMP_01 | 37.3 | NORMAL
2026-09-22 04:22:16 | WARD_B_TEMP_02 | 35.1 | CRITICAL
2026-09-22 04:22:16 | WARD_B_TEMP_03 | 34.8 | CRITICAL
2026-09-22 04:22:16 | WARD_B_TEMP_04 | 40.1 | CRITICAL
2026-09-22 04:22:16 | WARD_B_TEMP_05 | 36.8 | NORMAL
2026-09-22 04:22:17 | WARD_B_TEMP_01 | 36.3 | NORMAL
2026-09-22 04:22:17 | WARD_B_TEMP_02 | 39.3 | CRITICAL
2026-09-22 04:22:17 | WARD_B_TEMP_03 | 39.8 | CRITICAL
2026-09-22 04:22:17 | WARD_B_TEMP_04 | 38.0 | WARNING
2026-09-22 04:22:17 | WARD_B_TEMP_05 | 39.6 | CRITICAL
2026-09-22 04:22:18 | WARD_B_TEMP_01 | 37.3 | NORMAL
2026-09-22 04:22:18 | WARD_B_TEMP_02 | 34.8 | CRITICAL
2026-09-22 04:22:18 | WARD_B_TEMP_03 | 37.2 | NORMAL
2026-09-22 04:22:18 | WARD_B_TEMP_04 | 37.6 | WARNING
2026-09-22 04:22:18 | WARD_B_TEMP_05 | 38.9 | CRITICAL
2026-09-22 04:22:19 | WARD_B_TEMP_01 | 39.9 | CRITICAL
2026-09-22 04:22:19 | WARD_B_TEMP_02 | 36.6 | NORMAL
2026-09-22 04:22:19 | WARD_B_TEMP_03 | 36.6 | NORMAL
2026-09-22 04:22:19 | WARD_B_TEMP_04 | 36.0 | NORMAL
2026-09-22 04:22:19 | WARD_B_TEMP_05 | 35.9 | NORMAL
2026-09-22 04:22:20 | WARD_B_TEMP_01 | 39.1 | CRITICAL
2026-09-22 04:22:20 | WARD_B_TEMP_02 | 35.4 | CRITICAL
2026-09-22 04:22:20 | WARD_B_TEMP_03 | 35.0 | CRITICAL
2026-09-22 04:22:20 | WARD_B_TEMP_04 | 35.4 | CRITICAL
2026-09-22 04:22:20 | WARD_B_TEMP_05 | 38.7 | CRITICAL
2026-09-22 04:22:21 | WARD_B_TEMP_01 | 39.1 | CRITICAL
2026-09-22 04:22:21 | WARD_B_TEMP_02 | 36.9 | NORMAL
2026-09-22 04:22:21 | WARD_B_TEMP_03 | 35.2 | CRITICAL
2026-09-22 04:22:21 | WARD_B_TEMP_04 | 40.1 | CRITICAL
2026-09-22 04:22:21 | WARD_B_TEMP_05 | 35.4 | CRITICAL
2026-09-22 04:22:22 | WARD_B_TEMP_01 | 39.0 | CRITICAL
2026-09-22 04:22:22 | WARD_B_TEMP_02 | 37.9 | WARNING
2026-09-22 04:22:22 | WARD_B_TEMP_03 | 35.3 | CRITICAL
2026-09-22 04:22:22 | WARD_B_TEMP_04 | 40.5 | CRITICAL
2026-09-22 04:22:22 | WARD_B_TEMP_05 | 39.0 | CRITICAL
2026-09-22 04:22:23 | WARD_B_TEMP_01 | 36.0 | NORMAL
2026-09-22 04:22:23 | WARD_B_TEMP_02 | 38.8 | CRITICAL
2026-09-22 04:22:23 | WARD_B_TEMP_03 | 40.1 | CRITICAL
2026-09-22 04:22:23 | WARD_B_TEMP_04 | 35.3 | CRITICAL
2026-09-22 04:22:23 | WARD_B_TEMP_05 | 38.1 | CRITICAL
2026-09-22 04:22:24 | WARD_B_TEMP_01 | 35.8 | NORMAL
2026-09-22 04:22:24 | WARD_B_TEMP_02 | 37.7 | WARNING
2026-09-22 04:22:24 | WARD_B_TEMP_03 | 36.5 | NORMAL
2026-09-22 04:22:24 | WARD_B_TEMP_04 | 38.0 | WARNING
2026-09-22 04:22:24 | WARD_B_TEMP_05 | 40.1 | CRITICAL
2026-09-22 04:22:25 | WARD_B_TEMP_01 | 37.0 | NORMAL
2026-09-22 04:22:25 | WARD_B_TEMP_02 | 40.5 | CRITICAL
2026-09-22 04:22:25 | WARD_B_TEMP_03 | 39.6 | CRITICAL
2026-09-22 04:22:25 | WARD_B_TEMP_04 | 34.7 | CRITICAL
2026-09-22 04:22:25 | WARD_B_TEMP_05 | 37.4 | NORMAL
2026-09-22 04:22:26 | WARD_B_TEMP_01 | 40.2 | CRITICAL
2026-09-22 04:22:26 | WARD_B_TEMP_02 | 34.9 | CRITICAL
2026-09-22 04:22:26 | WARD_B_TEMP_03 | 35.1 | CRITICAL
2026-09-22 04:22:26 | WARD_B_TEMP_04 | 39.9 | CRITICAL
2026-09-22 04:22:26 | WARD_B_TEMP_05 | 34.7 | CRITICAL
2026-09-22 04:22:27 | WARD_B_TEMP_01 | 38.6 | CRITICAL
2026-09-22 04:22:27 | WARD_B_TEMP_02 | 35.4 | CRITICAL
2026-09-22 04:22:27 | WARD_B_TEMP_03 | 39.7 | CRITICAL
2026-09-22 04:22:27 | WARD_B_TEMP_04 | 37.7 | WARNING
2026-09-22 04:22:27 | WARD_B_TEMP_05 | 38.0 | WARNING
2026-09-22 04:22:28 | WARD_B_TEMP_01 | 38.5 | CRITICAL
2026-09-22 04:22:28 | WARD_B_TEMP_02 | 38.5 | CRITICAL
2026-09-22 04:22:28 | WARD_B_TEMP_03 | 35.8 | NORMAL
2026-09-22 04:22:28 | WARD_B_TEMP_04 | 38.3 | CRITICAL
2026-09-22 04:22:28 | WARD_B_TEMP_05 | 35.3 | CRITICAL
2026-09-22 04:22:29 | WARD_B_TEMP_01 | 35.1 | CRITICAL
2026-09-22 04:22:29 | WARD_B_TEMP_02 | 37.6 | WARNING
2026-09-22 04:22:29 | WARD_B_TEMP_03 | 37.7 | WARNING
2026-09-22 04:22:29 | WARD_B_TEMP_04 | 38.8 | CRITICAL
2026-09-22 04:22:29 | WARD_B_TEMP_05 | 38.1 | CRITICAL
2026-09-22 04:22:30 | WARD_B_TEMP_01 | 36.3 | NORMAL
2026-09-22 04:22:30 | WARD_B_TEMP_02 | 37.5 | WARNING
2026-09-22 04:22:30 | WARD_B_TEMP_03 | 36.1 | NORMAL
2026-09-22 04:22:30 | WARD_B_TEMP_04 | 36.8 | NORMAL
2026-09-22 04:22:30 | WARD_B_TEMP_05 | 36.5 | NORMAL
2026-09-22 04:22:31 | WARD_B_TEMP_01 | 40.3 | CRITICAL
2026-09-22 04:22:31 | WARD_B_TEMP_02 | 38.3 | CRITICAL
2026-09-22 04:22:31 | WARD_B_TEMP_03 | 36.5 | NORMAL
2026-09-22 04:22:31 | WARD_B_TEMP_04 | 37.5 | WARNING
2026-09-22 04:22:31 | WARD_B_TEMP_05 | 37.8 | WARNING
2026-09-22 04:22:32 | WARD_B_TEMP_01 | 35.9 | NORMAL
2026-09-22 04:22:32 | WARD_B_TEMP_02 | 39.0 | CRITICAL
2026-09-22 04:22:32 | WARD_B_TEMP_03 | 38.1 | CRITICAL
2026-09-22 04:22:32 | WARD_B_TEMP_04 | 38.7 | CRITICAL
2026-09-22 04:22:32 | WARD_B_TEMP_05 | 38.7 | CRITICAL
2026-09-22 04:22:33 | WARD_B_TEMP_01 | 37.4 | NORMAL
2026-09-22 04:22:33 | WARD_B_TEMP_02 | 40.0 | CRITICAL
2026-09-22 04:22:33 | WARD_B_TEMP_03 | 36.7 | NORMAL
2026-09-22 04:22:33 | WARD_B_TEMP_04 | 38.6 | CRITICAL
2026-09-22 04:22:33 | WARD_B_TEMP_05 | 39.6 | CRITICAL
2026-09-22 04:22:34 | WARD_B_TEMP_01 | 39.9 | CRITICAL
2026-09-22 04:22:34 | WARD_B_TEMP_02 | 36.6 | NORMAL
2026-09-22 04:22:34 | WARD_B_TEMP_03 | 39.0 | CRITICAL
2026-09-22 04:22:34 | WARD_B_TEMP_04 | 37.0 | NORMAL
2026-09-22 04:22:34 | WARD_B_TEMP_05 | 35.9 | NORMAL
2026-09-22 04:22:35 | WARD_B_TEMP_01 | 40.3 | CRITICAL
2026-09-22 04:22:35 | WARD_B_TEMP_02 | 39.6 | CRITICAL
2026-09-22 04:22:35 | WARD_B_TEMP_03 | 36.8 | NORMAL
2026-09-22 04:22:35 | WARD_B_TEMP_04 | 35.9 | NORMAL
2026-09-22 04:22:35 | WARD_B_TEMP_05 | 35.1 | CRITICAL
2026-09-22 04:22:36 | WARD_B_TEMP_01 | 37.2 | NORMAL
2026-09-22 04:22:36 | WARD_B_TEMP_02 | 36.3 | NORMAL
2026-09-22 04:22:36 | WARD_B_TEMP_03 | 40.3 | CRITICAL
2026-09-22 04:22:36 | WARD_B_TEMP_04 | 36.0 | NORMAL
2026-09-22 04:22:36 | WARD_B_TEMP_05 | 36.9 | NORMAL
2026-09-22 04:22:37 | WARD_B_TEMP_01 | 40.0 | CRITICAL
2026-09-22 04:22:37 | WARD_B_TEMP_02 | 38.4 | CRITICAL
2026-09-22 04:22:37 | WARD_B_TEMP_03 | 36.4 | NORMAL
2026-09-22 04:22:37 | WARD_B_TEMP_04 | 38.6 | CRITICAL
2026-09-22 04:22:37 | WARD_B_TEMP_05 | 35.2 | CRITICAL
2026-09-22 04:22:38 | WARD_B_TEMP_01 | 40.0 | CRITICAL
2026-09-22 04:22:38 | WARD_B_TEMP_02 | 40.0 | CRITICAL
2026-09-22 04:22:38 | WARD_B_TEMP_03 | 38.1 | CRITICAL
2026-09-22 04:22:38 | WARD_B_TEMP_04 | 35.0 | CRITICAL
2026-09-22 04:22:38 | WARD_B_TEMP_05 | 34.6 | CRITICAL
2026-09-22 04:22:39 | WARD_B_TEMP_01 | 38.9 | CRITICAL
2026-09-22 04:22:39 | WARD_B_TEMP_02 | 40.0 | CRITICAL
2026-09-22 04:22:39 | WARD_B_TEMP_03 | 36.3 | NORMAL
2026-09-22 04:22:39 | WARD_B_TEMP_04 | 34.9 | CRITICAL
2026-09-22 04:22:39 | WARD_B_TEMP_05 | 35.2 | CRITICAL
2026-09-22 04:22:40 | WARD_B_TEMP_01 | 36.6 | NORMAL
2026-09-22 04:22:40 | WARD_B_TEMP_02 | 38.2 | CRITICAL
2026-09-22 04:22:40 | WARD_B_TEMP_03 | 37.6 | WARNING
2026-09-22 04:22:40 | WARD_B_TEMP_04 | 36.4 | NORMAL
2026-09-22 04:22:40 | WARD_B_TEMP_05 | 37.7 | WARNING
2026-09-22 04:22:41 | WARD_B_TEMP_01 | 36.5 | NORMAL
2026-09-22 04:22:41 | WARD_B_TEMP_02 | 37.5 | WARNING
2026-09-22 04:22:41 | WARD_B_TEMP_03 | 36.8 | NORMAL
2026-09-22 04:22:41 | WARD_B_TEMP_04 | 36.9 | NORMAL
2026-09-22 04:22:41 | WARD_B_TEMP_05 | 38.9 | CRITICAL
2026-09-22 04:22:42 | WARD_B_TEMP_01 | 35.2 | CRITICAL
2026-09-22 04:22:42 | WARD_B_TEMP_02 | 37.7 | WARNING
2026-09-22 04:22:42 | WARD_B_TEMP_03 | 35.2 | CRITICAL
2026-09-22 04:22:42 | WARD_B_TEMP_04 | 37.4 | NORMAL
2026-09-22 04:22:42 | WARD_B_TEMP_05 | 36.4 | NORMAL
2026-09-22 04:22:43 | WARD_B_TEMP_01 | 40.4 | CRITICAL
2026-09-22 04:22:43 | WARD_B_TEMP_02 | 35.0 | CRITICAL
2026-09-22 04:22:43 | WARD_B_TEMP_03 | 37.9 | WARNING
2026-09-22 04:22:43 | WARD_B_TEMP_04 | 38.1 | CRITICAL
2026-09-22 04:22:43 | WARD_B_TEMP_05 | 36.9 | NORMAL
2026-09-22 04:22:44 | WARD_B_TEMP_01 | 36.9 | NORMAL
2026-09-22 04:22:44 | WARD_B_TEMP_02 | 37.2 | NORMAL
2026-09-22 04:22:44 | WARD_B_TEMP_03 | 34.8 | CRITICAL
2026-09-22 04:22:44 | WARD_B_TEMP_04 | 39.1 | CRITICAL
2026-09-22 04:22:44 | WARD_B_TEMP_05 | 38.0 | WARNING
2026-09-22 04:22:45 | WARD_B_TEMP_01 | 38.4 | CRITICAL
2026-09-22 04:22:45 | WARD_B_TEMP_02 | 39.3 | CRITICAL
2026-09-22 04:22:45 | WARD_B_TEMP_03 | 38.9 | CRITICAL
2026-09-22 04:22:45 | WARD_B_TEMP_04 | 36.1 | NORMAL
2026-09-22 04:22:45 | WARD_B_TEMP_05 | 39.4 | CRITICAL
2026-09-22 04:22:46 | WARD_B_TEMP_01 | 39.4 | CRITICAL
2026-09-22 04:22:46 | WARD_B_TEMP_02 | 39.7 | CRITICAL
2026-09-22 04:22:46 | WARD_B_TEMP_03 | 38.1 | CRITICAL
2026-09-22 04:22:46 | WARD_B_TEMP_04 | 34.8 | CRITICAL
2026-09-22 04:22:46 | WARD_B_TEMP_05 | 39.1 | CRITICAL
2026-09-22 04:22:47 | WARD_B_TEMP_01 | 36.0 | NORMAL
2026-09-22 04:22:47 | WARD_B_TEMP_02 | 38.3 | CRITICAL
2026-09-22 04:22:47 | WARD_B_TEMP_03 | 38.0 | WARNING
2026-09-22 04:22:47 | WARD_B_TEMP_04 | 34.8 | CRITICAL
2026-09-22 04:22:47 | WARD_B_TEMP_05 | 35.4 | CRITICAL
2026-09-22 04:22:48 | WARD_B_TEMP_01 | 39.8 | CRITICAL
2026-09-22 04:22:48 | WARD_B_TEMP_02 | 35.7 | NORMAL
2026-09-22 04:22:48 | WARD_B_TEMP_03 | 35.4 | CRITICAL
2026-09-22 04:22:48 | WARD_B_TEMP_04 | 39.2 | CRITICAL
2026-09-22 04:22:48 | WARD_B_TEMP_05 | 34.8 | CRITICAL
2026-09-22 04:22:49 | WARD_B_TEMP_01 | 40.4 | CRITICAL
2026-09-22 04:22:49 | WARD_B_TEMP_02 | 38.4 | CRITICAL
2026-09-22 04:22:49 | WARD_B_TEMP_03 | 38.5 | CRITICAL
2026-09-22 04:22:49 | WARD_B_TEMP_04 | 36.3 | NORMAL
2026-09-22 04:22:49 | WARD_B_TEMP_05 | 38.2 | CRITICAL
2026-09-22 04:22:50 | WARD_B_TEMP_01 | 38.8 | CRITICAL
2026-09-22 04:22:50 | WARD_B_TEMP_02 | 38.6 | CRITICAL
2026-09-22 04:22:50 | WARD_B_TEMP_03 | 35.5 | NORMAL
2026-09-22 04:22:50 | WARD_B_TEMP_04 | 36.5 | NORMAL
2026-09-22 04:22:50 | WARD_B_TEMP_05 | 39.4 | CRITICAL
2026-09-22 04:22:51 | WARD_B_TEMP_01 | 34.6 | CRITICAL
2026-09-22 04:22:51 | WARD_B_TEMP_02 | 38.5 | CRITICAL
2026-09-22 04:22:51 | WARD_B_TEMP_03 | 37.1 | NORMAL
2026-09-22 04:22:51 | WARD_B_TEMP_04 | 38.4 | CRITICAL
2026-09-22 04:22:51 | WARD_B_TEMP_05 | 35.7 | NORMAL
2026-09-22 04:22:52 | WARD_B_TEMP_01 | 39.1 | CRITICAL
2026-09-22 04:22:52 | WARD_B_TEMP_02 | 34.8 | CRITICAL
2026-09-22 04:22:52 | WARD_B_TEMP_03 | 39.1 | CRITICAL
2026-09-22 04:22:52 | WARD_B_TEMP_04 | 35.4 | CRITICAL
2026-09-22 04:22:52 | WARD_B_TEMP_05 | 35.3 | CRITICAL
2026-09-22 04:22:53 | WARD_B_TEMP_01 | 39.6 | CRITICAL
2026-09-22 04:22:53 | WARD_B_TEMP_02 | 39.3 | CRITICAL
2026-09-22 04:22:53 | WARD_B_TEMP_03 | 36.1 | NORMAL
2026-09-22 04:22:53 | WARD_B_TEMP_04 | 35.6 | NORMAL
2026-09-22 04:22:53 | WARD_B_TEMP_05 | 39.5 | CRITICAL
2026-09-22 04:22:54 | WARD_B_TEMP_01 | 36.2 | NORMAL
2026-09-22 04:22:54 | WARD_B_TEMP_02 | 34.6 | CRITICAL
2026-09-22 04:22:54 | WARD_B_TEMP_03 | 39.3 | CRITICAL
2026-09-22 04:22:54 | WARD_B_TEMP_04 | 35.4 | CRITICAL
2026-09-22 04:22:54 | WARD_B_TEMP_05 | 37.7 | WARNING
2026-09-22 04:22:55 | WARD_B_TEMP_01 | 38.5 | CRITICAL
2026-09-22 04:22:55 | WARD_B_TEMP_02 | 37.4 | NORMAL
2026-09-22 04:22:55 | WARD_B_TEMP_03 | 39.6 | CRITICAL
2026-09-22 04:22:55 | WARD_B_TEMP_04 | 36.3 | NORMAL
2026-09-22 04:22:55 | WARD_B_TEMP_05 | 34.9 | CRITICAL
2026-09-22 04:22:56 | WARD_B_TEMP_01 | 38.3 | CRITICAL
2026-09-22 04:22:56 | WARD_B_TEMP_02 | 39.3 | CRITICAL
2026-09-22 04:22:56 | WARD_B_TEMP_03 | 36.6 | NORMAL
2026-09-22 04:22:56 | WARD_B_TEMP_04 | 37.1 | NORMAL
2026-09-22 04:22:56 | WARD_B_TEMP_05 | 39.7 | CRITICAL
2026-09-22 04:22:57 | WARD_B_TEMP_01 | 34.9 | CRITICAL
2026-09-22 04:22:57 | WARD_B_TEMP_02 | 38.4 | CRITICAL
2026-09-22 04:22:57 | WARD_B_TEMP_03 | 36.2 | NORMAL
2026-09-22 04:22:57 | WARD_B_TEMP_04 | 39.3 | CRITICAL
2026-09-22 04:22:57 | WARD_B_TEMP_05 | 35.5 | NORMAL
2026-09-22 04:22:58 | WARD_B_TEMP_01 | 39.7 | CRITICAL
2026-09-22 04:22:58 | WARD_B_TEMP_02 | 40.1 | CRITICAL
2026-09-22 04:22:58 | WARD_B_TEMP_03 | 37.1 | NORMAL
2026-09-22 04:22:58 | WARD_B_TEMP_04 | 36.8 | NORMAL
2026-09-22 04:22:58 | WARD_B_TEMP_05 | 35.9 | NORMAL
2026-09-22 04:22:59 | WARD_B_TEMP_01 | 34.8 | CRITICAL
2026-09-22 04:22:59 | WARD_B_TEMP_02 | 39.3 | CRITICAL
2026-09-22 04:22:59 | WARD_B_TEMP_03 | 37.3 | NORMAL
2026-09-22 04:22:59 | WARD_B_TEMP_04 | 37.1 | NORMAL
2026-09-22 04:22:59 | WARD_B_TEMP_05 | 39.2 | CRITICAL
2026-09-22 04:23:00 | WARD_B_TEMP_01 | 39.2 | CRITICAL
2026-09-22 04:23:00 | WARD_B_TEMP_02 | 40.3 | CRITICAL
2026-09-22 04:23:00 | WARD_B_TEMP_03 | 37.8 | WARNING
2026-09-22 04:23:00 | WARD_B_TEMP_04 | 35.6 | NORMAL
2026-09-22 04:23:00 | WARD_B_TEMP_05 | 36.9 | NORMAL
2026-09-22 04:23:01 | WARD_B_TEMP_01 | 36.0 | NORMAL
2026-09-22 04:23:01 | WARD_B_TEMP_02 | 37.4 | NORMAL
2026-09-22 04:23:01 | WARD_B_TEMP_03 | 34.7 | CRITICAL
2026-09-22 04:23:01 | WARD_B_TEMP_04 | 37.2 | NORMAL
2026-09-22 04:23:01 | WARD_B_TEMP_05 | 37.7 | WARNING
2026-09-22 04:23:02 | WARD_B_TEMP_01 | 34.6 | CRITICAL
2026-09-22 04:23:02 | WARD_B_TEMP_02 | 37.2 | NORMAL
2026-09-22 04:23:02 | WARD_B_TEMP_03 | 34.9 | CRITICAL
2026-09-22 04:23:02 | WARD_B_TEMP_04 | 35.9 | NORMAL
2026-09-22 04:23:02 | WARD_B_TEMP_05 | 35.6 | NORMAL
2026-09-22 04:23:03 | WARD_B_TEMP_01 | 35.0 | CRITICAL
2026-09-22 04:23:03 | WARD_B_TEMP_02 | 34.7 | CRITICAL
2026-09-22 04:23:03 | WARD_B_TEMP_03 | 39.1 | CRITICAL
2026-09-22 04:23:03 | WARD_B_TEMP_04 | 35.5 | NORMAL
2026-09-22 04:23:03 | WARD_B_TEMP_05 | 34.6 | CRITICAL
2026-09-22 04:23:04 | WARD_B_TEMP_01 | 37.4 | NORMAL
2026-09-22 04:23:04 | WARD_B_TEMP_02 | 39.2 | CRITICAL
2026-09-22 04:23:04 | WARD_B_TEMP_03 | 38.1 | CRITICAL
2026-09-22 04:23:04 | WARD_B_TEMP_04 | 38.6 | CRITICAL
2026-09-22 04:23:04 | WARD_B_TEMP_05 | 35.9 | NORMAL
2026-09-22 04:23:05 | WARD_B_TEMP_01 | 34.9 | CRITICAL
2026-09-22 04:23:05 | WARD_B_TEMP_02 | 35.0 | CRITICAL
2026-09-22 04:23:05 | WARD_B_TEMP_03 | 40.0 | CRITICAL
2026-09-22 04:23:05 | WARD_B_TEMP_04 | 34.7 | CRITICAL
2026-09-22 04:23:05 | WARD_B_TEMP_05 | 35.1 | CRITICAL
2026-09-22 04:23:06 | WARD_B_TEMP_01 | 37.3 | NORMAL
2026-09-22 04:23:06 | WARD_B_TEMP_02 | 37.2 | NORMAL
2026-09-22 04:23:06 | WARD_B_TEMP_03 | 35.1 | CRITICAL
2026-09-22 04:23:06 | WARD_B_TEMP_04 | 40.5 | CRITICAL
2026-09-22 04:23:06 | WARD_B_TEMP_05 | 36.0 | NORMAL
2026-09-22 04:23:07 | WARD_B_TEMP_01 | 39.6 | CRITICAL
2026-09-22 04:23:07 | WARD_B_TEMP_02 | 37.0 | NORMAL
2026-09-22 04:23:07 | WARD_B_TEMP_03 | 40.2 | CRITICAL
2026-09-22 04:23:07 | WARD_B_TEMP_04 | 39.0 | CRITICAL
2026-09-22 04:23:07 | WARD_B_TEMP_05 | 38.4 | CRITICAL
2026-09-22 04:23:08 | WARD_B_TEMP_01 | 38.1 | CRITICAL
2026-09-22 04:23:08 | WARD_B_TEMP_02 | 36.2 | NORMAL
2026-09-22 04:23:08 | WARD_B_TEMP_03 | 39.8 | CRITICAL
2026-09-22 04:23:08 | WARD_B_TEMP_04 | 38.1 | CRITICAL
2026-09-22 04:23:08 | WARD_B_TEMP_05 | 38.4 | CRITICAL
2026-09-22 04:23:09 | WARD_B_TEMP_01 | 39.0 | CRITICAL
2026-09-22 04:23:09 | WARD_B_TEMP_02 | 36.8 | NORMAL
2026-09-22 04:23:09 | WARD_B_TEMP_03 | 35.8 | NORMAL
2026-09-22 04:23:09 | WARD_B_TEMP_04 | 39.5 | CRITICAL
2026-09-22 04:23:09 | WARD_B_TEMP_05 | 35.5 | NORMAL
2026-09-22 04:23:10 | WARD_B_TEMP_01 | 40.1 | CRITICAL
2026-09-22 04:23:10 | WARD_B_TEMP_02 | 36.5 | NORMAL
2026-09-22 04:23:10 | WARD_B_TEMP_03 | 39.7 | CRITICAL
2026-09-22 04:23:10 | WARD_B_TEMP_04 | 38.0 | WARNING
2026-09-22 04:23:10 | WARD_B_TEMP_05 | 39.6 | CRITICAL
2026-09-22 04:23:11 | WARD_B_TEMP_01 | 37.8 | WARNING
2026-09-22 04:23:11 | WARD_B_TEMP_02 | 35.9 | NORMAL
2026-09-22 04:23:11 | WARD_B_TEMP_03 | 36.7 | NORMAL
2026-09-22 04:23:11 | WARD_B_TEMP_04 | 37.5 | WARNING
2026-09-22 04:23:11 | WARD_B_TEMP_05 | 39.3 | CRITICAL
2026-09-22 04:23:12 | WARD_B_TEMP_01 | 36.7 | NORMAL
2026-09-22 04:23:12 | WARD_B_TEMP_02 | 40.2 | CRITICAL
2026-09-22 04:23:12 | WARD_B_TEMP_03 | 39.2 | CRITICAL
2026-09-22 04:23:12 | WARD_B_TEMP_04 | 40.4 | CRITICAL
2026-09-22 04:23:12 | WARD_B_TEMP_05 | 36.7 | NORMAL
2026-09-22 04:23:13 | WARD_B_TEMP_01 | 39.1 | CRITICAL
2026-09-22 04:23:13 | WARD_B_TEMP_02 | 35.0 | CRITICAL
2026-09-22 04:23:13 | WARD_B_TEMP_03 | 36.5 | NORMAL
2026-09-22 04:23:13 | WARD_B_TEMP_04 | 35.9 | NORMAL
2026-09-22 04:23:13 | WARD_B_TEMP_05 | 38.5 | CRITICAL
2026-09-22 04:23:14 | WARD_B_TEMP_01 | 36.0 | NORMAL
2026-09-22 04:23:14 | WARD_B_TEMP_02 | 36.3 | NORMAL
2026-09-22 04:23:14 | WARD_B_TEMP_03 | 36.8 | NORMAL
2026-09-22 04:23:14 | WARD_B_TEMP_04 | 37.9 | WARNING
2026-09-22 04:23:14 | WARD_B_TEMP_05 | 39.1 | CRITICAL
2026-09-22 04:23:15 | WARD_B_TEMP_01 | 37.6 | WARNING
2026-09-22 04:23:15 | WARD_B_TEMP_02 | 39.3 | CRITICAL
2026-09-22 04:23:15 | WARD_B_TEMP_03 | 40.4 | CRITICAL
2026-09-22 04:23:15 | WARD_B_TEMP_04 | 38.8 | CRITICAL
2026-09-22 04:23:15 | WARD_B_TEMP_05 | 38.5 | CRITICAL
2026-09-22 04:23:16 | WARD_B_TEMP_01 | 37.8 | WARNING
2026-09-22 04:23:16 | WARD_B_TEMP_02 | 38.2 | CRITICAL
2026-09-22 04:23:16 | WARD_B_TEMP_03 | 37.0 | NORMAL
2026-09-22 04:23:16 | WARD_B_TEMP_04 | 37.7 | WARNING
2026-09-22 04:23:16 | WARD_B_TEMP_05 | 39.4 | CRITICAL
2026-09-22 04:23:17 | WARD_B_TEMP_01 | 35.7 | NORMAL
2026-09-22 04:23:17 | WARD_B_TEMP_02 | 34.9 | CRITICAL
2026-09-22 04:23:17 | WARD_B_TEMP_03 | 37.3 | NORMAL
2026-09-22 04:23:17 | WARD_B_TEMP_04 | 38.0 | WARNING
2026-09-22 04:23:17 | WARD_B_TEMP_05 | 38.9 | CRITICAL
2026-09-22 04:23:18 | WARD_B_TEMP_01 | 35.3 | CRITICAL
2026-09-22 04:23:18 | WARD_B_TEMP_02 | 36.0 | NORMAL
2026-09-22 04:23:18 | WARD_B_TEMP_03 | 35.5 | NORMAL
2026-09-22 04:23:18 | WARD_B_TEMP_04 | 34.9 | CRITICAL
2026-09-22 04:23:18 | WARD_B_TEMP_05 | 36.7 | NORMAL
2026-09-22 04:23:19 | WARD_B_TEMP_01 | 37.0 | NORMAL
2026-09-22 04:23:19 | WARD_B_TEMP_02 | 37.0 | NORMAL
2026-09-22 04:23:19 | WARD_B_TEMP_03 | 35.3 | CRITICAL
2026-09-22 04:23:19 | WARD_B_TEMP_04 | 39.9 | CRITICAL
2026-09-22 04:23:19 | WARD_B_TEMP_05 | 35.7 | NORMAL
2026-09-22 04:23:20 | WARD_B_TEMP_01 | 39.1 | CRITICAL
2026-09-22 04:23:20 | WARD_B_TEMP_02 | 36.1 | NORMAL
2026-09-22 04:23:20 | WARD_B_TEMP_03 | 36.3 | NORMAL
2026-09-22 04:23:20 | WARD_B_TEMP_04 | 39.5 | CRITICAL
2026-09-22 04:23:20 | WARD_B_TEMP_05 | 39.7 | CRITICAL
2026-09-22 04:23:21 | WARD_B_TEMP_01 | 36.3 | NORMAL
2026-09-22 04:23:21 | WARD_B_TEMP_02 | 39.3 | CRITICAL
2026-09-22 04:23:21 | WARD_B_TEMP_03 | 38.3 | CRITICAL
2026-09-22 04:23:21 | WARD_B_TEMP_04 | 39.1 | CRITICAL
2026-09-22 04:23:21 | WARD_B_TEMP_05 | 39.8 | CRITICAL
2026-09-22 04:23:22 | WARD_B_TEMP_01 | 34.9 | CRITICAL
2026-09-22 04:23:22 | WARD_B_TEMP_02 | 36.2 | NORMAL
2026-09-22 04:23:22 | WARD_B_TEMP_03 | 39.0 | CRITICAL
2026-09-22 04:23:22 | WARD_B_TEMP_04 | 36.1 | NORMAL
2026-09-22 04:23:22 | WARD_B_TEMP_05 | 37.1 | NORMAL
2026-09-22 04:23:23 | WARD_B_TEMP_01 | 37.2 | NORMAL
2026-09-22 04:23:23 | WARD_B_TEMP_02 | 38.4 | CRITICAL
2026-09-22 04:23:23 | WARD_B_TEMP_03 | 40.1 | CRITICAL
2026-09-22 04:23:23 | WARD_B_TEMP_04 | 39.4 | CRITICAL
2026-09-22 04:23:23 | WARD_B_TEMP_05 | 35.6 | NORMAL
2026-09-22 04:23:24 | WARD_B_TEMP_01 | 35.3 | CRITICAL
2026-09-22 04:23:24 | WARD_B_TEMP_02 | 34.7 | CRITICAL
2026-09-22 04:23:24 | WARD_B_TEMP_03 | 36.0 | NORMAL
2026-09-22 04:23:24 | WARD_B_TEMP_04 | 34.6 | CRITICAL
2026-09-22 04:23:24 | WARD_B_TEMP_05 | 35.5 | NORMAL
2026-09-22 04:23:25 | WARD_B_TEMP_01 | 37.6 | WARNING
2026-09-22 04:23:25 | WARD_B_TEMP_02 | 40.4 | CRITICAL
2026-09-22 04:23:25 | WARD_B_TEMP_03 | 35.3 | CRITICAL
2026-09-22 04:23:25 | WARD_B_TEMP_04 | 38.4 | CRITICAL
2026-09-22 04:23:25 | WARD_B_TEMP_05 | 39.1 | CRITICAL
2026-09-22 04:23:26 | WARD_B_TEMP_01 | 37.6 | WARNING
2026-09-22 04:23:26 | WARD_B_TEMP_02 | 40.2 | CRITICAL
2026-09-22 04:23:26 | WARD_B_TEMP_03 | 34.7 | CRITICAL
2026-09-22 04:23:26 | WARD_B_TEMP_04 | 34.8 | CRITICAL
2026-09-22 04:23:26 | WARD_B_TEMP_05 | 36.4 | NORMAL
2026-09-22 04:23:27 | WARD_B_TEMP_01 | 40.3 | CRITICAL
2026-09-22 04:23:27 | WARD_B_TEMP_02 | 40.1 | CRITICAL
2026-09-22 04:23:27 | WARD_B_TEMP_03 | 39.5 | CRITICAL
2026-09-22 04:23:27 | WARD_B_TEMP_04 | 35.0 | CRITICAL
2026-09-22 04:23:27 | WARD_B_TEMP_05 | 39.6 | CRITICAL
2026-09-22 04:23:28 | WARD_B_TEMP_01 | 35.3 | CRITICAL
2026-09-22 04:23:28 | WARD_B_TEMP_02 | 36.2 | NORMAL
2026-09-22 04:23:28 | WARD_B_TEMP_03 | 34.7 | CRITICAL
2026-09-22 04:23:28 | WARD_B_TEMP_04 | 39.4 | CRITICAL
2026-09-22 04:23:28 | WARD_B_TEMP_05 | 37.2 | NORMAL
2026-09-22 04:23:29 | WARD_B_TEMP_01 | 40.5 | CRITICAL
2026-09-22 04:23:29 | WARD_B_TEMP_02 | 39.1 | CRITICAL
2026-09-22 04:23:29 | WARD_B_TEMP_03 | 34.7 | CRITICAL
2026-09-22 04:23:29 | WARD_B_TEMP_04 | 34.7 | CRITICAL
2026-09-22 04:23:29 | WARD_B_TEMP_05 | 39.1 | CRITICAL
2026-09-22 04:23:30 | WARD_B_TEMP_01 | 36.0 | NORMAL
2026-09-22 04:23:30 | WARD_B_TEMP_02 | 37.9 | WARNING
2026-09-22 04:23:30 | WARD_B_TEMP_03 | 36.5 | NORMAL
2026-09-22 04:23:30 | WARD_B_TEMP_04 | 37.1 | NORMAL
2026-09-22 04:23:30 | WARD_B_TEMP_05 | 34.8 | CRITICAL
2026-09-22 04:23:31 | WARD_B_TEMP_01 | 39.1 | CRITICAL
2026-09-22 04:23:31 | WARD_B_TEMP_02 | 35.2 | CRITICAL
2026-09-22 04:23:31 | WARD_B_TEMP_03 | 40.2 | CRITICAL
2026-09-22 04:23:31 | WARD_B_TEMP_04 | 40.1 | CRITICAL
2026-09-22 04:23:31 | WARD_B_TEMP_05 | 38.4 | CRITICAL
2026-09-22 04:23:32 | WARD_B_TEMP_01 | 35.5 | NORMAL
2026-09-22 04:23:32 | WARD_B_TEMP_02 | 39.3 | CRITICAL
2026-09-22 04:23:32 | WARD_B_TEMP_03 | 35.9 | NORMAL
2026-09-22 04:23:32 | WARD_B_TEMP_04 | 39.4 | CRITICAL
2026-09-22 04:23:32 | WARD_B_TEMP_05 | 35.9 | NORMAL
2026-09-22 04:23:33 | WARD_B_TEMP_01 | 36.8 | NORMAL
2026-09-22 04:23:33 | WARD_B_TEMP_02 | 39.8 | CRITICAL
2026-09-22 04:23:33 | WARD_B_TEMP_03 | 38.2 | CRITICAL
2026-09-22 04:23:33 | WARD_B_TEMP_04 | 36.4 | NORMAL
2026-09-22 04:23:33 | WARD_B_TEMP_05 | 39.3 | CRITICAL
2026-09-22 04:23:34 | WARD_B_TEMP_01 | 35.5 | NORMAL
2026-09-22 04:23:34 | WARD_B_TEMP_02 | 40.2 | CRITICAL
2026-09-22 04:23:34 | WARD_B_TEMP_03 | 35.4 | CRITICAL
2026-09-22 04:23:34 | WARD_B_TEMP_04 | 38.0 | WARNING
2026-09-22 04:23:34 | WARD_B_TEMP_05 | 36.6 | NORMAL
2026-09-22 04:23:35 | WARD_B_TEMP_01 | 38.3 | CRITICAL
2026-09-22 04:23:35 | WARD_B_TEMP_02 | 39.6 | CRITICAL
2026-09-22 04:23:35 | WARD_B_TEMP_03 | 39.0 | CRITICAL
2026-09-22 04:23:35 | WARD_B_TEMP_04 | 38.0 | WARNING
2026-09-22 04:23:35 | WARD_B_TEMP_05 | 39.8 | CRITICAL
2026-09-22 04:23:36 | WARD_B_TEMP_01 | 37.1 | NORMAL
2026-09-22 04:23:36 | WARD_B_TEMP_02 | 37.7 | WARNING
2026-09-22 04:23:36 | WARD_B_TEMP_03 | 40.5 | CRITICAL
2026-09-22 04:23:36 | WARD_B_TEMP_04 | 35.5 | NORMAL
2026-09-22 04:23:36 | WARD_B_TEMP_05 | 37.2 | NORMAL
2026-09-22 04:23:37 | WARD_B_TEMP_01 | 39.4 | CRITICAL
2026-09-22 04:23:37 | WARD_B_TEMP_02 | 37.6 | WARNING
2026-09-22 04:23:37 | WARD_B_TEMP_03 | 36.4 | NORMAL
2026-09-22 04:23:37 | WARD_B_TEMP_04 | 35.9 | NORMAL
2026-09-22 04:23:37 | WARD_B_TEMP_05 | 40.2 | CRITICAL
2026-09-22 04:23:38 | WARD_B_TEMP_01 | 36.4 | NORMAL
2026-09-22 04:23:38 | WARD_B_TEMP_02 | 34.9 | CRITICAL
2026-09-22 04:23:38 | WARD_B_TEMP_03 | 36.3 | NORMAL
2026-09-22 04:23:38 | WARD_B_TEMP_04 | 38.9 | CRITICAL
2026-09-22 04:23:38 | WARD_B_TEMP_05 | 35.7 | NORMAL
2026-09-22 04:23:39 | WARD_B_TEMP_01 | 39.4 | CRITICAL
2026-09-22 04:23:39 | WARD_B_TEMP_02 | 36.9 | NORMAL
2026-09-22 04:23:39 | WARD_B_TEMP_03 | 39.1 | CRITICAL
2026-09-22 04:23:39 | WARD_B_TEMP_04 | 39.3 | CRITICAL
2026-09-22 04:23:39 | WARD_B_TEMP_05 | 38.1 | CRITICAL
2026-09-22 04:23:40 | WARD_B_TEMP_01 | 39.7 | CRITICAL
2026-09-22 04:23:40 | WARD_B_TEMP_02 | 36.7 | NORMAL
2026-09-22 04:23:40 | WARD_B_TEMP_03 | 37.7 | WARNING
2026-09-22 04:23:40 | WARD_B_TEMP_04 | 35.9 | NORMAL
2026-09-22 04:23:40 | WARD_B_TEMP_05 | 37.8 | WARNING
2026-09-22 04:23:41 | WARD_B_TEMP_01 | 35.6 | NORMAL
2026-09-22 04:23:41 | WARD_B_TEMP_02 | 39.3 | CRITICAL
2026-09-22 04:23:41 | WARD_B_TEMP_03 | 39.3 | CRITICAL
2026-09-22 04:23:41 | WARD_B_TEMP_04 | 35.5 | NORMAL
2026-09-22 04:23:41 | WARD_B_TEMP_05 | 37.0 | NORMAL
2026-09-22 04:23:42 | WARD_B_TEMP_01 | 36.2 | NORMAL
2026-09-22 04:23:42 | WARD_B_TEMP_02 | 35.4 | CRITICAL
2026-09-22 04:23:42 | WARD_B_TEMP_03 | 40.2 | CRITICAL
2026-09-22 04:23:42 | WARD_B_TEMP_04 | 39.6 | CRITICAL
2026-09-22 04:23:42 | WARD_B_TEMP_05 | 37.4 | NORMAL
2026-09-22 04:23:43 | WARD_B_TEMP_01 | 39.8 | CRITICAL
2026-09-22 04:23:43 | WARD_B_TEMP_02 | 36.2 | NORMAL
2026-09-22 04:23:43 | WARD_B_TEMP_03 | 34.9 | CRITICAL
2026-09-22 04:23:43 | WARD_B_TEMP_04 | 34.6 | CRITICAL
2026-09-22 04:23:43 | WARD_B_TEMP_05 | 40.1 | CRITICAL
2026-09-22 04:23:44 | WARD_B_TEMP_01 | 34.5 | CRITICAL
2026-09-22 04:23:44 | WARD_B_TEMP_02 | 40.0 | CRITICAL
2026-09-22 04:23:44 | WARD_B_TEMP_03 | 38.2 | CRITICAL
2026-09-22 04:23:44 | WARD_B_TEMP_04 | 35.8 | NORMAL
2026-09-22 04:23:44 | WARD_B_TEMP_05 | 36.9 | NORMAL
2026-09-22 04:23:45 | WARD_B_TEMP_01 | 37.0 | NORMAL
2026-09-22 04:23:45 | WARD_B_TEMP_02 | 35.5 | NORMAL
2026-09-22 04:23:45 | WARD_B_TEMP_03 | 34.6 | CRITICAL
2026-09-22 04:23:45 | WARD_B_TEMP_04 | 36.1 | NORMAL
2026-09-22 04:23:45 | WARD_B_TEMP_05 | 36.5 | NORMAL
2026-09-22 04:23:46 | WARD_B_TEMP_01 | 38.1 | CRITICAL
2026-09-22 04:23:46 | WARD_B_TEMP_02 | 34.7 | CRITICAL
2026-09-22 04:23:46 | WARD_B_TEMP_03 | 39.3 | CRITICAL
2026-09-22 04:23:46 | WARD_B_TEMP_04 | 39.5 | CRITICAL
2026-09-22 04:23:46 | WARD_B_TEMP_05 | 35.3 | CRITICAL
2026-09-22 04:23:47 | WARD_B_TEMP_01 | 36.3 | NORMAL
2026-09-22 04:23:47 | WARD_B_TEMP_02 | 40.1 | CRITICAL
2026-09-22 04:23:47 | WARD_B_TEMP_03 | 36.8 | NORMAL
2026-09-22 04:23:47 | WARD_B_TEMP_04 | 35.7 | NORMAL
2026-09-22 04:23:47 | WARD_B_TEMP_05 | 34.5 | CRITICAL
2026-09-22 04:23:48 | WARD_B_TEMP_01 | 38.2 | CRITICAL
2026-09-22 04:23:48 | WARD_B_TEMP_02 | 35.5 | NORMAL
2026-09-22 04:23:48 | WARD_B_TEMP_03 | 37.2 | NORMAL
2026-09-22 04:23:48 | WARD_B_TEMP_04 | 37.9 | WARNING
2026-09-22 04:23:48 | WARD_B_TEMP_05 | 35.4 | CRITICAL
2026-09-22 04:23:49 | WARD_B_TEMP_01 | 34.6 | CRITICAL
2026-09-22 04:23:49 | WARD_B_TEMP_02 | 35.8 | NORMAL
2026-09-22 04:23:49 | WARD_B_TEMP_03 | 40.2 | CRITICAL
2026-09-22 04:23:49 | WARD_B_TEMP_04 | 35.3 | CRITICAL
2026-09-22 04:23:49 | WARD_B_TEMP_05 | 38.7 | CRITICAL
2026-09-22 04:23:50 | WARD_B_TEMP_01 | 36.0 | NORMAL
2026-09-22 04:23:50 | WARD_B_TEMP_02 | 40.1 | CRITICAL
2026-09-22 04:23:50 | WARD_B_TEMP_03 | 40.2 | CRITICAL
2026-09-22 04:23:50 | WARD_B_TEMP_04 | 38.2 | CRITICAL
2026-09-22 04:23:50 | WARD_B_TEMP_05 | 35.4 | CRITICAL
2026-09-22 04:23:51 | WARD_B_TEMP_01 | 38.5 | CRITICAL
2026-09-22 04:23:51 | WARD_B_TEMP_02 | 36.3 | NORMAL
2026-09-22 04:23:51 | WARD_B_TEMP_03 | 37.6 | WARNING
2026-09-22 04:23:51 | WARD_B_TEMP_04 | 38.4 | CRITICAL
2026-09-22 04:23:51 | WARD_B_TEMP_05 | 38.1 | CRITICAL
2026-09-22 04:23:52 | WARD_B_TEMP_01 | 39.2 | CRITICAL
2026-09-22 04:23:52 | WARD_B_TEMP_02 | 36.6 | NORMAL
2026-09-22 04:23:52 | WARD_B_TEMP_03 | 38.3 | CRITICAL
2026-09-22 04:23:52 | WARD_B_TEMP_04 | 36.3 | NORMAL
2026-09-22 04:23:52 | WARD_B_TEMP_05 | 37.5 | WARNING
2026-09-22 04:23:53 | WARD_B_TEMP_01 | 34.7 | CRITICAL
2026-09-22 04:23:53 | WARD_B_TEMP_02 | 39.7 | CRITICAL
2026-09-22 04:23:53 | WARD_B_TEMP_03 | 38.1 | CRITICAL
2026-09-22 04:23:53 | WARD_B_TEMP_04 | 38.6 | CRITICAL
2026-09-22 04:23:53 | WARD_B_TEMP_05 | 38.5 | CRITICAL
2026-09-22 04:23:54 | WARD_B_TEMP_01 | 35.6 | NORMAL
2026-09-22 04:23:54 | WARD_B_TEMP_02 | 36.8 | NORMAL
2026-09-22 04:23:54 | WARD_B_TEMP_03 | 40.1 | CRITICAL
2026-09-22 04:23:54 | WARD_B_TEMP_04 | 37.4 | NORMAL
2026-09-22 04:23:54 | WARD_B_TEMP_05 | 39.4 | CRITICAL
2026-09-22 04:23:55 | WARD_B_TEMP_01 | 40.5 | CRITICAL
2026-09-22 04:23:55 | WARD_B_TEMP_02 | 36.5 | NORMAL
2026-09-22 04:23:55 | WARD_B_TEMP_03 | 36.5 | NORMAL
2026-09-22 04:23:55 | WARD_B_TEMP_04 | 36.0 | NORMAL
2026-09-22 04:23:55 | WARD_B_TEMP_05 | 35.8 | NORMAL
2026-09-22 04:23:56 | WARD_B_TEMP_01 | 36.9 | NORMAL
2026-09-22 04:23:56 | WARD_B_TEMP_02 | 36.5 | NORMAL
2026-09-22 04:23:56 | WARD_B_TEMP_03 | 39.7 | CRITICAL
2026-09-22 04:23:56 | WARD_B_TEMP_04 | 37.2 | NORMAL
2026-09-22 04:23:56 | WARD_B_TEMP_05 | 39.3 | CRITICAL
2026-09-22 04:23:57 | WARD_B_TEMP_01 | 38.1 | CRITICAL
2026-09-22 04:23:57 | WARD_B_TEMP_02 | 34.9 | CRITICAL
2026-09-22 04:23:57 | WARD_B_TEMP_03 | 39.3 | CRITICAL
2026-09-22 04:23:57 | WARD_B_TEMP_04 | 36.7 | NORMAL
2026-09-22 04:23:57 | WARD_B_TEMP_05 | 34.6 | CRITICAL
2026-09-22 04:23:58 | WARD_B_TEMP_01 | 39.3 | CRITICAL
2026-09-22 04:23:58 | WARD_B_TEMP_02 | 39.1 | CRITICAL
2026-09-22 04:23:58 | WARD_B_TEMP_03 | 36.4 | NORMAL
2026-09-22 04:23:58 | WARD_B_TEMP_04 | 36.2 | NORMAL
2026-09-22 04:23:58 | WARD_B_TEMP_05 | 39.6 | CRITICAL
2026-09-22 04:23:59 | WARD_B_TEMP_01 | 35.2 | CRITICAL
2026-09-22 04:23:59 | WARD_B_TEMP_02 | 39.7 | CRITICAL
2026-09-22 04:23:59 | WARD_B_TEMP_03 | 36.1 | NORMAL
2026-09-22 04:23:59 | WARD_B_TEMP_04 | 37.9 | WARNING
2026-09-22 04:23:59 | WARD_B_TEMP_05 | 38.5 | CRITICAL
2026-09-22 04:24:00 | WARD_B_TEMP_01 | 36.4 | NORMAL
2026-09-22 04:24:00 | WARD_B_TEMP_02 | 39.0 | CRITICAL
2026-09-22 04:24:00 | WARD_B_TEMP_03 | 38.3 | CRITICAL
2026-09-22 04:24:00 | WARD_B_TEMP_04 | 39.1 | CRITICAL
2026-09-22 04:24:00 | WARD_B_TEMP_05 | 40.3 | CRITICAL
2026-09-22 04:24:01 | WARD_B_TEMP_01 | 40.2 | CRITICAL
2026-09-22 04:24:01 | WARD_B_TEMP_02 | 38.0 | WARNING
2026-09-22 04:24:01 | WARD_B_TEMP_03 | 34.9 | CRITICAL
2026-09-22 04:24:01 | WARD_B_TEMP_04 | 36.3 | NORMAL
2026-09-22 04:24:01 | WARD_B_TEMP_05 | 40.3 | CRITICAL
2026-09-22 04:24:02 | WARD_B_TEMP_01 | 37.6 | WARNING
2026-09-22 04:24:02 | WARD_B_TEMP_02 | 35.1 | CRITICAL
2026-09-22 04:24:02 | WARD_B_TEMP_03 | 36.0 | NORMAL
2026-09-22 04:24:02 | WARD_B_TEMP_04 | 39.5 | CRITICAL
2026-09-22 04:24:02 | WARD_B_TEMP_05 | 37.9 | WARNING
2026-09-22 04:24:03 | WARD_B_TEMP_01 | 38.6 | CRITICAL
2026-09-22 04:24:03 | WARD_B_TEMP_02 | 39.6 | CRITICAL
2026-09-22 04:24:03 | WARD_B_TEMP_03 | 39.1 | CRITICAL
2026-09-22 04:24:03 | WARD_B_TEMP_04 | 35.1 | CRITICAL
2026-09-22 04:24:03 | WARD_B_TEMP_05 | 39.0 | CRITICAL
2026-09-22 04:24:04 | WARD_B_TEMP_01 | 38.2 | CRITICAL
2026-09-22 04:24:04 | WARD_B_TEMP_02 | 40.0 | CRITICAL
2026-09-22 04:24:04 | WARD_B_TEMP_03 | 37.2 | NORMAL
2026-09-22 04:24:04 | WARD_B_TEMP_04 | 36.7 | NORMAL
2026-09-22 04:24:04 | WARD_B_TEMP_05 | 40.2 | CRITICAL
2026-09-22 04:24:05 | WARD_B_TEMP_01 | 38.1 | CRITICAL
2026-09-22 04:24:05 | WARD_B_TEMP_02 | 37.0 | NORMAL
2026-09-22 04:24:05 | WARD_B_TEMP_03 | 37.3 | NORMAL
2026-09-22 04:24:05 | WARD_B_TEMP_04 | 39.6 | CRITICAL
2026-09-22 04:24:05 | WARD_B_TEMP_05 | 37.3 | NORMAL
2026-09-22 04:24:06 | WARD_B_TEMP_01 | 35.0 | CRITICAL
2026-09-22 04:24:06 | WARD_B_TEMP_02 | 35.1 | CRITICAL
2026-09-22 04:24:06 | WARD_B_TEMP_03 | 35.1 | CRITICAL
2026-09-22 04:24:06 | WARD_B_TEMP_04 | 38.4 | CRITICAL
2026-09-22 04:24:06 | WARD_B_TEMP_05 | 35.0 | CRITICAL
2026-09-22 04:24:07 | WARD_B_TEMP_01 | 36.4 | NORMAL
2026-09-22 04:24:07 | WARD_B_TEMP_02 | 39.5 | CRITICAL
2026-09-22 04:24:07 | WARD_B_TEMP_03 | 38.1 | CRITICAL
2026-09-22 04:24:07 | WARD_B_TEMP_04 | 38.3 | CRITICAL
2026-09-22 04:24:07 | WARD_B_TEMP_05 | 38.7 | CRITICAL
2026-09-22 04:24:08 | WARD_B_TEMP_01 | 36.3 | NORMAL
2026-09-22 04:24:08 | WARD_B_TEMP_02 | 39.4 | CRITICAL
2026-09-22 04:24:08 | WARD_B_TEMP_03 | 35.8 | NORMAL
2026-09-22 04:24:08 | WARD_B_TEMP_04 | 36.5 | NORMAL
2026-09-22 04:24:08 | WARD_B_TEMP_05 | 34.5 | CRITICAL
2026-09-22 04:24:09 | WARD_B_TEMP_01 | 37.4 | NORMAL
2026-09-22 04:24:09 | WARD_B_TEMP_02 | 39.2 | CRITICAL
2026-09-22 04:24:09 | WARD_B_TEMP_03 | 36.5 | NORMAL
2026-09-22 04:24:09 | WARD_B_TEMP_04 | 37.5 | WARNING
2026-09-22 04:24:09 | WARD_B_TEMP_05 | 38.9 | CRITICAL
2026-09-22 04:24:10 | WARD_B_TEMP_01 | 38.7 | CRITICAL
2026-09-22 04:24:10 | WARD_B_TEMP_02 | 37.0 | NORMAL
2026-09-22 04:24:10 | WARD_B_TEMP_03 | 35.3 | CRITICAL
2026-09-22 04:24:10 | WARD_B_TEMP_04 | 40.4 | CRITICAL
2026-09-22 04:24:10 | WARD_B_TEMP_05 | 36.8 | NORMAL
2026-09-22 04:24:11 | WARD_B_TEMP_01 | 38.4 | CRITICAL
2026-09-22 04:24:11 | WARD_B_TEMP_02 | 39.5 | CRITICAL
2026-09-22 04:24:11 | WARD_B_TEMP_03 | 38.1 | CRITICAL
2026-09-22 04:24:11 | WARD_B_TEMP_04 | 40.1 | CRITICAL
2026-09-22 04:24:11 | WARD_B_TEMP_05 | 36.8 | NORMAL
2026-09-22 04:24:12 | WARD_B_TEMP_01 | 34.6 | CRITICAL
2026-09-22 04:24:12 | WARD_B_TEMP_02 | 37.5 | WARNING
2026-09-22 04:24:12 | WARD_B_TEMP_03 | 37.5 | WARNING
2026-09-22 04:24:12 | WARD_B_TEMP_04 | 40.2 | CRITICAL
2026-09-22 04:24:12 | WARD_B_TEMP_05 | 37.2 | NORMAL
2026-09-22 04:24:13 | WARD_B_TEMP_01 | 36.5 | NORMAL
2026-09-22 04:24:13 | WARD_B_TEMP_02 | 40.3 | CRITICAL
2026-09-22 04:24:13 | WARD_B_TEMP_03 | 35.0 | CRITICAL
2026-09-22 04:24:13 | WARD_B_TEMP_04 | 36.2 | NORMAL
2026-09-22 04:24:13 | WARD_B_TEMP_05 | 40.0 | CRITICAL
2026-09-22 04:24:14 | WARD_B_TEMP_01 | 35.1 | CRITICAL
2026-09-22 04:24:14 | WARD_B_TEMP_02 | 36.4 | NORMAL
2026-09-22 04:24:14 | WARD_B_TEMP_03 | 38.0 | WARNING
2026-09-22 04:24:14 | WARD_B_TEMP_04 | 36.3 | NORMAL
2026-09-22 04:24:14 | WARD_B_TEMP_05 | 39.4 | CRITICAL
2026-09-22 04:24:15 | WARD_B_TEMP_01 | 39.4 | CRITICAL
2026-09-22 04:24:15 | WARD_B_TEMP_02 | 36.4 | NORMAL
2026-09-22 04:24:15 | WARD_B_TEMP_03 | 39.1 | CRITICAL
2026-09-22 04:24:15 | WARD_B_TEMP_04 | 35.4 | CRITICAL
2026-09-22 04:24:15 | WARD_B_TEMP_05 | 38.2 | CRITICAL
2026-09-22 04:24:16 | WARD_B_TEMP_01 | 34.9 | CRITICAL
2026-09-22 04:24:16 | WARD_B_TEMP_02 | 37.5 | WARNING
2026-09-22 04:24:16 | WARD_B_TEMP_03 | 38.4 | CRITICAL
2026-09-22 04:24:16 | WARD_B_TEMP_04 | 36.9 | NORMAL
2026-09-22 04:24:16 | WARD_B_TEMP_05 | 38.5 | CRITICAL
2026-09-22 04:24:17 | WARD_B_TEMP_01 | 40.0 | CRITICAL
2026-09-22 04:24:17 | WARD_B_TEMP_02 | 36.1 | NORMAL
2026-09-22 04:24:17 | WARD_B_TEMP_03 | 35.4 | CRITICAL
2026-09-22 04:24:17 | WARD_B_TEMP_04 | 39.4 | CRITICAL
2026-09-22 04:24:17 | WARD_B_TEMP_05 | 36.6 | NORMAL
2026-09-22 04:24:18 | WARD_B_TEMP_01 | 34.7 | CRITICAL
2026-09-22 04:24:18 | WARD_B_TEMP_02 | 40.0 | CRITICAL
2026-09-22 04:24:18 | WARD_B_TEMP_03 | 37.1 | NORMAL
2026-09-22 04:24:18 | WARD_B_TEMP_04 | 40.4 | CRITICAL
2026-09-22 04:24:18 | WARD_B_TEMP_05 | 37.8 | WARNING
2026-09-22 04:24:19 | WARD_B_TEMP_01 | 40.3 | CRITICAL
2026-09-22 04:24:19 | WARD_B_TEMP_02 | 37.0 | NORMAL
2026-09-22 04:24:19 | WARD_B_TEMP_03 | 38.5 | CRITICAL
2026-09-22 04:24:19 | WARD_B_TEMP_04 | 34.7 | CRITICAL
2026-09-22 04:24:19 | WARD_B_TEMP_05 | 38.8 | CRITICAL
2026-09-22 04:24:20 | WARD_B_TEMP_01 | 37.9 | WARNING
2026-09-22 04:24:20 | WARD_B_TEMP_02 | 35.9 | NORMAL
2026-09-22 04:24:20 | WARD_B_TEMP_03 | 38.4 | CRITICAL
2026-09-22 04:24:20 | WARD_B_TEMP_04 | 38.7 | CRITICAL
2026-09-22 04:24:20 | WARD_B_TEMP_05 | 39.1 | CRITICAL
2026-09-22 04:24:21 | WARD_B_TEMP_01 | 38.6 | CRITICAL
2026-09-22 04:24:21 | WARD_B_TEMP_02 | 40.1 | CRITICAL
2026-09-22 04:24:21 | WARD_B_TEMP_03 | 35.7 | NORMAL
2026-09-22 04:24:21 | WARD_B_TEMP_04 | 37.5 | WARNING
2026-09-22 04:24:21 | WARD_B_TEMP_05 | 38.2 | CRITICAL
2026-09-22 04:24:22 | WARD_B_TEMP_01 | 36.4 | NORMAL
2026-09-22 04:24:22 | WARD_B_TEMP_02 | 36.1 | NORMAL
2026-09-22 04:24:22 | WARD_B_TEMP_03 | 36.9 | NORMAL
2026-09-22 04:24:22 | WARD_B_TEMP_04 | 39.2 | CRITICAL
2026-09-22 04:24:22 | WARD_B_TEMP_05 | 39.2 | CRITICAL
2026-09-22 04:24:23 | WARD_B_TEMP_01 | 38.4 | CRITICAL
2026-09-22 04:24:23 | WARD_B_TEMP_02 | 34.8 | CRITICAL
2026-09-22 04:24:23 | WARD_B_TEMP_03 | 37.4 | NORMAL
2026-09-22 04:24:23 | WARD_B_TEMP_04 | 37.9 | WARNING
2026-09-22 04:24:23 | WARD_B_TEMP_05 | 40.3 | CRITICAL
2026-09-22 04:24:24 | WARD_B_TEMP_01 | 38.3 | CRITICAL
2026-09-22 04:24:24 | WARD_B_TEMP_02 | 39.6 | CRITICAL
2026-09-22 04:24:24 | WARD_B_TEMP_03 | 36.3 | NORMAL
2026-09-22 04:24:24 | WARD_B_TEMP_04 | 38.6 | CRITICAL
2026-09-22 04:24:24 | WARD_B_TEMP_05 | 36.7 | NORMAL
2026-09-22 04:24:25 | WARD_B_TEMP_01 | 36.8 | NORMAL
2026-09-22 04:24:25 | WARD_B_TEMP_02 | 39.2 | CRITICAL
2026-09-22 04:24:25 | WARD_B_TEMP_03 | 39.7 | CRITICAL
2026-09-22 04:24:25 | WARD_B_TEMP_04 | 36.4 | NORMAL
2026-09-22 04:24:25 | WARD_B_TEMP_05 | 40.1 | CRITICAL
2026-09-22 04:24:26 | WARD_B_TEMP_01 | 39.2 | CRITICAL
2026-09-22 04:24:26 | WARD_B_TEMP_02 | 37.4 | NORMAL
2026-09-22 04:24:26 | WARD_B_TEMP_03 | 35.2 | CRITICAL
2026-09-22 04:24:26 | WARD_B_TEMP_04 | 35.1 | CRITICAL
2026-09-22 04:24:26 | WARD_B_TEMP_05 | 35.2 | CRITICAL
2026-09-22 04:24:27 | WARD_B_TEMP_01 | 36.8 | NORMAL
2026-09-22 04:24:27 | WARD_B_TEMP_02 | 36.8 | NORMAL
2026-09-22 04:24:27 | WARD_B_TEMP_03 | 36.1 | NORMAL
2026-09-22 04:24:27 | WARD_B_TEMP_04 | 38.3 | CRITICAL
2026-09-22 04:24:27 | WARD_B_TEMP_05 | 37.5 | WARNING
2026-09-22 04:24:28 | WARD_B_TEMP_01 | 38.9 | CRITICAL
2026-09-22 04:24:28 | WARD_B_TEMP_02 | 37.0 | NORMAL
2026-09-22 04:24:28 | WARD_B_TEMP_03 | 38.1 | CRITICAL
2026-09-22 04:24:28 | WARD_B_TEMP_04 | 40.0 | CRITICAL
2026-09-22 04:24:28 | WARD_B_TEMP_05 | 38.9 | CRITICAL
2026-09-22 04:24:29 | WARD_B_TEMP_01 | 36.2 | NORMAL
2026-09-22 04:24:29 | WARD_B_TEMP_02 | 37.1 | NORMAL
2026-09-22 04:24:29 | WARD_B_TEMP_03 | 34.9 | CRITICAL
2026-09-22 04:24:29 | WARD_B_TEMP_04 | 38.0 | WARNING
2026-09-22 04:24:29 | WARD_B_TEMP_05 | 39.7 | CRITICAL
2026-09-22 04:24:30 | WARD_B_TEMP_01 | 36.1 | NORMAL
2026-09-22 04:24:30 | WARD_B_TEMP_02 | 37.4 | NORMAL
2026-09-22 04:24:30 | WARD_B_TEMP_03 | 36.5 | NORMAL
2026-09-22 04:24:30 | WARD_B_TEMP_04 | 39.5 | CRITICAL
2026-09-22 04:24:30 | WARD_B_TEMP_05 | 36.5 | NORMAL
2026-09-22 04:24:31 | WARD_B_TEMP_01 | 36.9 | NORMAL
2026-09-22 04:24:31 | WARD_B_TEMP_02 | 37.0 | NORMAL
2026-09-22 04:24:31 | WARD_B_TEMP_03 | 37.3 | NORMAL
2026-09-22 04:24:31 | WARD_B_TEMP_04 | 36.6 | NORMAL
2026-09-22 04:24:31 | WARD_B_TEMP_05 | 36.0 | NORMAL
2026-09-22 04:24:32 | WARD_B_TEMP_01 | 39.7 | CRITICAL
2026-09-22 04:24:32 | WARD_B_TEMP_02 | 40.4 | CRITICAL
2026-09-22 04:24:32 | WARD_B_TEMP_03 | 35.9 | NORMAL
2026-09-22 04:24:32 | WARD_B_TEMP_04 | 35.6 | NORMAL
2026-09-22 04:24:32 | WARD_B_TEMP_05 | 38.7 | CRITICAL
2026-09-22 04:24:33 | WARD_B_TEMP_01 | 36.0 | NORMAL
2026-09-22 04:24:33 | WARD_B_TEMP_02 | 34.7 | CRITICAL
2026-09-22 04:24:33 | WARD_B_TEMP_03 | 38.8 | CRITICAL
2026-09-22 04:24:33 | WARD_B_TEMP_04 | 40.2 | CRITICAL
2026-09-22 04:24:33 | WARD_B_TEMP_05 | 36.2 | NORMAL
2026-09-22 04:24:34 | WARD_B_TEMP_01 | 38.4 | CRITICAL
2026-09-22 04:24:34 | WARD_B_TEMP_02 | 38.6 | CRITICAL
2026-09-22 04:24:34 | WARD_B_TEMP_03 | 40.4 | CRITICAL
2026-09-22 04:24:34 | WARD_B_TEMP_04 | 35.7 | NORMAL
2026-09-22 04:24:34 | WARD_B_TEMP_05 | 40.5 | CRITICAL
2026-09-22 04:24:35 | WARD_B_TEMP_01 | 37.9 | WARNING
2026-09-22 04:24:35 | WARD_B_TEMP_02 | 35.2 | CRITICAL
2026-09-22 04:24:35 | WARD_B_TEMP_03 | 37.0 | NORMAL
2026-09-22 04:24:35 | WARD_B_TEMP_04 | 37.6 | WARNING
2026-09-22 04:24:35 | WARD_B_TEMP_05 | 39.9 | CRITICAL
2026-09-22 04:24:36 | WARD_B_TEMP_01 | 37.3 | NORMAL
2026-09-22 04:24:36 | WARD_B_TEMP_02 | 38.5 | CRITICAL
2026-09-22 04:24:36 | WARD_B_TEMP_03 | 35.7 | NORMAL
2026-09-22 04:24:36 | WARD_B_TEMP_04 | 39.4 | CRITICAL
2026-09-22 04:24:36 | WARD_B_TEMP_05 | 35.2 | CRITICAL
2026-09-22 04:24:37 | WARD_B_TEMP_01 | 40.4 | CRITICAL
2026-09-22 04:24:37 | WARD_B_TEMP_02 | 34.7 | CRITICAL
2026-09-22 04:24:37 | WARD_B_TEMP_03 | 35.2 | CRITICAL
2026-09-22 04:24:37 | WARD_B_TEMP_04 | 37.8 | WARNING
2026-09-22 04:24:37 | WARD_B_TEMP_05 | 35.8 | NORMAL
2026-09-22 04:24:38 | WARD_B_TEMP_01 | 35.0 | CRITICAL
2026-09-22 04:24:38 | WARD_B_TEMP_02 | 39.1 | CRITICAL
2026-09-22 04:24:38 | WARD_B_TEMP_03 | 36.1 | NORMAL
2026-09-22 04:24:38 | WARD_B_TEMP_04 | 35.0 | CRITICAL
2026-09-22 04:24:38 | WARD_B_TEMP_05 | 39.7 | CRITICAL
2026-09-22 04:24:39 | WARD_B_TEMP_01 | 37.0 | NORMAL
2026-09-22 04:24:39 | WARD_B_TEMP_02 | 34.7 | CRITICAL
2026-09-22 04:24:39 | WARD_B_TEMP_03 | 37.9 | WARNING
2026-09-22 04:24:39 | WARD_B_TEMP_04 | 36.7 | NORMAL
2026-09-22 04:24:39 | WARD_B_TEMP_05 | 40.3 | CRITICAL
2026-09-22 04:24:40 | WARD_B_TEMP_01 | 37.2 | NORMAL
2026-09-22 04:24:40 | WARD_B_TEMP_02 | 36.5 | NORMAL
2026-09-22 04:24:40 | WARD_B_TEMP_03 | 35.7 | NORMAL
2026-09-22 04:24:40 | WARD_B_TEMP_04 | 36.8 | NORMAL
2026-09-22 04:24:40 | WARD_B_TEMP_05 | 39.8 | CRITICAL
2026-09-22 04:24:41 | WARD_B_TEMP_01 | 35.9 | NORMAL
2026-09-22 04:24:41 | WARD_B_TEMP_02 | 36.2 | NORMAL
2026-09-22 04:24:41 | WARD_B_TEMP_03 | 36.9 | NORMAL
2026-09-22 04:24:41 | WARD_B_TEMP_04 | 38.5 | CRITICAL
2026-09-22 04:24:41 | WARD_B_TEMP_05 | 36.5 | NORMAL
2026-09-22 04:24:42 | WARD_B_TEMP_01 | 36.1 | NORMAL
2026-09-22 04:24:42 | WARD_B_TEMP_02 | 38.1 | CRITICAL
2026-09-22 04:24:42 | WARD_B_TEMP_03 | 40.1 | CRITICAL
2026-09-22 04:24:42 | WARD_B_TEMP_04 | 36.0 | NORMAL
2026-09-22 04:24:42 | WARD_B_TEMP_05 | 37.3 | NORMAL
2026-09-22 04:24:43 | WARD_B_TEMP_01 | 37.0 | NORMAL
2026-09-22 04:24:43 | WARD_B_TEMP_02 | 36.3 | NORMAL
2026-09-22 04:24:43 | WARD_B_TEMP_03 | 39.4 | CRITICAL
2026-09-22 04:24:43 | WARD_B_TEMP_04 | 39.0 | CRITICAL
2026-09-22 04:24:43 | WARD_B_TEMP_05 | 39.1 | CRITICAL
2026-09-22 04:24:44 | WARD_B_TEMP_01 | 38.9 | CRITICAL
2026-09-22 04:24:44 | WARD_B_TEMP_02 | 38.3 | CRITICAL
2026-09-22 04:24:44 | WARD_B_TEMP_03 | 35.0 | CRITICAL
2026-09-22 04:24:44 | WARD_B_TEMP_04 | 37.3 | NORMAL
2026-09-22 04:24:44 | WARD_B_TEMP_05 | 38.1 | CRITICAL
2026-09-22 04:24:45 | WARD_B_TEMP_01 | 35.5 | NORMAL
2026-09-22 04:24:45 | WARD_B_TEMP_02 | 34.7 | CRITICAL
2026-09-22 04:24:45 | WARD_B_TEMP_03 | 36.6 | NORMAL
2026-09-22 04:24:45 | WARD_B_TEMP_04 | 37.4 | NORMAL
2026-09-22 04:24:45 | WARD_B_TEMP_05 | 39.0 | CRITICAL
2026-09-22 04:24:46 | WARD_B_TEMP_01 | 39.0 | CRITICAL
2026-09-22 04:24:46 | WARD_B_TEMP_02 | 37.5 | WARNING
2026-09-22 04:24:46 | WARD_B_TEMP_03 | 38.2 | CRITICAL
2026-09-22 04:24:46 | WARD_B_TEMP_04 | 38.2 | CRITICAL
2026-09-22 04:24:46 | WARD_B_TEMP_05 | 38.2 | CRITICAL
2026-09-22 04:24:47 | WARD_B_TEMP_01 | 36.4 | NORMAL
2026-09-22 04:24:47 | WARD_B_TEMP_02 | 37.4 | NORMAL
2026-09-22 04:24:47 | WARD_B_TEMP_03 | 35.4 | CRITICAL
2026-09-22 04:24:47 | WARD_B_TEMP_04 | 34.9 | CRITICAL
2026-09-22 04:24:47 | WARD_B_TEMP_05 | 39.9 | CRITICAL
2026-09-22 04:24:48 | WARD_B_TEMP_01 | 37.4 | NORMAL
2026-09-22 04:24:48 | WARD_B_TEMP_02 | 37.5 | WARNING
2026-09-22 04:24:48 | WARD_B_TEMP_03 | 34.8 | CRITICAL
2026-09-22 04:24:48 | WARD_B_TEMP_04 | 35.4 | CRITICAL
2026-09-22 04:24:48 | WARD_B_TEMP_05 | 39.9 | CRITICAL
2026-09-22 04:24:49 | WARD_B_TEMP_01 | 40.3 | CRITICAL
2026-09-22 04:24:49 | WARD_B_TEMP_02 | 39.0 | CRITICAL
2026-09-22 04:24:49 | WARD_B_TEMP_03 | 38.0 | WARNING
2026-09-22 04:24:49 | WARD_B_TEMP_04 | 38.1 | CRITICAL
2026-09-22 04:24:49 | WARD_B_TEMP_05 | 38.5 | CRITICAL
2026-09-22 04:24:50 | WARD_B_TEMP_01 | 38.9 | CRITICAL
2026-09-22 04:24:50 | WARD_B_TEMP_02 | 37.5 | WARNING
2026-09-22 04:24:50 | WARD_B_TEMP_03 | 38.9 | CRITICAL
2026-09-22 04:24:50 | WARD_B_TEMP_04 | 35.5 | NORMAL
2026-09-22 04:24:50 | WARD_B_TEMP_05 | 38.8 | CRITICAL
2026-09-22 04:24:51 | WARD_B_TEMP_01 | 39.1 | CRITICAL
2026-09-22 04:24:51 | WARD_B_TEMP_02 | 35.3 | CRITICAL
2026-09-22 04:24:51 | WARD_B_TEMP_03 | 35.1 | CRITICAL
2026-09-22 04:24:51 | WARD_B_TEMP_04 | 38.7 | CRITICAL
2026-09-22 04:24:51 | WARD_B_TEMP_05 | 36.7 | NORMAL
2026-09-22 04:24:52 | WARD_B_TEMP_01 | 39.6 | CRITICAL
2026-09-22 04:24:52 | WARD_B_TEMP_02 | 39.1 | CRITICAL
2026-09-22 04:24:52 | WARD_B_TEMP_03 | 36.8 | NORMAL
2026-09-22 04:24:52 | WARD_B_TEMP_04 | 34.6 | CRITICAL
2026-09-22 04:24:52 | WARD_B_TEMP_05 | 37.4 | NORMAL
2026-09-22 04:24:53 | WARD_B_TEMP_01 | 36.8 | NORMAL
2026-09-22 04:24:53 | WARD_B_TEMP_02 | 38.0 | WARNING
2026-09-22 04:24:53 | WARD_B_TEMP_03 | 38.7 | CRITICAL
2026-09-22 04:24:53 | WARD_B_TEMP_04 | 35.5 | NORMAL
2026-09-22 04:24:53 | WARD_B_TEMP_05 | 37.7 | WARNING
2026-09-22 04:24:54 | WARD_B_TEMP_01 | 37.3 | NORMAL
2026-09-22 04:24:54 | WARD_B_TEMP_02 | 39.7 | CRITICAL
2026-09-22 04:24:54 | WARD_B_TEMP_03 | 39.5 | CRITICAL
2026-09-22 04:24:54 | WARD_B_TEMP_04 | 37.5 | WARNING
2026-09-22 04:24:54 | WARD_B_TEMP_05 | 37.2 | NORMAL
2026-09-22 04:24:55 | WARD_B_TEMP_01 | 36.3 | NORMAL
2026-09-22 04:24:55 | WARD_B_TEMP_02 | 36.9 | NORMAL
2026-09-22 04:24:55 | WARD_B_TEMP_03 | 38.3 | CRITICAL
2026-09-22 04:24:55 | WARD_B_TEMP_04 | 34.8 | CRITICAL
2026-09-22 04:24:55 | WARD_B_TEMP_05 | 40.2 | CRITICAL
2026-09-22 04:24:56 | WARD_B_TEMP_01 | 37.4 | NORMAL
2026-09-22 04:24:56 | WARD_B_TEMP_02 | 39.7 | CRITICAL
2026-09-22 04:24:56 | WARD_B_TEMP_03 | 39.7 | CRITICAL
2026-09-22 04:24:56 | WARD_B_TEMP_04 | 37.3 | NORMAL
2026-09-22 04:24:56 | WARD_B_TEMP_05 | 35.7 | NORMAL
2026-09-22 04:24:57 | WARD_B_TEMP_01 | 37.7 | WARNING
2026-09-22 04:24:57 | WARD_B_TEMP_02 | 36.9 | NORMAL
2026-09-22 04:24:57 | WARD_B_TEMP_03 | 40.1 | CRITICAL
2026-09-22 04:24:57 | WARD_B_TEMP_04 | 36.5 | NORMAL
2026-09-22 04:24:57 | WARD_B_TEMP_05 | 38.6 | CRITICAL
2026-09-22 04:24:58 | WARD_B_TEMP_01 | 38.9 | CRITICAL
2026-09-22 04:24:58 | WARD_B_TEMP_02 | 37.4 | NORMAL
2026-09-22 04:24:58 | WARD_B_TEMP_03 | 39.0 | CRITICAL
2026-09-22 04:24:58 | WARD_B_TEMP_04 | 34.8 | CRITICAL
2026-09-22 04:24:58 | WARD_B_TEMP_05 | 40.1 | CRITICAL
2026-09-22 04:24:59 | WARD_B_TEMP_01 | 37.2 | NORMAL
2026-09-22 04:24:59 | WARD_B_TEMP_02 | 34.6 | CRITICAL
2026-09-22 04:24:59 | WARD_B_TEMP_03 | 38.7 | CRITICAL
2026-09-22 04:24:59 | WARD_B_TEMP_04 | 36.9 | NORMAL
2026-09-22 04:24:59 | WARD_B_TEMP_05 | 39.2 | CRITICAL
2026-09-22 04:25:00 | WARD_B_TEMP_01 | 35.8 | NORMAL
2026-09-22 04:25:00 | WARD_B_TEMP_02 | 36.3 | NORMAL
2026-09-22 04:25:00 | WARD_B_TEMP_03 | 36.4 | NORMAL
2026-09-22 04:25:00 | WARD_B_TEMP_04 | 38.3 | CRITICAL
2026-09-22 04:25:00 | WARD_B_TEMP_05 | 40.3 | CRITICAL
2026-09-22 04:25:01 | WARD_B_TEMP_01 | 37.3 | NORMAL
2026-09-22 04:25:01 | WARD_B_TEMP_02 | 36.6 | NORMAL
2026-09-22 04:25:01 | WARD_B_TEMP_03 | 40.0 | CRITICAL
2026-09-22 04:25:01 | WARD_B_TEMP_04 | 36.2 | NORMAL
2026-09-22 04:25:01 | WARD_B_TEMP_05 | 36.5 | NORMAL
2026-09-22 04:25:02 | WARD_B_TEMP_01 | 38.4 | CRITICAL
2026-09-22 04:25:02 | WARD_B_TEMP_02 | 38.7 | CRITICAL
2026-09-22 04:25:02 | WARD_B_TEMP_03 | 38.5 | CRITICAL
2026-09-22 04:25:02 | WARD_B_TEMP_04 | 39.0 | CRITICAL
2026-09-22 04:25:02 | WARD_B_TEMP_05 | 38.4 | CRITICAL
2026-09-22 04:25:03 | WARD_B_TEMP_01 | 39.3 | CRITICAL
2026-09-22 04:25:03 | WARD_B_TEMP_02 | 36.2 | NORMAL
2026-09-22 04:25:03 | WARD_B_TEMP_03 | 40.0 | CRITICAL
2026-09-22 04:25:03 | WARD_B_TEMP_04 | 39.2 | CRITICAL
2026-09-22 04:25:03 | WARD_B_TEMP_05 | 36.0 | NORMAL
2026-09-22 04:25:04 | WARD_B_TEMP_01 | 35.4 | CRITICAL
2026-09-22 04:25:04 | WARD_B_TEMP_02 | 37.8 | WARNING
2026-09-22 04:25:04 | WARD_B_TEMP_03 | 40.2 | CRITICAL
2026-09-22 04:25:04 | WARD_B_TEMP_04 | 37.6 | WARNING
2026-09-22 04:25:04 | WARD_B_TEMP_05 | 36.2 | NORMAL
2026-09-22 04:25:05 | WARD_B_TEMP_01 | 35.8 | NORMAL
2026-09-22 04:25:05 | WARD_B_TEMP_02 | 38.3 | CRITICAL
2026-09-22 04:25:05 | WARD_B_TEMP_03 | 36.2 | NORMAL
2026-09-22 04:25:05 | WARD_B_TEMP_04 | 37.5 | WARNING
2026-09-22 04:25:05 | WARD_B_TEMP_05 | 38.7 | CRITICAL
2026-09-22 04:25:06 | WARD_B_TEMP_01 | 36.3 | NORMAL
2026-09-22 04:25:06 | WARD_B_TEMP_02 | 37.9 | WARNING
2026-09-22 04:25:06 | WARD_B_TEMP_03 | 34.7 | CRITICAL
2026-09-22 04:25:06 | WARD_B_TEMP_04 | 40.0 | CRITICAL
2026-09-22 04:25:06 | WARD_B_TEMP_05 | 40.2 | CRITICAL
2026-09-22 04:25:07 | WARD_B_TEMP_01 | 36.8 | NORMAL
2026-09-22 04:25:07 | WARD_B_TEMP_02 | 39.7 | CRITICAL
2026-09-22 04:25:07 | WARD_B_TEMP_03 | 35.0 | CRITICAL
2026-09-22 04:25:07 | WARD_B_TEMP_04 | 35.2 | CRITICAL
2026-09-22 04:25:07 | WARD_B_TEMP_05 | 38.7 | CRITICAL
2026-09-22 04:25:08 | WARD_B_TEMP_01 | 37.1 | NORMAL
2026-09-22 04:25:08 | WARD_B_TEMP_02 | 36.0 | NORMAL
2026-09-22 04:25:08 | WARD_B_TEMP_03 | 39.0 | CRITICAL
2026-09-22 04:25:08 | WARD_B_TEMP_04 | 40.3 | CRITICAL
2026-09-22 04:25:08 | WARD_B_TEMP_05 | 35.9 | NORMAL
2026-09-22 04:25:09 | WARD_B_TEMP_01 | 37.7 | WARNING
2026-09-22 04:25:09 | WARD_B_TEMP_02 | 38.4 | CRITICAL
2026-09-22 04:25:09 | WARD_B_TEMP_03 | 35.9 | NORMAL
2026-09-22 04:25:09 | WARD_B_TEMP_04 | 34.8 | CRITICAL
2026-09-22 04:25:09 | WARD_B_TEMP_05 | 37.7 | WARNING
2026-09-22 04:25:10 | WARD_B_TEMP_01 | 34.7 | CRITICAL
2026-09-22 04:25:10 | WARD_B_TEMP_02 | 37.8 | WARNING
2026-09-22 04:25:10 | WARD_B_TEMP_03 | 35.1 | CRITICAL
2026-09-22 04:25:10 | WARD_B_TEMP_04 | 35.2 | CRITICAL
2026-09-22 04:25:10 | WARD_B_TEMP_05 | 40.2 | CRITICAL
2026-09-22 04:25:11 | WARD_B_TEMP_01 | 35.9 | NORMAL
2026-09-22 04:25:11 | WARD_B_TEMP_02 | 39.4 | CRITICAL
2026-09-22 04:25:11 | WARD_B_TEMP_03 | 38.0 | WARNING
2026-09-22 04:25:11 | WARD_B_TEMP_04 | 40.1 | CRITICAL
2026-09-22 04:25:11 | WARD_B_TEMP_05 | 36.9 | NORMAL
2026-09-22 04:25:12 | WARD_B_TEMP_01 | 40.4 | CRITICAL
2026-09-22 04:25:12 | WARD_B_TEMP_02 | 34.7 | CRITICAL
2026-09-22 04:25:12 | WARD_B_TEMP_03 | 35.5 | NORMAL
2026-09-22 04:25:12 | WARD_B_TEMP_04 | 39.4 | CRITICAL
2026-09-22 04:25:12 | WARD_B_TEMP_05 | 37.5 | WARNING
2026-09-22 04:25:13 | WARD_B_TEMP_01 | 38.0 | WARNING
2026-09-22 04:25:13 | WARD_B_TEMP_02 | 37.0 | NORMAL
2026-09-22 04:25:13 | WARD_B_TEMP_03 | 37.6 | WARNING
2026-09-22 04:25:13 | WARD_B_TEMP_04 | 36.1 | NORMAL
2026-09-22 04:25:13 | WARD_B_TEMP_05 | 38.4 | CRITICAL
2026-09-22 04:25:14 | WARD_B_TEMP_01 | 38.1 | CRITICAL
2026-09-22 04:25:14 | WARD_B_TEMP_02 | 35.0 | CRITICAL
2026-09-22 04:25:14 | WARD_B_TEMP_03 | 34.6 | CRITICAL
2026-09-22 04:25:14 | WARD_B_TEMP_04 | 39.1 | CRITICAL
2026-09-22 04:25:14 | WARD_B_TEMP_05 | 37.3 | NORMAL
2026-09-22 04:25:15 | WARD_B_TEMP_01 | 38.3 | CRITICAL
2026-09-22 04:25:15 | WARD_B_TEMP_02 | 37.3 | NORMAL
2026-09-22 04:25:15 | WARD_B_TEMP_03 | 38.4 | CRITICAL
2026-09-22 04:25:15 | WARD_B_TEMP_04 | 40.4 | CRITICAL
2026-09-22 04:25:15 | WARD_B_TEMP_05 | 36.4 | NORMAL
2026-09-22 04:25:16 | WARD_B_TEMP_01 | 37.6 | WARNING
2026-09-22 04:25:16 | WARD_B_TEMP_02 | 35.6 | NORMAL
2026-09-22 04:25:16 | WARD_B_TEMP_03 | 36.2 | NORMAL
2026-09-22 04:25:16 | WARD_B_TEMP_04 | 34.8 | CRITICAL
2026-09-22 04:25:16 | WARD_B_TEMP_05 | 35.4 | CRITICAL
2026-09-22 04:25:17 | WARD_B_TEMP_01 | 35.7 | NORMAL
2026-09-22 04:25:17 | WARD_B_TEMP_02 | 35.5 | NORMAL
2026-09-22 04:25:17 | WARD_B_TEMP_03 | 37.3 | NORMAL
2026-09-22 04:25:17 | WARD_B_TEMP_04 | 35.9 | NORMAL
2026-09-22 04:25:17 | WARD_B_TEMP_05 | 36.9 | NORMAL
2026-09-22 04:25:18 | WARD_B_TEMP_01 | 35.5 | NORMAL
2026-09-22 04:25:18 | WARD_B_TEMP_02 | 38.7 | CRITICAL
2026-09-22 04:25:18 | WARD_B_TEMP_03 | 35.5 | NORMAL
2026-09-22 04:25:18 | WARD_B_TEMP_04 | 34.6 | CRITICAL
2026-09-22 04:25:18 | WARD_B_TEMP_05 | 40.4 | CRITICAL
2026-09-22 04:25:19 | WARD_B_TEMP_01 | 36.2 | NORMAL
2026-09-22 04:25:19 | WARD_B_TEMP_02 | 38.6 | CRITICAL
2026-09-22 04:25:19 | WARD_B_TEMP_03 | 36.3 | NORMAL
2026-09-22 04:25:19 | WARD_B_TEMP_04 | 37.6 | WARNING
2026-09-22 04:25:19 | WARD_B_TEMP_05 | 38.7 | CRITICAL
2026-09-22 04:25:20 | WARD_B_TEMP_01 | 35.0 | CRITICAL
2026-09-22 04:25:20 | WARD_B_TEMP_02 | 34.9 | CRITICAL
2026-09-22 04:25:20 | WARD_B_TEMP_03 | 38.1 | CRITICAL
2026-09-22 04:25:20 | WARD_B_TEMP_04 | 38.6 | CRITICAL
2026-09-22 04:25:20 | WARD_B_TEMP_05 | 39.5 | CRITICAL
2026-09-22 04:25:21 | WARD_B_TEMP_01 | 40.5 | CRITICAL
2026-09-22 04:25:21 | WARD_B_TEMP_02 | 34.7 | CRITICAL
2026-09-22 04:25:21 | WARD_B_TEMP_03 | 37.6 | WARNING
2026-09-22 04:25:21 | WARD_B_TEMP_04 | 40.0 | CRITICAL
2026-09-22 04:25:21 | WARD_B_TEMP_05 | 39.4 | CRITICAL
2026-09-22 04:25:22 | WARD_B_TEMP_01 | 38.4 | CRITICAL
2026-09-22 04:25:22 | WARD_B_TEMP_02 | 34.8 | CRITICAL
2026-09-22 04:25:22 | WARD_B_TEMP_03 | 35.0 | CRITICAL
2026-09-22 04:25:22 | WARD_B_TEMP_04 | 36.6 | NORMAL
2026-09-22 04:25:22 | WARD_B_TEMP_05 | 37.7 | WARNING
2026-09-22 04:25:23 | WARD_B_TEMP_01 | 36.3 | NORMAL
2026-09-22 04:25:23 | WARD_B_TEMP_02 | 39.1 | CRITICAL
2026-09-22 04:25:23 | WARD_B_TEMP_03 | 36.5 | NORMAL
2026-09-22 04:25:23 | WARD_B_TEMP_04 | 37.2 | NORMAL
2026-09-22 04:25:23 | WARD_B_TEMP_05 | 38.5 | CRITICAL
2026-09-22 04:25:24 | WARD_B_TEMP_01 | 38.5 | CRITICAL
2026-09-22 04:25:24 | WARD_B_TEMP_02 | 38.8 | CRITICAL
2026-09-22 04:25:24 | WARD_B_TEMP_03 | 35.5 | NORMAL
2026-09-22 04:25:24 | WARD_B_TEMP_04 | 38.1 | CRITICAL
2026-09-22 04:25:24 | WARD_B_TEMP_05 | 39.0 | CRITICAL
2026-09-22 04:25:25 | WARD_B_TEMP_01 | 38.2 | CRITICAL
2026-09-22 04:25:25 | WARD_B_TEMP_02 | 35.8 | NORMAL
2026-09-22 04:25:25 | WARD_B_TEMP_03 | 36.2 | NORMAL
2026-09-22 04:25:25 | WARD_B_TEMP_04 | 38.2 | CRITICAL
2026-09-22 04:25:25 | WARD_B_TEMP_05 | 35.6 | NORMAL
2026-09-22 04:25:26 | WARD_B_TEMP_01 | 36.8 | NORMAL
2026-09-22 04:25:26 | WARD_B_TEMP_02 | 35.6 | NORMAL
2026-09-22 04:25:26 | WARD_B_TEMP_03 | 40.3 | CRITICAL
2026-09-22 04:25:26 | WARD_B_TEMP_04 | 35.5 | NORMAL
2026-09-22 04:25:26 | WARD_B_TEMP_05 | 38.6 | CRITICAL
2026-09-22 04:25:27 | WARD_B_TEMP_01 | 36.2 | NORMAL
2026-09-22 04:25:27 | WARD_B_TEMP_02 | 36.8 | NORMAL
2026-09-22 04:25:27 | WARD_B_TEMP_03 | 34.6 | CRITICAL
2026-09-22 04:25:27 | WARD_B_TEMP_04 | 36.5 | NORMAL
2026-09-22 04:25:27 | WARD_B_TEMP_05 | 35.3 | CRITICAL
2026-09-22 04:25:28 | WARD_B_TEMP_01 | 39.0 | CRITICAL
2026-09-22 04:25:28 | WARD_B_TEMP_02 | 35.8 | NORMAL
2026-09-22 04:25:28 | WARD_B_TEMP_03 | 37.6 | WARNING
2026-09-22 04:25:28 | WARD_B_TEMP_04 | 37.2 | NORMAL
2026-09-22 04:25:28 | WARD_B_TEMP_05 | 34.7 | CRITICAL
2026-09-22 04:25:29 | WARD_B_TEMP_01 | 34.8 | CRITICAL
2026-09-22 04:25:29 | WARD_B_TEMP_02 | 36.9 | NORMAL
2026-09-22 04:25:29 | WARD_B_TEMP_03 | 36.9 | NORMAL
2026-09-22 04:25:29 | WARD_B_TEMP_04 | 37.3 | NORMAL
2026-09-22 04:25:29 | WARD_B_TEMP_05 | 35.8 | NORMAL
2026-09-22 04:25:30 | WARD_B_TEMP_01 | 37.7 | WARNING
2026-09-22 04:25:30 | WARD_B_TEMP_02 | 39.7 | CRITICAL
2026-09-22 04:25:30 | WARD_B_TEMP_03 | 38.8 | CRITICAL
2026-09-22 04:25:30 | WARD_B_TEMP_04 | 40.1 | CRITICAL
2026-09-22 04:25:30 | WARD_B_TEMP_05 | 36.2 | NORMAL
2026-09-22 04:25:31 | WARD_B_TEMP_01 | 36.8 | NORMAL
2026-09-22 04:25:31 | WARD_B_TEMP_02 | 35.4 | CRITICAL
2026-09-22 04:25:31 | WARD_B_TEMP_03 | 37.3 | NORMAL
2026-09-22 04:25:31 | WARD_B_TEMP_04 | 38.4 | CRITICAL
2026-09-22 04:25:31 | WARD_B_TEMP_05 | 39.1 | CRITICAL
2026-09-22 04:25:32 | WARD_B_TEMP_01 | 38.2 | CRITICAL
2026-09-22 04:25:32 | WARD_B_TEMP_02 | 34.9 | CRITICAL
2026-09-22 04:25:32 | WARD_B_TEMP_03 | 37.8 | WARNING
2026-09-22 04:25:32 | WARD_B_TEMP_04 | 40.0 | CRITICAL
2026-09-22 04:25:32 | WARD_B_TEMP_05 | 38.1 | CRITICAL
2026-09-22 04:25:33 | WARD_B_TEMP_01 | 39.3 | CRITICAL
2026-09-22 04:25:33 | WARD_B_TEMP_02 | 35.9 | NORMAL
2026-09-22 04:25:33 | WARD_B_TEMP_03 | 36.2 | NORMAL
2026-09-22 04:25:33 | WARD_B_TEMP_04 | 37.8 | WARNING
2026-09-22 04:25:33 | WARD_B_TEMP_05 | 37.4 | NORMAL
2026-09-22 04:25:34 | WARD_B_TEMP_01 | 38.6 | CRITICAL
2026-09-22 04:25:34 | WARD_B_TEMP_02 | 38.7 | CRITICAL
2026-09-22 04:25:34 | WARD_B_TEMP_03 | 39.8 | CRITICAL
2026-09-22 04:25:34 | WARD_B_TEMP_04 | 36.5 | NORMAL
2026-09-22 04:25:34 | WARD_B_TEMP_05 | 36.0 | NORMAL
2026-09-22 04:25:35 | WARD_B_TEMP_01 | 38.9 | CRITICAL
2026-09-22 04:25:35 | WARD_B_TEMP_02 | 36.4 | NORMAL
2026-09-22 04:25:35 | WARD_B_TEMP_03 | 36.1 | NORMAL
2026-09-22 04:25:35 | WARD_B_TEMP_04 | 34.6 | CRITICAL
2026-09-22 04:25:35 | WARD_B_TEMP_05 | 35.3 | CRITICAL
2026-09-22 04:25:36 | WARD_B_TEMP_01 | 36.8 | NORMAL
2026-09-22 04:25:36 | WARD_B_TEMP_02 | 39.8 | CRITICAL
2026-09-22 04:25:36 | WARD_B_TEMP_03 | 36.9 | NORMAL
2026-09-22 04:25:36 | WARD_B_TEMP_04 | 37.1 | NORMAL
2026-09-22 04:25:36 | WARD_B_TEMP_05 | 35.8 | NORMAL
2026-09-22 04:25:37 | WARD_B_TEMP_01 | 39.2 | CRITICAL
2026-09-22 04:25:37 | WARD_B_TEMP_02 | 39.6 | CRITICAL
2026-09-22 04:25:37 | WARD_B_TEMP_03 | 40.2 | CRITICAL
2026-09-22 04:25:37 | WARD_B_TEMP_04 | 37.9 | WARNING
2026-09-22 04:25:37 | WARD_B_TEMP_05 | 36.5 | NORMAL
2026-09-22 04:25:38 | WARD_B_TEMP_01 | 35.9 | NORMAL
2026-09-22 04:25:38 | WARD_B_TEMP_02 | 40.3 | CRITICAL
2026-09-22 04:25:38 | WARD_B_TEMP_03 | 37.1 | NORMAL
2026-09-22 04:25:38 | WARD_B_TEMP_04 | 36.1 | NORMAL
2026-09-22 04:25:38 | WARD_B_TEMP_05 | 38.3 | CRITICAL
2026-09-22 04:25:39 | WARD_B_TEMP_01 | 36.4 | NORMAL
2026-09-22 04:25:39 | WARD_B_TEMP_02 | 36.1 | NORMAL
2026-09-22 04:25:39 | WARD_B_TEMP_03 | 35.3 | CRITICAL
2026-09-22 04:25:39 | WARD_B_TEMP_04 | 37.7 | WARNING
2026-09-22 04:25:39 | WARD_B_TEMP_05 | 37.7 | WARNING
2026-09-22 04:25:40 | WARD_B_TEMP_01 | 38.5 | CRITICAL
2026-09-22 04:25:40 | WARD_B_TEMP_02 | 39.3 | CRITICAL
2026-09-22 04:25:40 | WARD_B_TEMP_03 | 34.7 | CRITICAL
2026-09-22 04:25:40 | WARD_B_TEMP_04 | 34.7 | CRITICAL
2026-09-22 04:25:40 | WARD_B_TEMP_05 | 38.3 | CRITICAL
2026-09-22 04:25:41 | WARD_B_TEMP_01 | 38.9 | CRITICAL
2026-09-22 04:25:41 | WARD_B_TEMP_02 | 37.6 | WARNING
2026-09-22 04:25:41 | WARD_B_TEMP_03 | 38.3 | CRITICAL
2026-09-22 04:25:41 | WARD_B_TEMP_04 | 36.0 | NORMAL
2026-09-22 04:25:41 | WARD_B_TEMP_05 | 36.4 | NORMAL
2026-09-22 04:25:42 | WARD_B_TEMP_01 | 39.1 | CRITICAL
2026-09-22 04:25:42 | WARD_B_TEMP_02 | 38.3 | CRITICAL
2026-09-22 04:25:42 | WARD_B_TEMP_03 | 38.5 | CRITICAL
2026-09-22 04:25:42 | WARD_B_TEMP_04 | 35.2 | CRITICAL
2026-09-22 04:25:42 | WARD_B_TEMP_05 | 35.5 | NORMAL
2026-09-22 04:25:43 | WARD_B_TEMP_01 | 38.1 | CRITICAL
2026-09-22 04:25:43 | WARD_B_TEMP_02 | 39.4 | CRITICAL
2026-09-22 04:25:43 | WARD_B_TEMP_03 | 37.8 | WARNING
2026-09-22 04:25:43 | WARD_B_TEMP_04 | 35.5 | NORMAL
2026-09-22 04:25:43 | WARD_B_TEMP_05 | 38.8 | CRITICAL
2026-09-22 04:25:44 | WARD_B_TEMP_01 | 37.1 | NORMAL
2026-09-22 04:25:44 | WARD_B_TEMP_02 | 38.4 | CRITICAL
2026-09-22 04:25:44 | WARD_B_TEMP_03 | 37.9 | WARNING
2026-09-22 04:25:44 | WARD_B_TEMP_04 | 38.6 | CRITICAL
2026-09-22 04:25:44 | WARD_B_TEMP_05 | 39.4 | CRITICAL
2026-09-22 04:25:45 | WARD_B_TEMP_01 | 40.2 | CRITICAL
2026-09-22 04:25:45 | WARD_B_TEMP_02 | 37.0 | NORMAL
2026-09-22 04:25:45 | WARD_B_TEMP_03 | 36.8 | NORMAL
2026-09-22 04:25:45 | WARD_B_TEMP_04 | 39.9 | CRITICAL
2026-09-22 04:25:45 | WARD_B_TEMP_05 | 37.7 | WARNING
2026-09-22 04:25:46 | WARD_B_TEMP_01 | 40.0 | CRITICAL
2026-09-22 04:25:46 | WARD_B_TEMP_02 | 36.5 | NORMAL
2026-09-22 04:25:46 | WARD_B_TEMP_03 | 35.1 | CRITICAL
2026-09-22 04:25:46 | WARD_B_TEMP_04 | 40.1 | CRITICAL
2026-09-22 04:25:46 | WARD_B_TEMP_05 | 35.0 | CRITICAL
2026-09-22 04:25:47 | WARD_B_TEMP_01 | 38.9 | CRITICAL
2026-09-22 04:25:47 | WARD_B_TEMP_02 | 38.8 | CRITICAL
2026-09-22 04:25:47 | WARD_B_TEMP_03 | 38.9 | CRITICAL
2026-09-22 04:25:47 | WARD_B_TEMP_04 | 35.5 | NORMAL
2026-09-22 04:25:47 | WARD_B_TEMP_05 | 38.2 | CRITICAL
2026-09-22 04:25:48 | WARD_B_TEMP_01 | 39.8 | CRITICAL
2026-09-22 04:25:48 | WARD_B_TEMP_02 | 34.7 | CRITICAL
2026-09-22 04:25:48 | WARD_B_TEMP_03 | 38.0 | WARNING
2026-09-22 04:25:48 | WARD_B_TEMP_04 | 39.3 | CRITICAL
2026-09-22 04:25:48 | WARD_B_TEMP_05 | 36.2 | NORMAL
2026-09-22 04:25:49 | WARD_B_TEMP_01 | 39.5 | CRITICAL
2026-09-22 04:25:49 | WARD_B_TEMP_02 | 36.3 | NORMAL
2026-09-22 04:25:49 | WARD_B_TEMP_03 | 38.3 | CRITICAL
2026-09-22 04:25:49 | WARD_B_TEMP_04 | 35.1 | CRITICAL
2026-09-22 04:25:49 | WARD_B_TEMP_05 | 36.8 | NORMAL
2026-09-22 04:25:50 | WARD_B_TEMP_01 | 35.1 | CRITICAL
2026-09-22 04:25:50 | WARD_B_TEMP_02 | 36.8 | NORMAL
2026-09-22 04:25:50 | WARD_B_TEMP_03 | 39.7 | CRITICAL
2026-09-22 04:25:50 | WARD_B_TEMP_04 | 38.2 | CRITICAL
2026-09-22 04:25:50 | WARD_B_TEMP_05 | 36.2 | NORMAL
2026-09-22 04:25:51 | WARD_B_TEMP_01 | 39.2 | CRITICAL
2026-09-22 04:25:51 | WARD_B_TEMP_02 | 36.7 | NORMAL
2026-09-22 04:25:51 | WARD_B_TEMP_03 | 38.8 | CRITICAL
2026-09-22 04:25:51 | WARD_B_TEMP_04 | 35.7 | NORMAL
2026-09-22 04:25:51 | WARD_B_TEMP_05 | 34.5 | CRITICAL
2026-09-22 04:25:52 | WARD_B_TEMP_01 | 39.8 | CRITICAL
2026-09-22 04:25:52 | WARD_B_TEMP_02 | 36.9 | NORMAL
2026-09-22 04:25:52 | WARD_B_TEMP_03 | 37.4 | NORMAL
2026-09-22 04:25:52 | WARD_B_TEMP_04 | 39.9 | CRITICAL
2026-09-22 04:25:52 | WARD_B_TEMP_05 | 36.5 | NORMAL
2026-09-22 04:25:53 | WARD_B_TEMP_01 | 35.0 | CRITICAL
2026-09-22 04:25:53 | WARD_B_TEMP_02 | 36.8 | NORMAL
2026-09-22 04:25:53 | WARD_B_TEMP_03 | 39.7 | CRITICAL
2026-09-22 04:25:53 | WARD_B_TEMP_04 | 37.1 | NORMAL
2026-09-22 04:25:53 | WARD_B_TEMP_05 | 39.7 | CRITICAL
2026-09-22 04:25:54 | WARD_B_TEMP_01 | 40.4 | CRITICAL
2026-09-22 04:25:54 | WARD_B_TEMP_02 | 36.7 | NORMAL
2026-09-22 04:25:54 | WARD_B_TEMP_03 | 36.0 | NORMAL
2026-09-22 04:25:54 | WARD_B_TEMP_04 | 35.2 | CRITICAL
2026-09-22 04:25:54 | WARD_B_TEMP_05 | 40.4 | CRITICAL
2026-09-22 04:25:55 | WARD_B_TEMP_01 | 40.0 | CRITICAL
2026-09-22 04:25:55 | WARD_B_TEMP_02 | 38.3 | CRITICAL
2026-09-22 04:25:55 | WARD_B_TEMP_03 | 35.6 | NORMAL
2026-09-22 04:25:55 | WARD_B_TEMP_04 | 39.8 | CRITICAL
2026-09-22 04:25:55 | WARD_B_TEMP_05 | 40.3 | CRITICAL
2026-09-22 04:25:56 | WARD_B_TEMP_01 | 37.6 | WARNING
2026-09-22 04:25:56 | WARD_B_TEMP_02 | 34.9 | CRITICAL
2026-09-22 04:25:56 | WARD_B_TEMP_03 | 39.3 | CRITICAL
2026-09-22 04:25:56 | WARD_B_TEMP_04 | 38.6 | CRITICAL
2026-09-22 04:25:56 | WARD_B_TEMP_05 | 38.3 | CRITICAL
2026-09-22 04:25:57 | WARD_B_TEMP_01 | 38.4 | CRITICAL
2026-09-22 04:25:57 | WARD_B_TEMP_02 | 38.0 | WARNING
2026-09-22 04:25:57 | WARD_B_TEMP_03 | 36.5 | NORMAL
2026-09-22 04:25:57 | WARD_B_TEMP_04 | 38.9 | CRITICAL
2026-09-22 04:25:57 | WARD_B_TEMP_05 | 34.9 | CRITICAL
2026-09-22 04:25:58 | WARD_B_TEMP_01 | 39.9 | CRITICAL
2026-09-22 04:25:58 | WARD_B_TEMP_02 | 38.8 | CRITICAL
2026-09-22 04:25:58 | WARD_B_TEMP_03 | 36.2 | NORMAL
2026-09-22 04:25:58 | WARD_B_TEMP_04 | 35.8 | NORMAL
2026-09-22 04:25:58 | WARD_B_TEMP_05 | 36.4 | NORMAL
2026-09-22 04:25:59 | WARD_B_TEMP_01 | 40.3 | CRITICAL
2026-09-22 04:25:59 | WARD_B_TEMP_02 | 39.8 | CRITICAL
2026-09-22 04:25:59 | WARD_B_TEMP_03 | 36.9 | NORMAL
2026-09-22 04:25:59 | WARD_B_TEMP_04 | 35.8 | NORMAL
2026-09-22 04:25:59 | WARD_B_TEMP_05 | 35.7 | NORMAL
2026-09-22 04:26:00 | WARD_B_TEMP_01 | 37.4 | NORMAL
2026-09-22 04:26:00 | WARD_B_TEMP_02 | 37.9 | WARNING
2026-09-22 04:26:00 | WARD_B_TEMP_03 | 37.2 | NORMAL
2026-09-22 04:26:00 | WARD_B_TEMP_04 | 36.6 | NORMAL
2026-09-22 04:26:00 | WARD_B_TEMP_05 | 35.5 | NORMAL
2026-09-22 04:26:01 | WARD_B_TEMP_01 | 38.5 | CRITICAL
2026-09-22 04:26:01 | WARD_B_TEMP_02 | 38.0 | WARNING
2026-09-22 04:26:01 | WARD_B_TEMP_03 | 39.0 | CRITICAL
2026-09-22 04:26:01 | WARD_B_TEMP_04 | 36.6 | NORMAL
2026-09-22 04:26:01 | WARD_B_TEMP_05 | 40.3 | CRITICAL
2026-09-22 04:26:02 | WARD_B_TEMP_01 | 39.3 | CRITICAL
2026-09-22 04:26:02 | WARD_B_TEMP_02 | 35.8 | NORMAL
2026-09-22 04:26:02 | WARD_B_TEMP_03 | 38.7 | CRITICAL
2026-09-22 04:26:02 | WARD_B_TEMP_04 | 36.3 | NORMAL
2026-09-22 04:26:02 | WARD_B_TEMP_05 | 37.0 | NORMAL
2026-09-22 04:26:03 | WARD_B_TEMP_01 | 35.6 | NORMAL
2026-09-22 04:26:03 | WARD_B_TEMP_02 | 39.5 | CRITICAL
2026-09-22 04:26:03 | WARD_B_TEMP_03 | 34.7 | CRITICAL
2026-09-22 04:26:03 | WARD_B_TEMP_04 | 39.2 | CRITICAL
2026-09-22 04:26:03 | WARD_B_TEMP_05 | 35.8 | NORMAL
2026-09-22 04:26:04 | WARD_B_TEMP_01 | 36.3 | NORMAL
2026-09-22 04:26:04 | WARD_B_TEMP_02 | 37.3 | NORMAL
2026-09-22 04:26:04 | WARD_B_TEMP_03 | 39.5 | CRITICAL
2026-09-22 04:26:04 | WARD_B_TEMP_04 | 34.5 | CRITICAL
2026-09-22 04:26:04 | WARD_B_TEMP_05 | 38.7 | CRITICAL
2026-09-22 04:26:05 | WARD_B_TEMP_01 | 40.0 | CRITICAL
2026-09-22 04:26:05 | WARD_B_TEMP_02 | 36.2 | NORMAL
2026-09-22 04:26:05 | WARD_B_TEMP_03 | 36.2 | NORMAL
2026-09-22 04:26:05 | WARD_B_TEMP_04 | 36.7 | NORMAL
2026-09-22 04:26:05 | WARD_B_TEMP_05 | 36.5 | NORMAL
2026-09-22 04:26:06 | WARD_B_TEMP_01 | 39.2 | CRITICAL
2026-09-22 04:26:06 | WARD_B_TEMP_02 | 36.1 | NORMAL
2026-09-22 04:26:06 | WARD_B_TEMP_03 | 39.7 | CRITICAL
2026-09-22 04:26:06 | WARD_B_TEMP_04 | 35.4 | CRITICAL
2026-09-22 04:26:06 | WARD_B_TEMP_05 | 39.4 | CRITICAL
2026-09-22 04:26:07 | WARD_B_TEMP_01 | 38.0 | WARNING
2026-09-22 04:26:07 | WARD_B_TEMP_02 | 39.2 | CRITICAL
2026-09-22 04:26:07 | WARD_B_TEMP_03 | 36.7 | NORMAL
2026-09-22 04:26:07 | WARD_B_TEMP_04 | 37.2 | NORMAL
2026-09-22 04:26:07 | WARD_B_TEMP_05 | 36.9 | NORMAL
2026-09-22 04:26:08 | WARD_B_TEMP_01 | 36.3 | NORMAL
2026-09-22 04:26:08 | WARD_B_TEMP_02 | 39.1 | CRITICAL
2026-09-22 04:26:08 | WARD_B_TEMP_03 | 36.9 | NORMAL
2026-09-22 04:26:08 | WARD_B_TEMP_04 | 36.4 | NORMAL
2026-09-22 04:26:08 | WARD_B_TEMP_05 | 37.4 | NORMAL
2026-09-22 04:26:09 | WARD_B_TEMP_01 | 37.5 | WARNING
2026-09-22 04:26:09 | WARD_B_TEMP_02 | 37.8 | WARNING
2026-09-22 04:26:09 | WARD_B_TEMP_03 | 39.4 | CRITICAL
2026-09-22 04:26:09 | WARD_B_TEMP_04 | 35.1 | CRITICAL
2026-09-22 04:26:09 | WARD_B_TEMP_05 | 35.9 | NORMAL
2026-09-22 04:26:10 | WARD_B_TEMP_01 | 38.5 | CRITICAL
2026-09-22 04:26:10 | WARD_B_TEMP_02 | 35.7 | NORMAL
2026-09-22 04:26:10 | WARD_B_TEMP_03 | 36.9 | NORMAL
2026-09-22 04:26:10 | WARD_B_TEMP_04 | 38.2 | CRITICAL
2026-09-22 04:26:10 | WARD_B_TEMP_05 | 36.1 | NORMAL
2026-09-22 04:26:11 | WARD_B_TEMP_01 | 38.4 | CRITICAL
2026-09-22 04:26:11 | WARD_B_TEMP_02 | 34.5 | CRITICAL
2026-09-22 04:26:11 | WARD_B_TEMP_03 | 37.9 | WARNING
2026-09-22 04:26:11 | WARD_B_TEMP_04 | 39.0 | CRITICAL
2026-09-22 04:26:11 | WARD_B_TEMP_05 | 37.6 | WARNING
2026-09-22 04:26:12 | WARD_B_TEMP_01 | 37.8 | WARNING
2026-09-22 04:26:12 | WARD_B_TEMP_02 | 36.5 | NORMAL
2026-09-22 04:26:12 | WARD_B_TEMP_03 | 38.4 | CRITICAL
2026-09-22 04:26:12 | WARD_B_TEMP_04 | 35.0 | CRITICAL
2026-09-22 04:26:12 | WARD_B_TEMP_05 | 35.6 | NORMAL
2026-09-22 04:26:13 | WARD_B_TEMP_01 | 38.0 | WARNING
2026-09-22 04:26:13 | WARD_B_TEMP_02 | 35.4 | CRITICAL
2026-09-22 04:26:13 | WARD_B_TEMP_03 | 39.6 | CRITICAL
2026-09-22 04:26:13 | WARD_B_TEMP_04 | 34.9 | CRITICAL
2026-09-22 04:26:13 | WARD_B_TEMP_05 | 37.7 | WARNING
2026-09-22 04:26:14 | WARD_B_TEMP_01 | 37.8 | WARNING
2026-09-22 04:26:14 | WARD_B_TEMP_02 | 35.5 | NORMAL
2026-09-22 04:26:14 | WARD_B_TEMP_03 | 35.3 | CRITICAL
2026-09-22 04:26:14 | WARD_B_TEMP_04 | 40.0 | CRITICAL
2026-09-22 04:26:14 | WARD_B_TEMP_05 | 36.4 | NORMAL
2026-09-22 04:26:15 | WARD_B_TEMP_01 | 35.0 | CRITICAL
2026-09-22 04:26:15 | WARD_B_TEMP_02 | 40.4 | CRITICAL
2026-09-22 04:26:15 | WARD_B_TEMP_03 | 35.4 | CRITICAL
2026-09-22 04:26:15 | WARD_B_TEMP_04 | 38.9 | CRITICAL
2026-09-22 04:26:15 | WARD_B_TEMP_05 | 37.1 | NORMAL
2026-09-22 04:26:16 | WARD_B_TEMP_01 | 36.3 | NORMAL
2026-09-22 04:26:16 | WARD_B_TEMP_02 | 39.6 | CRITICAL
2026-09-22 04:26:16 | WARD_B_TEMP_03 | 38.3 | CRITICAL
2026-09-22 04:26:16 | WARD_B_TEMP_04 | 37.4 | NORMAL
2026-09-22 04:26:16 | WARD_B_TEMP_05 | 37.4 | NORMAL
2026-09-22 04:26:17 | WARD_B_TEMP_01 | 35.0 | CRITICAL
2026-09-22 04:26:17 | WARD_B_TEMP_02 | 34.5 | CRITICAL
2026-09-22 04:26:17 | WARD_B_TEMP_03 | 38.1 | CRITICAL
2026-09-22 04:26:17 | WARD_B_TEMP_04 | 39.4 | CRITICAL
2026-09-22 04:26:17 | WARD_B_TEMP_05 | 39.2 | CRITICAL
2026-09-22 04:26:18 | WARD_B_TEMP_01 | 37.7 | WARNING
2026-09-22 04:26:18 | WARD_B_TEMP_02 | 37.0 | NORMAL
2026-09-22 04:26:18 | WARD_B_TEMP_03 | 35.2 | CRITICAL
2026-09-22 04:26:18 | WARD_B_TEMP_04 | 37.6 | WARNING
2026-09-22 04:26:18 | WARD_B_TEMP_05 | 37.6 | WARNING
2026-09-22 04:26:19 | WARD_B_TEMP_01 | 37.5 | WARNING
2026-09-22 04:26:19 | WARD_B_TEMP_02 | 35.4 | CRITICAL
2026-09-22 04:26:19 | WARD_B_TEMP_03 | 37.0 | NORMAL
2026-09-22 04:26:19 | WARD_B_TEMP_04 | 38.5 | CRITICAL
2026-09-22 04:26:19 | WARD_B_TEMP_05 | 34.5 | CRITICAL
2026-09-22 04:26:20 | WARD_B_TEMP_01 | 38.1 | CRITICAL
2026-09-22 04:26:20 | WARD_B_TEMP_02 | 36.0 | NORMAL
2026-09-22 04:26:20 | WARD_B_TEMP_03 | 36.6 | NORMAL
2026-09-22 04:26:20 | WARD_B_TEMP_04 | 36.5 | NORMAL
2026-09-22 04:26:20 | WARD_B_TEMP_05 | 35.0 | CRITICAL
2026-09-22 04:26:21 | WARD_B_TEMP_01 | 35.2 | CRITICAL
2026-09-22 04:26:21 | WARD_B_TEMP_02 | 36.4 | NORMAL
2026-09-22 04:26:21 | WARD_B_TEMP_03 | 38.2 | CRITICAL
2026-09-22 04:26:21 | WARD_B_TEMP_04 | 40.3 | CRITICAL
2026-09-22 04:26:21 | WARD_B_TEMP_05 | 36.1 | NORMAL
2026-09-22 04:26:22 | WARD_B_TEMP_01 | 36.8 | NORMAL
2026-09-22 04:26:22 | WARD_B_TEMP_02 | 34.8 | CRITICAL
2026-09-22 04:26:22 | WARD_B_TEMP_03 | 36.3 | NORMAL
2026-09-22 04:26:22 | WARD_B_TEMP_04 | 37.3 | NORMAL
2026-09-22 04:26:22 | WARD_B_TEMP_05 | 38.1 | CRITICAL
2026-09-22 04:26:23 | WARD_B_TEMP_01 | 36.7 | NORMAL
2026-09-22 04:26:23 | WARD_B_TEMP_02 | 40.4 | CRITICAL
2026-09-22 04:26:23 | WARD_B_TEMP_03 | 37.9 | WARNING
2026-09-22 04:26:23 | WARD_B_TEMP_04 | 35.3 | CRITICAL
2026-09-22 04:26:23 | WARD_B_TEMP_05 | 40.4 | CRITICAL
2026-09-22 04:26:24 | WARD_B_TEMP_01 | 35.9 | NORMAL
2026-09-22 04:26:24 | WARD_B_TEMP_02 | 39.1 | CRITICAL
2026-09-22 04:26:24 | WARD_B_TEMP_03 | 38.8 | CRITICAL
2026-09-22 04:26:24 | WARD_B_TEMP_04 | 39.3 | CRITICAL
2026-09-22 04:26:24 | WARD_B_TEMP_05 | 36.8 | NORMAL
2026-09-22 04:26:25 | WARD_B_TEMP_01 | 37.9 | WARNING
2026-09-22 04:26:25 | WARD_B_TEMP_02 | 38.7 | CRITICAL
2026-09-22 04:26:25 | WARD_B_TEMP_03 | 36.7 | NORMAL
2026-09-22 04:26:25 | WARD_B_TEMP_04 | 38.4 | CRITICAL
2026-09-22 04:26:25 | WARD_B_TEMP_05 | 35.9 | NORMAL
2026-09-22 04:26:26 | WARD_B_TEMP_01 | 38.9 | CRITICAL
2026-09-22 04:26:26 | WARD_B_TEMP_02 | 34.9 | CRITICAL
2026-09-22 04:26:26 | WARD_B_TEMP_03 | 35.0 | CRITICAL
2026-09-22 04:26:26 | WARD_B_TEMP_04 | 37.8 | WARNING
2026-09-22 04:26:26 | WARD_B_TEMP_05 | 37.8 | WARNING
2026-09-22 04:26:27 | WARD_B_TEMP_01 | 35.9 | NORMAL
2026-09-22 04:26:27 | WARD_B_TEMP_02 | 39.9 | CRITICAL
2026-09-22 04:26:27 | WARD_B_TEMP_03 | 37.2 | NORMAL
2026-09-22 04:26:27 | WARD_B_TEMP_04 | 34.5 | CRITICAL
2026-09-22 04:26:27 | WARD_B_TEMP_05 | 38.3 | CRITICAL
2026-09-22 04:26:28 | WARD_B_TEMP_01 | 39.7 | CRITICAL
2026-09-22 04:26:28 | WARD_B_TEMP_02 | 40.2 | CRITICAL
2026-09-22 04:26:28 | WARD_B_TEMP_03 | 37.7 | WARNING
2026-09-22 04:26:28 | WARD_B_TEMP_04 | 39.5 | CRITICAL
2026-09-22 04:26:28 | WARD_B_TEMP_05 | 35.2 | CRITICAL
2026-09-22 04:26:29 | WARD_B_TEMP_01 | 38.2 | CRITICAL
2026-09-22 04:26:29 | WARD_B_TEMP_02 | 40.0 | CRITICAL
2026-09-22 04:26:29 | WARD_B_TEMP_03 | 37.1 | NORMAL
2026-09-22 04:26:29 | WARD_B_TEMP_04 | 36.8 | NORMAL
2026-09-22 04:26:29 | WARD_B_TEMP_05 | 34.8 | CRITICAL
2026-09-22 04:26:30 | WARD_B_TEMP_01 | 39.6 | CRITICAL
2026-09-22 04:26:30 | WARD_B_TEMP_02 | 35.5 | NORMAL
2026-09-22 04:26:30 | WARD_B_TEMP_03 | 37.3 | NORMAL
2026-09-22 04:26:30 | WARD_B_TEMP_04 | 38.4 | CRITICAL
2026-09-22 04:26:30 | WARD_B_TEMP_05 | 36.8 | NORMAL
2026-09-22 04:26:31 | WARD_B_TEMP_01 | 38.2 | CRITICAL
2026-09-22 04:26:31 | WARD_B_TEMP_02 | 39.0 | CRITICAL
2026-09-22 04:26:31 | WARD_B_TEMP_03 | 35.3 | CRITICAL
2026-09-22 04:26:31 | WARD_B_TEMP_04 | 35.1 | CRITICAL
2026-09-22 04:26:31 | WARD_B_TEMP_05 | 38.7 | CRITICAL
2026-09-22 04:26:32 | WARD_B_TEMP_01 | 37.4 | NORMAL
2026-09-22 04:26:32 | WARD_B_TEMP_02 | 36.8 | NORMAL
2026-09-22 04:26:32 | WARD_B_TEMP_03 | 37.9 | WARNING
2026-09-22 04:26:32 | WARD_B_TEMP_04 | 35.4 | CRITICAL
2026-09-22 04:26:32 | WARD_B_TEMP_05 | 39.1 | CRITICAL
2026-09-22 04:26:33 | WARD_B_TEMP_01 | 37.9 | WARNING
2026-09-22 04:26:33 | WARD_B_TEMP_02 | 38.0 | WARNING
2026-09-22 04:26:33 | WARD_B_TEMP_03 | 36.8 | NORMAL
2026-09-22 04:26:33 | WARD_B_TEMP_04 | 36.8 | NORMAL
2026-09-22 04:26:33 | WARD_B_TEMP_05 | 38.1 | CRITICAL
2026-09-22 04:26:34 | WARD_B_TEMP_01 | 36.1 | NORMAL
2026-09-22 04:26:34 | WARD_B_TEMP_02 | 39.4 | CRITICAL
2026-09-22 04:26:34 | WARD_B_TEMP_03 | 35.9 | NORMAL
2026-09-22 04:26:34 | WARD_B_TEMP_04 | 38.1 | CRITICAL
2026-09-22 04:26:34 | WARD_B_TEMP_05 | 37.7 | WARNING
2026-09-22 04:26:35 | WARD_B_TEMP_01 | 38.7 | CRITICAL
2026-09-22 04:26:35 | WARD_B_TEMP_02 | 34.8 | CRITICAL
2026-09-22 04:26:35 | WARD_B_TEMP_03 | 37.6 | WARNING
2026-09-22 04:26:35 | WARD_B_TEMP_04 | 40.0 | CRITICAL
2026-09-22 04:26:35 | WARD_B_TEMP_05 | 40.3 | CRITICAL
2026-09-22 04:26:36 | WARD_B_TEMP_01 | 39.0 | CRITICAL
2026-09-22 04:26:36 | WARD_B_TEMP_02 | 40.0 | CRITICAL
2026-09-22 04:26:36 | WARD_B_TEMP_03 | 39.1 | CRITICAL
2026-09-22 04:26:36 | WARD_B_TEMP_04 | 38.9 | CRITICAL
2026-09-22 04:26:36 | WARD_B_TEMP_05 | 36.9 | NORMAL
2026-09-22 04:26:37 | WARD_B_TEMP_01 | 38.1 | CRITICAL
2026-09-22 04:26:37 | WARD_B_TEMP_02 | 38.7 | CRITICAL
2026-09-22 04:26:37 | WARD_B_TEMP_03 | 34.8 | CRITICAL
2026-09-22 04:26:37 | WARD_B_TEMP_04 | 39.1 | CRITICAL
2026-09-22 04:26:37 | WARD_B_TEMP_05 | 39.8 | CRITICAL
2026-09-22 04:26:38 | WARD_B_TEMP_01 | 39.4 | CRITICAL
2026-09-22 04:26:38 | WARD_B_TEMP_02 | 36.7 | NORMAL
2026-09-22 04:26:38 | WARD_B_TEMP_03 | 36.3 | NORMAL
2026-09-22 04:26:38 | WARD_B_TEMP_04 | 38.7 | CRITICAL
2026-09-22 04:26:38 | WARD_B_TEMP_05 | 36.9 | NORMAL
2026-09-22 04:26:39 | WARD_B_TEMP_01 | 37.8 | WARNING
2026-09-22 04:26:39 | WARD_B_TEMP_02 | 37.8 | WARNING
2026-09-22 04:26:39 | WARD_B_TEMP_03 | 40.4 | CRITICAL
2026-09-22 04:26:39 | WARD_B_TEMP_04 | 38.8 | CRITICAL
2026-09-22 04:26:39 | WARD_B_TEMP_05 | 35.8 | NORMAL
2026-09-22 04:26:40 | WARD_B_TEMP_01 | 38.3 | CRITICAL
2026-09-22 04:26:40 | WARD_B_TEMP_02 | 39.8 | CRITICAL
2026-09-22 04:26:40 | WARD_B_TEMP_03 | 35.8 | NORMAL
2026-09-22 04:26:40 | WARD_B_TEMP_04 | 34.9 | CRITICAL
2026-09-22 04:26:40 | WARD_B_TEMP_05 | 35.9 | NORMAL
2026-09-22 04:26:41 | WARD_B_TEMP_01 | 38.0 | WARNING
2026-09-22 04:26:41 | WARD_B_TEMP_02 | 38.9 | CRITICAL
2026-09-22 04:26:41 | WARD_B_TEMP_03 | 35.0 | CRITICAL
2026-09-22 04:26:41 | WARD_B_TEMP_04 | 40.2 | CRITICAL
2026-09-22 04:26:41 | WARD_B_TEMP_05 | 36.8 | NORMAL
2026-09-22 04:26:42 | WARD_B_TEMP_01 | 40.0 | CRITICAL
2026-09-22 04:26:42 | WARD_B_TEMP_02 | 34.8 | CRITICAL
2026-09-22 04:26:42 | WARD_B_TEMP_03 | 39.4 | CRITICAL
2026-09-22 04:26:42 | WARD_B_TEMP_04 | 39.0 | CRITICAL
2026-09-22 04:26:42 | WARD_B_TEMP_05 | 39.7 | CRITICAL
2026-09-22 04:26:43 | WARD_B_TEMP_01 | 40.3 | CRITICAL
2026-09-22 04:26:43 | WARD_B_TEMP_02 | 35.8 | NORMAL
2026-09-22 04:26:43 | WARD_B_TEMP_03 | 37.0 | NORMAL
2026-09-22 04:26:43 | WARD_B_TEMP_04 | 34.5 | CRITICAL
2026-09-22 04:26:43 | WARD_B_TEMP_05 | 36.2 | NORMAL
2026-09-22 04:26:44 | WARD_B_TEMP_01 | 36.0 | NORMAL
2026-09-22 04:26:44 | WARD_B_TEMP_02 | 40.4 | CRITICAL
2026-09-22 04:26:44 | WARD_B_TEMP_03 | 36.9 | NORMAL
2026-09-22 04:26:44 | WARD_B_TEMP_04 | 37.6 | WARNING
2026-09-22 04:26:44 | WARD_B_TEMP_05 | 36.3 | NORMAL
2026-09-22 04:26:45 | WARD_B_TEMP_01 | 39.9 | CRITICAL
2026-09-22 04:26:45 | WARD_B_TEMP_02 | 36.3 | NORMAL
2026-09-22 04:26:45 | WARD_B_TEMP_03 | 35.0 | CRITICAL
2026-09-22 04:26:45 | WARD_B_TEMP_04 | 39.9 | CRITICAL
2026-09-22 04:26:45 | WARD_B_TEMP_05 | 38.9 | CRITICAL
2026-09-22 04:26:46 | WARD_B_TEMP_01 | 39.3 | CRITICAL
2026-09-22 04:26:46 | WARD_B_TEMP_02 | 38.7 | CRITICAL
2026-09-22 04:26:46 | WARD_B_TEMP_03 | 39.2 | CRITICAL
2026-09-22 04:26:46 | WARD_B_TEMP_04 | 40.2 | CRITICAL
2026-09-22 04:26:46 | WARD_B_TEMP_05 | 37.4 | NORMAL
2026-09-22 04:26:47 | WARD_B_TEMP_01 | 34.7 | CRITICAL
2026-09-22 04:26:47 | WARD_B_TEMP_02 | 40.1 | CRITICAL
2026-09-22 04:26:47 | WARD_B_TEMP_03 | 38.5 | CRITICAL
2026-09-22 04:26:47 | WARD_B_TEMP_04 | 37.4 | NORMAL
2026-09-22 04:26:47 | WARD_B_TEMP_05 | 35.8 | NORMAL
2026-09-22 04:26:48 | WARD_B_TEMP_01 | 35.9 | NORMAL
2026-09-22 04:26:48 | WARD_B_TEMP_02 | 39.2 | CRITICAL
2026-09-22 04:26:48 | WARD_B_TEMP_03 | 38.0 | WARNING
2026-09-22 04:26:48 | WARD_B_TEMP_04 | 35.7 | NORMAL
2026-09-22 04:26:48 | WARD_B_TEMP_05 | 36.4 | NORMAL
2026-09-22 04:26:49 | WARD_B_TEMP_01 | 36.0 | NORMAL
2026-09-22 04:26:49 | WARD_B_TEMP_02 | 39.6 | CRITICAL
2026-09-22 04:26:49 | WARD_B_TEMP_03 | 37.6 | WARNING
2026-09-22 04:26:49 | WARD_B_TEMP_04 | 34.8 | CRITICAL
2026-09-22 04:26:49 | WARD_B_TEMP_05 | 35.3 | CRITICAL
2026-09-22 04:26:50 | WARD_B_TEMP_01 | 38.6 | CRITICAL
2026-09-22 04:26:50 | WARD_B_TEMP_02 | 38.6 | CRITICAL
2026-09-22 04:26:50 | WARD_B_TEMP_03 | 37.8 | WARNING
2026-09-22 04:26:50 | WARD_B_TEMP_04 | 36.0 | NORMAL
2026-09-22 04:26:50 | WARD_B_TEMP_05 | 39.7 | CRITICAL
2026-09-22 04:26:51 | WARD_B_TEMP_01 | 36.0 | NORMAL
2026-09-22 04:26:51 | WARD_B_TEMP_02 | 38.0 | WARNING
2026-09-22 04:26:51 | WARD_B_TEMP_03 | 34.9 | CRITICAL
2026-09-22 04:26:51 | WARD_B_TEMP_04 | 37.4 | NORMAL
2026-09-22 04:26:51 | WARD_B_TEMP_05 | 35.0 | CRITICAL
2026-09-22 04:26:52 | WARD_B_TEMP_01 | 40.0 | CRITICAL
2026-09-22 04:26:52 | WARD_B_TEMP_02 | 37.8 | WARNING
2026-09-22 04:26:52 | WARD_B_TEMP_03 | 37.3 | NORMAL
2026-09-22 04:26:52 | WARD_B_TEMP_04 | 40.0 | CRITICAL
2026-09-22 04:26:52 | WARD_B_TEMP_05 | 36.6 | NORMAL
2026-09-22 04:26:53 | WARD_B_TEMP_01 | 35.6 | NORMAL
2026-09-22 04:26:53 | WARD_B_TEMP_02 | 37.8 | WARNING
2026-09-22 04:26:53 | WARD_B_TEMP_03 | 35.2 | CRITICAL
2026-09-22 04:26:53 | WARD_B_TEMP_04 | 35.8 | NORMAL
2026-09-22 04:26:53 | WARD_B_TEMP_05 | 38.5 | CRITICAL
2026-09-22 04:26:54 | WARD_B_TEMP_01 | 39.5 | CRITICAL
2026-09-22 04:26:54 | WARD_B_TEMP_02 | 36.7 | NORMAL
2026-09-22 04:26:54 | WARD_B_TEMP_03 | 38.1 | CRITICAL
2026-09-22 04:26:54 | WARD_B_TEMP_04 | 35.7 | NORMAL
2026-09-22 04:26:54 | WARD_B_TEMP_05 | 39.4 | CRITICAL
2026-09-22 04:26:55 | WARD_B_TEMP_01 | 35.7 | NORMAL
2026-09-22 04:26:55 | WARD_B_TEMP_02 | 37.3 | NORMAL
2026-09-22 04:26:55 | WARD_B_TEMP_03 | 36.5 | NORMAL
2026-09-22 04:26:55 | WARD_B_TEMP_04 | 34.9 | CRITICAL
2026-09-22 04:26:55 | WARD_B_TEMP_05 | 35.6 | NORMAL
2026-09-22 04:26:56 | WARD_B_TEMP_01 | 39.0 | CRITICAL
2026-09-22 04:26:56 | WARD_B_TEMP_02 | 35.9 | NORMAL
2026-09-22 04:26:56 | WARD_B_TEMP_03 | 36.2 | NORMAL
2026-09-22 04:26:56 | WARD_B_TEMP_04 | 37.9 | WARNING
2026-09-22 04:26:56 | WARD_B_TEMP_05 | 35.9 | NORMAL
2026-09-22 04:26:57 | WARD_B_TEMP_01 | 36.5 | NORMAL
2026-09-22 04:26:57 | WARD_B_TEMP_02 | 38.3 | CRITICAL
2026-09-22 04:26:57 | WARD_B_TEMP_03 | 37.5 | WARNING
2026-09-22 04:26:57 | WARD_B_TEMP_04 | 39.6 | CRITICAL
2026-09-22 04:26:57 | WARD_B_TEMP_05 | 36.6 | NORMAL
2026-09-22 04:26:58 | WARD_B_TEMP_01 | 35.8 | NORMAL
2026-09-22 04:26:58 | WARD_B_TEMP_02 | 39.2 | CRITICAL
2026-09-22 04:26:58 | WARD_B_TEMP_03 | 38.9 | CRITICAL
2026-09-22 04:26:58 | WARD_B_TEMP_04 | 35.3 | CRITICAL
2026-09-22 04:26:58 | WARD_B_TEMP_05 | 36.1 | NORMAL
2026-09-22 04:26:59 | WARD_B_TEMP_01 | 38.6 | CRITICAL
2026-09-22 04:26:59 | WARD_B_TEMP_02 | 35.6 | NORMAL
2026-09-22 04:26:59 | WARD_B_TEMP_03 | 39.2 | CRITICAL
2026-09-22 04:26:59 | WARD_B_TEMP_04 | 35.4 | CRITICAL
2026-09-22 04:26:59 | WARD_B_TEMP_05 | 39.7 | CRITICAL
2026-09-22 04:27:00 | WARD_B_TEMP_01 | 38.6 | CRITICAL
2026-09-22 04:27:00 | WARD_B_TEMP_02 | 37.4 | NORMAL
2026-09-22 04:27:00 | WARD_B_TEMP_03 | 36.7 | NORMAL
2026-09-22 04:27:00 | WARD_B_TEMP_04 | 39.9 | CRITICAL
2026-09-22 04:27:00 | WARD_B_TEMP_05 | 35.2 | CRITICAL
2026-09-22 04:27:01 | WARD_B_TEMP_01 | 34.7 | CRITICAL
2026-09-22 04:27:01 | WARD_B_TEMP_02 | 39.2 | CRITICAL
2026-09-22 04:27:01 | WARD_B_TEMP_03 | 40.5 | CRITICAL
2026-09-22 04:27:01 | WARD_B_TEMP_04 | 35.6 | NORMAL
2026-09-22 04:27:01 | WARD_B_TEMP_05 | 37.5 | WARNING
2026-09-22 04:27:02 | WARD_B_TEMP_01 | 37.3 | NORMAL
2026-09-22 04:27:02 | WARD_B_TEMP_02 | 35.1 | CRITICAL
2026-09-22 04:27:02 | WARD_B_TEMP_03 | 35.5 | NORMAL
2026-09-22 04:27:02 | WARD_B_TEMP_04 | 34.9 | CRITICAL
2026-09-22 04:27:02 | WARD_B_TEMP_05 | 35.5 | NORMAL
2026-09-22 04:27:03 | WARD_B_TEMP_01 | 35.5 | NORMAL
2026-09-22 04:27:03 | WARD_B_TEMP_02 | 40.5 | CRITICAL
2026-09-22 04:27:03 | WARD_B_TEMP_03 | 38.6 | CRITICAL
2026-09-22 04:27:03 | WARD_B_TEMP_04 | 35.6 | NORMAL
2026-09-22 04:27:03 | WARD_B_TEMP_05 | 35.0 | CRITICAL
2026-09-22 04:27:04 | WARD_B_TEMP_01 | 38.5 | CRITICAL
2026-09-22 04:27:04 | WARD_B_TEMP_02 | 39.4 | CRITICAL
2026-09-22 04:27:04 | WARD_B_TEMP_03 | 34.6 | CRITICAL
2026-09-22 04:27:04 | WARD_B_TEMP_04 | 36.9 | NORMAL
2026-09-22 04:27:04 | WARD_B_TEMP_05 | 36.7 | NORMAL
2026-09-22 04:27:05 | WARD_B_TEMP_01 | 37.8 | WARNING
2026-09-22 04:27:05 | WARD_B_TEMP_02 | 34.9 | CRITICAL
2026-09-22 04:27:05 | WARD_B_TEMP_03 | 38.2 | CRITICAL
2026-09-22 04:27:05 | WARD_B_TEMP_04 | 39.6 | CRITICAL
2026-09-22 04:27:05 | WARD_B_TEMP_05 | 37.7 | WARNING
2026-09-22 04:27:06 | WARD_B_TEMP_01 | 39.9 | CRITICAL
2026-09-22 04:27:06 | WARD_B_TEMP_02 | 39.5 | CRITICAL
2026-09-22 04:27:06 | WARD_B_TEMP_03 | 38.7 | CRITICAL
2026-09-22 04:27:06 | WARD_B_TEMP_04 | 35.7 | NORMAL
2026-09-22 04:27:06 | WARD_B_TEMP_05 | 37.4 | NORMAL
2026-09-22 04:27:07 | WARD_B_TEMP_01 | 36.7 | NORMAL
2026-09-22 04:27:07 | WARD_B_TEMP_02 | 39.9 | CRITICAL
2026-09-22 04:27:07 | WARD_B_TEMP_03 | 38.9 | CRITICAL
2026-09-22 04:27:07 | WARD_B_TEMP_04 | 35.8 | NORMAL
2026-09-22 04:27:07 | WARD_B_TEMP_05 | 38.4 | CRITICAL
2026-09-22 04:27:08 | WARD_B_TEMP_01 | 35.1 | CRITICAL
2026-09-22 04:27:08 | WARD_B_TEMP_02 | 38.9 | CRITICAL
2026-09-22 04:27:08 | WARD_B_TEMP_03 | 40.3 | CRITICAL
2026-09-22 04:27:08 | WARD_B_TEMP_04 | 34.9 | CRITICAL
2026-09-22 04:27:08 | WARD_B_TEMP_05 | 40.1 | CRITICAL
2026-09-22 04:27:09 | WARD_B_TEMP_01 | 35.7 | NORMAL
2026-09-22 04:27:09 | WARD_B_TEMP_02 | 36.4 | NORMAL
2026-09-22 04:27:09 | WARD_B_TEMP_03 | 37.0 | NORMAL
2026-09-22 04:27:09 | WARD_B_TEMP_04 | 37.8 | WARNING
2026-09-22 04:27:09 | WARD_B_TEMP_05 | 39.2 | CRITICAL
2026-09-22 04:27:10 | WARD_B_TEMP_01 | 38.6 | CRITICAL
2026-09-22 04:27:10 | WARD_B_TEMP_02 | 35.5 | NORMAL
2026-09-22 04:27:10 | WARD_B_TEMP_03 | 38.3 | CRITICAL
2026-09-22 04:27:10 | WARD_B_TEMP_04 | 38.4 | CRITICAL
2026-09-22 04:27:10 | WARD_B_TEMP_05 | 38.4 | CRITICAL
2026-09-22 04:27:11 | WARD_B_TEMP_01 | 39.4 | CRITICAL
2026-09-22 04:27:11 | WARD_B_TEMP_02 | 37.4 | NORMAL
2026-09-22 04:27:11 | WARD_B_TEMP_03 | 36.7 | NORMAL
2026-09-22 04:27:11 | WARD_B_TEMP_04 | 36.6 | NORMAL
2026-09-22 04:27:11 | WARD_B_TEMP_05 | 36.0 | NORMAL
2026-09-22 04:27:12 | WARD_B_TEMP_01 | 40.1 | CRITICAL
2026-09-22 04:27:12 | WARD_B_TEMP_02 | 35.5 | NORMAL
2026-09-22 04:27:12 | WARD_B_TEMP_03 | 34.5 | CRITICAL
2026-09-22 04:27:12 | WARD_B_TEMP_04 | 40.3 | CRITICAL
2026-09-22 04:27:12 | WARD_B_TEMP_05 | 38.0 | WARNING
2026-09-22 04:27:13 | WARD_B_TEMP_01 | 37.9 | WARNING
2026-09-22 04:27:13 | WARD_B_TEMP_02 | 40.1 | CRITICAL
2026-09-22 04:27:13 | WARD_B_TEMP_03 | 34.6 | CRITICAL
2026-09-22 04:27:13 | WARD_B_TEMP_04 | 39.6 | CRITICAL
2026-09-22 04:27:13 | WARD_B_TEMP_05 | 38.2 | CRITICAL
2026-09-22 04:27:14 | WARD_B_TEMP_01 | 38.0 | WARNING
2026-09-22 04:27:14 | WARD_B_TEMP_02 | 37.3 | NORMAL
2026-09-22 04:27:14 | WARD_B_TEMP_03 | 39.1 | CRITICAL
2026-09-22 04:27:14 | WARD_B_TEMP_04 | 37.3 | NORMAL
2026-09-22 04:27:14 | WARD_B_TEMP_05 | 40.2 | CRITICAL
2026-09-22 04:27:15 | WARD_B_TEMP_01 | 40.4 | CRITICAL
2026-09-22 04:27:15 | WARD_B_TEMP_02 | 36.6 | NORMAL
2026-09-22 04:27:15 | WARD_B_TEMP_03 | 35.4 | CRITICAL
2026-09-22 04:27:15 | WARD_B_TEMP_04 | 39.6 | CRITICAL
2026-09-22 04:27:15 | WARD_B_TEMP_05 | 36.1 | NORMAL
2026-09-22 04:27:16 | WARD_B_TEMP_01 | 40.2 | CRITICAL
2026-09-22 04:27:16 | WARD_B_TEMP_02 | 37.2 | NORMAL
2026-09-22 04:27:16 | WARD_B_TEMP_03 | 39.5 | CRITICAL
2026-09-22 04:27:16 | WARD_B_TEMP_04 | 37.3 | NORMAL
2026-09-22 04:27:16 | WARD_B_TEMP_05 | 37.3 | NORMAL
2026-09-22 04:27:17 | WARD_B_TEMP_01 | 37.5 | WARNING
2026-09-22 04:27:17 | WARD_B_TEMP_02 | 39.3 | CRITICAL
2026-09-22 04:27:17 | WARD_B_TEMP_03 | 35.2 | CRITICAL
2026-09-22 04:27:17 | WARD_B_TEMP_04 | 38.2 | CRITICAL
2026-09-22 04:27:17 | WARD_B_TEMP_05 | 37.1 | NORMAL
2026-09-22 04:27:18 | WARD_B_TEMP_01 | 36.9 | NORMAL
2026-09-22 04:27:18 | WARD_B_TEMP_02 | 35.5 | NORMAL
2026-09-22 04:27:18 | WARD_B_TEMP_03 | 38.5 | CRITICAL
2026-09-22 04:27:18 | WARD_B_TEMP_04 | 36.2 | NORMAL
2026-09-22 04:27:18 | WARD_B_TEMP_05 | 37.5 | WARNING
2026-09-22 04:27:19 | WARD_B_TEMP_01 | 36.9 | NORMAL
2026-09-22 04:27:19 | WARD_B_TEMP_02 | 34.8 | CRITICAL
2026-09-22 04:27:19 | WARD_B_TEMP_03 | 36.2 | NORMAL
2026-09-22 04:27:19 | WARD_B_TEMP_04 | 37.8 | WARNING
2026-09-22 04:27:19 | WARD_B_TEMP_05 | 36.6 | NORMAL
2026-09-22 04:27:20 | WARD_B_TEMP_01 | 38.6 | CRITICAL
2026-09-22 04:27:20 | WARD_B_TEMP_02 | 39.9 | CRITICAL
2026-09-22 04:27:20 | WARD_B_TEMP_03 | 39.9 | CRITICAL
2026-09-22 04:27:20 | WARD_B_TEMP_04 | 35.8 | NORMAL
2026-09-22 04:27:20 | WARD_B_TEMP_05 | 39.2 | CRITICAL
2026-09-22 04:27:21 | WARD_B_TEMP_01 | 40.4 | CRITICAL
2026-09-22 04:27:21 | WARD_B_TEMP_02 | 40.2 | CRITICAL
2026-09-22 04:27:21 | WARD_B_TEMP_03 | 39.7 | CRITICAL
2026-09-22 04:27:21 | WARD_B_TEMP_04 | 38.1 | CRITICAL
2026-09-22 04:27:21 | WARD_B_TEMP_05 | 39.5 | CRITICAL
2026-09-22 04:27:22 | WARD_B_TEMP_01 | 38.1 | CRITICAL
2026-09-22 04:27:22 | WARD_B_TEMP_02 | 38.7 | CRITICAL
2026-09-22 04:27:22 | WARD_B_TEMP_03 | 35.1 | CRITICAL
2026-09-22 04:27:22 | WARD_B_TEMP_04 | 38.9 | CRITICAL
2026-09-22 04:27:22 | WARD_B_TEMP_05 | 36.5 | NORMAL
2026-09-22 04:27:23 | WARD_B_TEMP_01 | 35.3 | CRITICAL
2026-09-22 04:27:23 | WARD_B_TEMP_02 | 40.5 | CRITICAL
2026-09-22 04:27:23 | WARD_B_TEMP_03 | 36.3 | NORMAL
2026-09-22 04:27:23 | WARD_B_TEMP_04 | 36.5 | NORMAL
2026-09-22 04:27:23 | WARD_B_TEMP_05 | 34.6 | CRITICAL
2026-09-22 04:27:24 | WARD_B_TEMP_01 | 39.1 | CRITICAL
2026-09-22 04:27:24 | WARD_B_TEMP_02 | 39.6 | CRITICAL
2026-09-22 04:27:24 | WARD_B_TEMP_03 | 39.7 | CRITICAL
2026-09-22 04:27:24 | WARD_B_TEMP_04 | 36.3 | NORMAL
2026-09-22 04:27:24 | WARD_B_TEMP_05 | 36.4 | NORMAL
2026-09-22 04:27:25 | WARD_B_TEMP_01 | 36.8 | NORMAL
2026-09-22 04:27:25 | WARD_B_TEMP_02 | 39.8 | CRITICAL
2026-09-22 04:27:25 | WARD_B_TEMP_03 | 38.7 | CRITICAL
2026-09-22 04:27:25 | WARD_B_TEMP_04 | 36.2 | NORMAL
2026-09-22 04:27:25 | WARD_B_TEMP_05 | 39.5 | CRITICAL
2026-09-22 04:27:26 | WARD_B_TEMP_01 | 38.4 | CRITICAL
2026-09-22 04:27:26 | WARD_B_TEMP_02 | 34.6 | CRITICAL
2026-09-22 04:27:26 | WARD_B_TEMP_03 | 36.2 | NORMAL
2026-09-22 04:27:26 | WARD_B_TEMP_04 | 35.4 | CRITICAL
2026-09-22 04:27:26 | WARD_B_TEMP_05 | 38.5 | CRITICAL
2026-09-22 04:27:27 | WARD_B_TEMP_01 | 39.7 | CRITICAL
2026-09-22 04:27:27 | WARD_B_TEMP_02 | 38.2 | CRITICAL
2026-09-22 04:27:27 | WARD_B_TEMP_03 | 38.1 | CRITICAL
2026-09-22 04:27:27 | WARD_B_TEMP_04 | 39.0 | CRITICAL
2026-09-22 04:27:27 | WARD_B_TEMP_05 | 34.6 | CRITICAL
2026-09-22 04:27:28 | WARD_B_TEMP_01 | 35.0 | CRITICAL
2026-09-22 04:27:28 | WARD_B_TEMP_02 | 38.2 | CRITICAL
2026-09-22 04:27:28 | WARD_B_TEMP_03 | 37.6 | WARNING
2026-09-22 04:27:28 | WARD_B_TEMP_04 | 37.1 | NORMAL
2026-09-22 04:27:28 | WARD_B_TEMP_05 | 36.8 | NORMAL
2026-09-22 04:27:29 | WARD_B_TEMP_01 | 36.9 | NORMAL
2026-09-22 04:27:29 | WARD_B_TEMP_02 | 37.2 | NORMAL
2026-09-22 04:27:29 | WARD_B_TEMP_03 | 37.1 | NORMAL
2026-09-22 04:27:29 | WARD_B_TEMP_04 | 39.2 | CRITICAL
2026-09-22 04:27:29 | WARD_B_TEMP_05 | 34.7 | CRITICAL
2026-09-22 04:27:30 | WARD_B_TEMP_01 | 40.3 | CRITICAL
2026-09-22 04:27:30 | WARD_B_TEMP_02 | 37.3 | NORMAL
2026-09-22 04:27:30 | WARD_B_TEMP_03 | 40.3 | CRITICAL
2026-09-22 04:27:30 | WARD_B_TEMP_04 | 36.9 | NORMAL
2026-09-22 04:27:30 | WARD_B_TEMP_05 | 35.4 | CRITICAL
2026-09-22 04:27:31 | WARD_B_TEMP_01 | 37.6 | WARNING
2026-09-22 04:27:31 | WARD_B_TEMP_02 | 39.8 | CRITICAL
2026-09-22 04:27:31 | WARD_B_TEMP_03 | 38.6 | CRITICAL
2026-09-22 04:27:31 | WARD_B_TEMP_04 | 35.1 | CRITICAL
2026-09-22 04:27:31 | WARD_B_TEMP_05 | 38.8 | CRITICAL
2026-09-22 04:27:32 | WARD_B_TEMP_01 | 35.7 | NORMAL
2026-09-22 04:27:32 | WARD_B_TEMP_02 | 38.9 | CRITICAL
2026-09-22 04:27:32 | WARD_B_TEMP_03 | 38.0 | WARNING
2026-09-22 04:27:32 | WARD_B_TEMP_04 | 39.3 | CRITICAL
2026-09-22 04:27:32 | WARD_B_TEMP_05 | 35.5 | NORMAL
2026-09-22 04:27:33 | WARD_B_TEMP_01 | 38.8 | CRITICAL
2026-09-22 04:27:33 | WARD_B_TEMP_02 | 39.5 | CRITICAL
2026-09-22 04:27:33 | WARD_B_TEMP_03 | 37.2 | NORMAL
2026-09-22 04:27:33 | WARD_B_TEMP_04 | 39.7 | CRITICAL
2026-09-22 04:27:33 | WARD_B_TEMP_05 | 40.0 | CRITICAL
2026-09-22 04:27:34 | WARD_B_TEMP_01 | 39.5 | CRITICAL
2026-09-22 04:27:34 | WARD_B_TEMP_02 | 36.8 | NORMAL
2026-09-22 04:27:34 | WARD_B_TEMP_03 | 40.3 | CRITICAL
2026-09-22 04:27:34 | WARD_B_TEMP_04 | 36.7 | NORMAL
2026-09-22 04:27:34 | WARD_B_TEMP_05 | 37.6 | WARNING
2026-09-22 04:27:35 | WARD_B_TEMP_01 | 38.9 | CRITICAL
2026-09-22 04:27:35 | WARD_B_TEMP_02 | 38.1 | CRITICAL
2026-09-22 04:27:35 | WARD_B_TEMP_03 | 34.9 | CRITICAL
2026-09-22 04:27:35 | WARD_B_TEMP_04 | 37.2 | NORMAL
2026-09-22 04:27:35 | WARD_B_TEMP_05 | 35.4 | CRITICAL
2026-09-22 04:27:36 | WARD_B_TEMP_01 | 37.6 | WARNING
2026-09-22 04:27:36 | WARD_B_TEMP_02 | 35.7 | NORMAL
2026-09-22 04:27:36 | WARD_B_TEMP_03 | 37.6 | WARNING
2026-09-22 04:27:36 | WARD_B_TEMP_04 | 38.9 | CRITICAL
2026-09-22 04:27:36 | WARD_B_TEMP_05 | 34.6 | CRITICAL
2026-09-22 04:27:37 | WARD_B_TEMP_01 | 38.3 | CRITICAL
2026-09-22 04:27:37 | WARD_B_TEMP_02 | 36.0 | NORMAL
2026-09-22 04:27:37 | WARD_B_TEMP_03 | 40.0 | CRITICAL
2026-09-22 04:27:37 | WARD_B_TEMP_04 | 37.5 | WARNING
2026-09-22 04:27:37 | WARD_B_TEMP_05 | 35.6 | NORMAL
2026-09-22 04:27:38 | WARD_B_TEMP_01 | 37.1 | NORMAL
2026-09-22 04:27:38 | WARD_B_TEMP_02 | 40.2 | CRITICAL
2026-09-22 04:27:38 | WARD_B_TEMP_03 | 39.8 | CRITICAL
2026-09-22 04:27:38 | WARD_B_TEMP_04 | 39.4 | CRITICAL
2026-09-22 04:27:38 | WARD_B_TEMP_05 | 36.8 | NORMAL
2026-09-22 04:27:39 | WARD_B_TEMP_01 | 39.7 | CRITICAL
2026-09-22 04:27:39 | WARD_B_TEMP_02 | 37.1 | NORMAL
2026-09-22 04:27:39 | WARD_B_TEMP_03 | 38.1 | CRITICAL
2026-09-22 04:27:39 | WARD_B_TEMP_04 | 37.4 | NORMAL
2026-09-22 04:27:39 | WARD_B_TEMP_05 | 36.8 | NORMAL
2026-09-22 04:27:40 | WARD_B_TEMP_01 | 38.4 | CRITICAL
2026-09-22 04:27:40 | WARD_B_TEMP_02 | 39.3 | CRITICAL
2026-09-22 04:27:40 | WARD_B_TEMP_03 | 39.2 | CRITICAL
2026-09-22 04:27:40 | WARD_B_TEMP_04 | 34.7 | CRITICAL
2026-09-22 04:27:40 | WARD_B_TEMP_05 | 39.5 | CRITICAL
2026-09-22 04:27:41 | WARD_B_TEMP_01 | 36.5 | NORMAL
2026-09-22 04:27:41 | WARD_B_TEMP_02 | 36.3 | NORMAL
2026-09-22 04:27:41 | WARD_B_TEMP_03 | 35.1 | CRITICAL
2026-09-22 04:27:41 | WARD_B_TEMP_04 | 40.4 | CRITICAL
2026-09-22 04:27:41 | WARD_B_TEMP_05 | 38.4 | CRITICAL
2026-09-22 04:27:42 | WARD_B_TEMP_01 | 37.4 | NORMAL
2026-09-22 04:27:42 | WARD_B_TEMP_02 | 36.8 | NORMAL
2026-09-22 04:27:42 | WARD_B_TEMP_03 | 40.2 | CRITICAL
2026-09-22 04:27:42 | WARD_B_TEMP_04 | 40.1 | CRITICAL
2026-09-22 04:27:42 | WARD_B_TEMP_05 | 35.4 | CRITICAL
2026-09-22 04:27:43 | WARD_B_TEMP_01 | 39.0 | CRITICAL
2026-09-22 04:27:43 | WARD_B_TEMP_02 | 34.6 | CRITICAL
2026-09-22 04:27:43 | WARD_B_TEMP_03 | 36.2 | NORMAL
2026-09-22 04:27:43 | WARD_B_TEMP_04 | 36.8 | NORMAL
2026-09-22 04:27:43 | WARD_B_TEMP_05 | 38.1 | CRITICAL
2026-09-22 04:27:44 | WARD_B_TEMP_01 | 40.4 | CRITICAL
2026-09-22 04:27:44 | WARD_B_TEMP_02 | 35.3 | CRITICAL
2026-09-22 04:27:44 | WARD_B_TEMP_03 | 38.2 | CRITICAL
2026-09-22 04:27:44 | WARD_B_TEMP_04 | 34.6 | CRITICAL
2026-09-22 04:27:44 | WARD_B_TEMP_05 | 39.7 | CRITICAL
2026-09-22 04:27:45 | WARD_B_TEMP_01 | 34.6 | CRITICAL
2026-09-22 04:27:45 | WARD_B_TEMP_02 | 40.0 | CRITICAL
2026-09-22 04:27:45 | WARD_B_TEMP_03 | 35.1 | CRITICAL
2026-09-22 04:27:45 | WARD_B_TEMP_04 | 35.4 | CRITICAL
2026-09-22 04:27:45 | WARD_B_TEMP_05 | 40.5 | CRITICAL
2026-09-22 04:27:46 | WARD_B_TEMP_01 | 37.4 | NORMAL
2026-09-22 04:27:46 | WARD_B_TEMP_02 | 38.3 | CRITICAL
2026-09-22 04:27:46 | WARD_B_TEMP_03 | 40.2 | CRITICAL
2026-09-22 04:27:46 | WARD_B_TEMP_04 | 38.2 | CRITICAL
2026-09-22 04:27:46 | WARD_B_TEMP_05 | 37.6 | WARNING
2026-09-22 04:27:47 | WARD_B_TEMP_01 | 38.6 | CRITICAL
2026-09-22 04:27:47 | WARD_B_TEMP_02 | 36.2 | NORMAL
2026-09-22 04:27:47 | WARD_B_TEMP_03 | 37.7 | WARNING
2026-09-22 04:27:47 | WARD_B_TEMP_04 | 37.3 | NORMAL
2026-09-22 04:27:47 | WARD_B_TEMP_05 | 35.0 | CRITICAL
2026-09-22 04:27:48 | WARD_B_TEMP_01 | 37.2 | NORMAL
2026-09-22 04:27:48 | WARD_B_TEMP_02 | 38.1 | CRITICAL
2026-09-22 04:27:48 | WARD_B_TEMP_03 | 38.6 | CRITICAL
2026-09-22 04:27:48 | WARD_B_TEMP_04 | 38.6 | CRITICAL
2026-09-22 04:27:48 | WARD_B_TEMP_05 | 38.4 | CRITICAL
2026-09-22 04:27:49 | WARD_B_TEMP_01 | 35.4 | CRITICAL
2026-09-22 04:27:49 | WARD_B_TEMP_02 | 35.2 | CRITICAL
2026-09-22 04:27:49 | WARD_B_TEMP_03 | 37.9 | WARNING
2026-09-22 04:27:49 | WARD_B_TEMP_04 | 37.9 | WARNING
2026-09-22 04:27:49 | WARD_B_TEMP_05 | 38.5 | CRITICAL
2026-09-22 04:27:50 | WARD_B_TEMP_01 | 40.3 | CRITICAL
2026-09-22 04:27:50 | WARD_B_TEMP_02 | 39.8 | CRITICAL
2026-09-22 04:27:50 | WARD_B_TEMP_03 | 35.4 | CRITICAL
2026-09-22 04:27:50 | WARD_B_TEMP_04 | 35.4 | CRITICAL
2026-09-22 04:27:50 | WARD_B_TEMP_05 | 37.3 | NORMAL
2026-09-22 04:27:51 | WARD_B_TEMP_01 | 39.6 | CRITICAL
2026-09-22 04:27:51 | WARD_B_TEMP_02 | 35.2 | CRITICAL
2026-09-22 04:27:51 | WARD_B_TEMP_03 | 35.4 | CRITICAL
2026-09-22 04:27:51 | WARD_B_TEMP_04 | 36.6 | NORMAL
2026-09-22 04:27:51 | WARD_B_TEMP_05 | 39.1 | CRITICAL
2026-09-22 04:27:52 | WARD_B_TEMP_01 | 34.7 | CRITICAL
2026-09-22 04:27:52 | WARD_B_TEMP_02 | 35.5 | NORMAL
2026-09-22 04:27:52 | WARD_B_TEMP_03 | 37.1 | NORMAL
2026-09-22 04:27:52 | WARD_B_TEMP_04 | 36.0 | NORMAL
2026-09-22 04:27:52 | WARD_B_TEMP_05 | 38.0 | WARNING
2026-09-22 04:27:53 | WARD_B_TEMP_01 | 35.8 | NORMAL
2026-09-22 04:27:53 | WARD_B_TEMP_02 | 38.4 | CRITICAL
2026-09-22 04:27:53 | WARD_B_TEMP_03 | 39.1 | CRITICAL
2026-09-22 04:27:53 | WARD_B_TEMP_04 | 38.2 | CRITICAL
2026-09-22 04:27:53 | WARD_B_TEMP_05 | 36.4 | NORMAL
2026-09-22 04:27:54 | WARD_B_TEMP_01 | 37.4 | NORMAL
2026-09-22 04:27:54 | WARD_B_TEMP_02 | 37.3 | NORMAL
2026-09-22 04:27:54 | WARD_B_TEMP_03 | 35.8 | NORMAL
2026-09-22 04:27:54 | WARD_B_TEMP_04 | 35.9 | NORMAL
2026-09-22 04:27:54 | WARD_B_TEMP_05 | 34.9 | CRITICAL
2026-09-22 04:27:55 | WARD_B_TEMP_01 | 39.6 | CRITICAL
2026-09-22 04:27:55 | WARD_B_TEMP_02 | 39.5 | CRITICAL
2026-09-22 04:27:55 | WARD_B_TEMP_03 | 35.5 | NORMAL
2026-09-22 04:27:55 | WARD_B_TEMP_04 | 39.9 | CRITICAL
2026-09-22 04:27:55 | WARD_B_TEMP_05 | 37.5 | WARNING
2026-09-22 04:27:56 | WARD_B_TEMP_01 | 35.6 | NORMAL
2026-09-22 04:27:56 | WARD_B_TEMP_02 | 35.5 | NORMAL
2026-09-22 04:27:56 | WARD_B_TEMP_03 | 37.9 | WARNING
2026-09-22 04:27:56 | WARD_B_TEMP_04 | 40.1 | CRITICAL
2026-09-22 04:27:56 | WARD_B_TEMP_05 | 39.7 | CRITICAL
2026-09-22 04:27:57 | WARD_B_TEMP_01 | 38.2 | CRITICAL
2026-09-22 04:27:57 | WARD_B_TEMP_02 | 37.5 | WARNING
2026-09-22 04:27:57 | WARD_B_TEMP_03 | 35.4 | CRITICAL
2026-09-22 04:27:57 | WARD_B_TEMP_04 | 36.8 | NORMAL
2026-09-22 04:27:57 | WARD_B_TEMP_05 | 37.4 | NORMAL
2026-09-22 04:27:58 | WARD_B_TEMP_01 | 40.5 | CRITICAL
2026-09-22 04:27:58 | WARD_B_TEMP_02 | 35.8 | NORMAL
2026-09-22 04:27:58 | WARD_B_TEMP_03 | 36.8 | NORMAL
2026-09-22 04:27:58 | WARD_B_TEMP_04 | 37.2 | NORMAL
2026-09-22 04:27:58 | WARD_B_TEMP_05 | 39.3 | CRITICAL
2026-09-22 04:27:59 | WARD_B_TEMP_01 | 39.7 | CRITICAL
2026-09-22 04:27:59 | WARD_B_TEMP_02 | 37.8 | WARNING
2026-09-22 04:27:59 | WARD_B_TEMP_03 | 38.1 | CRITICAL
2026-09-22 04:27:59 | WARD_B_TEMP_04 | 36.7 | NORMAL
2026-09-22 04:27:59 | WARD_B_TEMP_05 | 38.0 | WARNING
2026-09-22 04:28:00 | WARD_B_TEMP_01 | 35.5 | NORMAL
2026-09-22 04:28:00 | WARD_B_TEMP_02 | 38.5 | CRITICAL
2026-09-22 04:28:00 | WARD_B_TEMP_03 | 34.7 | CRITICAL
2026-09-22 04:28:00 | WARD_B_TEMP_04 | 36.0 | NORMAL
2026-09-22 04:28:00 | WARD_B_TEMP_05 | 37.8 | WARNING
2026-09-22 04:28:01 | WARD_B_TEMP_01 | 36.3 | NORMAL
2026-09-22 04:28:01 | WARD_B_TEMP_02 | 37.9 | WARNING
2026-09-22 04:28:01 | WARD_B_TEMP_03 | 37.6 | WARNING
2026-09-22 04:28:01 | WARD_B_TEMP_04 | 37.7 | WARNING
2026-09-22 04:28:01 | WARD_B_TEMP_05 | 39.4 | CRITICAL
2026-09-22 04:28:02 | WARD_B_TEMP_01 | 40.4 | CRITICAL
2026-09-22 04:28:02 | WARD_B_TEMP_02 | 40.1 | CRITICAL
2026-09-22 04:28:02 | WARD_B_TEMP_03 | 40.5 | CRITICAL
2026-09-22 04:28:02 | WARD_B_TEMP_04 | 38.7 | CRITICAL
2026-09-22 04:28:02 | WARD_B_TEMP_05 | 39.1 | CRITICAL
2026-09-22 04:28:03 | WARD_B_TEMP_01 | 39.6 | CRITICAL
2026-09-22 04:28:03 | WARD_B_TEMP_02 | 39.0 | CRITICAL
2026-09-22 04:28:03 | WARD_B_TEMP_03 | 36.2 | NORMAL
2026-09-22 04:28:03 | WARD_B_TEMP_04 | 39.2 | CRITICAL
2026-09-22 04:28:03 | WARD_B_TEMP_05 | 38.8 | CRITICAL
2026-09-22 04:28:04 | WARD_B_TEMP_01 | 37.7 | WARNING
2026-09-22 04:28:04 | WARD_B_TEMP_02 | 34.8 | CRITICAL
2026-09-22 04:28:04 | WARD_B_TEMP_03 | 37.4 | NORMAL
2026-09-22 04:28:04 | WARD_B_TEMP_04 | 35.1 | CRITICAL
2026-09-22 04:28:04 | WARD_B_TEMP_05 | 38.9 | CRITICAL
2026-09-22 04:28:05 | WARD_B_TEMP_01 | 39.1 | CRITICAL
2026-09-22 04:28:05 | WARD_B_TEMP_02 | 36.6 | NORMAL
2026-09-22 04:28:05 | WARD_B_TEMP_03 | 35.6 | NORMAL
2026-09-22 04:28:05 | WARD_B_TEMP_04 | 37.5 | WARNING
2026-09-22 04:28:05 | WARD_B_TEMP_05 | 38.9 | CRITICAL
2026-09-22 04:28:06 | WARD_B_TEMP_01 | 37.5 | WARNING
2026-09-22 04:28:06 | WARD_B_TEMP_02 | 38.6 | CRITICAL
2026-09-22 04:28:06 | WARD_B_TEMP_03 | 38.2 | CRITICAL
2026-09-22 04:28:06 | WARD_B_TEMP_04 | 34.9 | CRITICAL
2026-09-22 04:28:06 | WARD_B_TEMP_05 | 36.4 | NORMAL
2026-09-22 04:28:07 | WARD_B_TEMP_01 | 40.0 | CRITICAL
2026-09-22 04:28:07 | WARD_B_TEMP_02 | 37.7 | WARNING
2026-09-22 04:28:07 | WARD_B_TEMP_03 | 38.7 | CRITICAL
2026-09-22 04:28:07 | WARD_B_TEMP_04 | 37.6 | WARNING
2026-09-22 04:28:07 | WARD_B_TEMP_05 | 35.8 | NORMAL
2026-09-22 04:28:08 | WARD_B_TEMP_01 | 36.7 | NORMAL
2026-09-22 04:28:08 | WARD_B_TEMP_02 | 34.7 | CRITICAL
2026-09-22 04:28:08 | WARD_B_TEMP_03 | 36.5 | NORMAL
2026-09-22 04:28:08 | WARD_B_TEMP_04 | 39.2 | CRITICAL
2026-09-22 04:28:08 | WARD_B_TEMP_05 | 35.4 | CRITICAL
2026-09-22 04:28:09 | WARD_B_TEMP_01 | 35.3 | CRITICAL
2026-09-22 04:28:09 | WARD_B_TEMP_02 | 39.0 | CRITICAL
2026-09-22 04:28:09 | WARD_B_TEMP_03 | 38.6 | CRITICAL
2026-09-22 04:28:09 | WARD_B_TEMP_04 | 37.2 | NORMAL
2026-09-22 04:28:09 | WARD_B_TEMP_05 | 39.2 | CRITICAL
2026-09-22 04:28:10 | WARD_B_TEMP_01 | 39.0 | CRITICAL
2026-09-22 04:28:10 | WARD_B_TEMP_02 | 39.0 | CRITICAL
2026-09-22 04:28:10 | WARD_B_TEMP_03 | 35.1 | CRITICAL
2026-09-22 04:28:10 | WARD_B_TEMP_04 | 38.5 | CRITICAL
2026-09-22 04:28:10 | WARD_B_TEMP_05 | 39.4 | CRITICAL
2026-09-22 04:28:11 | WARD_B_TEMP_01 | 34.8 | CRITICAL
2026-09-22 04:28:11 | WARD_B_TEMP_02 | 36.8 | NORMAL
2026-09-22 04:28:11 | WARD_B_TEMP_03 | 36.6 | NORMAL
2026-09-22 04:28:11 | WARD_B_TEMP_04 | 39.7 | CRITICAL
2026-09-22 04:28:11 | WARD_B_TEMP_05 | 38.7 | CRITICAL
2026-09-22 04:28:12 | WARD_B_TEMP_01 | 39.2 | CRITICAL
2026-09-22 04:28:12 | WARD_B_TEMP_02 | 35.0 | CRITICAL
2026-09-22 04:28:12 | WARD_B_TEMP_03 | 36.6 | NORMAL
2026-09-22 04:28:12 | WARD_B_TEMP_04 | 37.8 | WARNING
2026-09-22 04:28:12 | WARD_B_TEMP_05 | 38.9 | CRITICAL
2026-09-22 04:28:13 | WARD_B_TEMP_01 | 36.2 | NORMAL
2026-09-22 04:28:13 | WARD_B_TEMP_02 | 36.5 | NORMAL
2026-09-22 04:28:13 | WARD_B_TEMP_03 | 38.9 | CRITICAL
2026-09-22 04:28:13 | WARD_B_TEMP_04 | 35.6 | NORMAL
2026-09-22 04:28:13 | WARD_B_TEMP_05 | 35.8 | NORMAL
2026-09-22 04:28:14 | WARD_B_TEMP_01 | 35.5 | NORMAL
2026-09-22 04:28:14 | WARD_B_TEMP_02 | 36.4 | NORMAL
2026-09-22 04:28:14 | WARD_B_TEMP_03 | 37.8 | WARNING
2026-09-22 04:28:14 | WARD_B_TEMP_04 | 35.2 | CRITICAL
2026-09-22 04:28:14 | WARD_B_TEMP_05 | 39.1 | CRITICAL
2026-09-22 04:28:15 | WARD_B_TEMP_01 | 35.0 | CRITICAL
2026-09-22 04:28:15 | WARD_B_TEMP_02 | 38.2 | CRITICAL
2026-09-22 04:28:15 | WARD_B_TEMP_03 | 38.8 | CRITICAL
2026-09-22 04:28:15 | WARD_B_TEMP_04 | 38.4 | CRITICAL
2026-09-22 04:28:15 | WARD_B_TEMP_05 | 36.6 | NORMAL
2026-09-22 04:28:16 | WARD_B_TEMP_01 | 35.3 | CRITICAL
2026-09-22 04:28:16 | WARD_B_TEMP_02 | 36.4 | NORMAL
2026-09-22 04:28:16 | WARD_B_TEMP_03 | 34.8 | CRITICAL
2026-09-22 04:28:16 | WARD_B_TEMP_04 | 37.8 | WARNING
2026-09-22 04:28:16 | WARD_B_TEMP_05 | 38.1 | CRITICAL
2026-09-22 04:28:17 | WARD_B_TEMP_01 | 36.4 | NORMAL
2026-09-22 04:28:17 | WARD_B_TEMP_02 | 38.3 | CRITICAL
2026-09-22 04:28:17 | WARD_B_TEMP_03 | 36.6 | NORMAL
2026-09-22 04:28:17 | WARD_B_TEMP_04 | 35.3 | CRITICAL
2026-09-22 04:28:17 | WARD_B_TEMP_05 | 34.7 | CRITICAL
2026-09-22 04:28:18 | WARD_B_TEMP_01 | 38.8 | CRITICAL
2026-09-22 04:28:18 | WARD_B_TEMP_02 | 34.9 | CRITICAL
2026-09-22 04:28:18 | WARD_B_TEMP_03 | 34.6 | CRITICAL
2026-09-22 04:28:18 | WARD_B_TEMP_04 | 37.7 | WARNING
2026-09-22 04:28:18 | WARD_B_TEMP_05 | 38.6 | CRITICAL
2026-09-22 04:28:19 | WARD_B_TEMP_01 | 36.1 | NORMAL
2026-09-22 04:28:19 | WARD_B_TEMP_02 | 36.1 | NORMAL
2026-09-22 04:28:19 | WARD_B_TEMP_03 | 39.4 | CRITICAL
2026-09-22 04:28:19 | WARD_B_TEMP_04 | 39.0 | CRITICAL
2026-09-22 04:28:19 | WARD_B_TEMP_05 | 40.4 | CRITICAL
2026-09-22 04:28:20 | WARD_B_TEMP_01 | 35.8 | NORMAL
2026-09-22 04:28:20 | WARD_B_TEMP_02 | 35.7 | NORMAL
2026-09-22 04:28:20 | WARD_B_TEMP_03 | 38.3 | CRITICAL
2026-09-22 04:28:20 | WARD_B_TEMP_04 | 38.6 | CRITICAL
2026-09-22 04:28:20 | WARD_B_TEMP_05 | 38.3 | CRITICAL
2026-09-22 04:28:21 | WARD_B_TEMP_01 | 36.7 | NORMAL
2026-09-22 04:28:21 | WARD_B_TEMP_02 | 35.8 | NORMAL
2026-09-22 04:28:21 | WARD_B_TEMP_03 | 40.0 | CRITICAL
2026-09-22 04:28:21 | WARD_B_TEMP_04 | 37.7 | WARNING
2026-09-22 04:28:21 | WARD_B_TEMP_05 | 38.0 | WARNING
2026-09-22 04:28:22 | WARD_B_TEMP_01 | 39.3 | CRITICAL
2026-09-22 04:28:22 | WARD_B_TEMP_02 | 39.0 | CRITICAL
2026-09-22 04:28:22 | WARD_B_TEMP_03 | 35.0 | CRITICAL
2026-09-22 04:28:22 | WARD_B_TEMP_04 | 37.5 | WARNING
2026-09-22 04:28:22 | WARD_B_TEMP_05 | 35.4 | CRITICAL
2026-09-22 04:28:23 | WARD_B_TEMP_01 | 39.9 | CRITICAL
2026-09-22 04:28:23 | WARD_B_TEMP_02 | 38.2 | CRITICAL
2026-09-22 04:28:23 | WARD_B_TEMP_03 | 38.8 | CRITICAL
2026-09-22 04:28:23 | WARD_B_TEMP_04 | 35.0 | CRITICAL
2026-09-22 04:28:23 | WARD_B_TEMP_05 | 40.5 | CRITICAL
2026-09-22 04:28:24 | WARD_B_TEMP_01 | 36.5 | NORMAL
2026-09-22 04:28:24 | WARD_B_TEMP_02 | 38.9 | CRITICAL
2026-09-22 04:28:24 | WARD_B_TEMP_03 | 37.4 | NORMAL
2026-09-22 04:28:24 | WARD_B_TEMP_04 | 35.1 | CRITICAL
2026-09-22 04:28:24 | WARD_B_TEMP_05 | 39.8 | CRITICAL
2026-09-22 04:28:25 | WARD_B_TEMP_01 | 37.3 | NORMAL
2026-09-22 04:28:25 | WARD_B_TEMP_02 | 34.5 | CRITICAL
2026-09-22 04:28:25 | WARD_B_TEMP_03 | 35.9 | NORMAL
2026-09-22 04:28:25 | WARD_B_TEMP_04 | 37.8 | WARNING
2026-09-22 04:28:25 | WARD_B_TEMP_05 | 37.1 | NORMAL
2026-09-22 04:28:26 | WARD_B_TEMP_01 | 36.8 | NORMAL
2026-09-22 04:28:26 | WARD_B_TEMP_02 | 37.0 | NORMAL
2026-09-22 04:28:26 | WARD_B_TEMP_03 | 37.7 | WARNING
2026-09-22 04:28:26 | WARD_B_TEMP_04 | 38.2 | CRITICAL
2026-09-22 04:28:26 | WARD_B_TEMP_05 | 36.1 | NORMAL
2026-09-22 04:28:27 | WARD_B_TEMP_01 | 36.8 | NORMAL
2026-09-22 04:28:27 | WARD_B_TEMP_02 | 39.8 | CRITICAL
2026-09-22 04:28:27 | WARD_B_TEMP_03 | 39.1 | CRITICAL
2026-09-22 04:28:27 | WARD_B_TEMP_04 | 36.6 | NORMAL
2026-09-22 04:28:27 | WARD_B_TEMP_05 | 40.4 | CRITICAL
2026-09-22 04:28:28 | WARD_B_TEMP_01 | 34.8 | CRITICAL
2026-09-22 04:28:28 | WARD_B_TEMP_02 | 39.4 | CRITICAL
2026-09-22 04:28:28 | WARD_B_TEMP_03 | 36.4 | NORMAL
2026-09-22 04:28:28 | WARD_B_TEMP_04 | 40.3 | CRITICAL
2026-09-22 04:28:28 | WARD_B_TEMP_05 | 36.9 | NORMAL
2026-09-22 04:28:29 | WARD_B_TEMP_01 | 35.8 | NORMAL
2026-09-22 04:28:29 | WARD_B_TEMP_02 | 34.6 | CRITICAL
2026-09-22 04:28:29 | WARD_B_TEMP_03 | 38.6 | CRITICAL
2026-09-22 04:28:29 | WARD_B_TEMP_04 | 37.8 | WARNING
2026-09-22 04:28:29 | WARD_B_TEMP_05 | 36.6 | NORMAL
2026-09-22 04:28:30 | WARD_B_TEMP_01 | 35.9 | NORMAL
2026-09-22 04:28:30 | WARD_B_TEMP_02 | 38.9 | CRITICAL
2026-09-22 04:28:30 | WARD_B_TEMP_03 | 36.9 | NORMAL
2026-09-22 04:28:30 | WARD_B_TEMP_04 | 39.0 | CRITICAL
2026-09-22 04:28:30 | WARD_B_TEMP_05 | 37.8 | WARNING
2026-09-22 04:28:31 | WARD_B_TEMP_01 | 37.6 | WARNING
2026-09-22 04:28:31 | WARD_B_TEMP_02 | 35.6 | NORMAL
2026-09-22 04:28:31 | WARD_B_TEMP_03 | 36.3 | NORMAL
2026-09-22 04:28:31 | WARD_B_TEMP_04 | 37.3 | NORMAL
2026-09-22 04:28:31 | WARD_B_TEMP_05 | 38.7 | CRITICAL
2026-09-22 04:28:32 | WARD_B_TEMP_01 | 38.7 | CRITICAL
2026-09-22 04:28:32 | WARD_B_TEMP_02 | 36.9 | NORMAL
2026-09-22 04:28:32 | WARD_B_TEMP_03 | 37.9 | WARNING
2026-09-22 04:28:32 | WARD_B_TEMP_04 | 40.2 | CRITICAL
2026-09-22 04:28:32 | WARD_B_TEMP_05 | 38.9 | CRITICAL
2026-09-22 04:28:33 | WARD_B_TEMP_01 | 34.8 | CRITICAL
2026-09-22 04:28:33 | WARD_B_TEMP_02 | 38.3 | CRITICAL
2026-09-22 04:28:33 | WARD_B_TEMP_03 | 38.5 | CRITICAL
2026-09-22 04:28:33 | WARD_B_TEMP_04 | 40.2 | CRITICAL
2026-09-22 04:28:33 | WARD_B_TEMP_05 | 38.9 | CRITICAL
2026-09-22 04:28:34 | WARD_B_TEMP_01 | 36.6 | NORMAL
2026-09-22 04:28:34 | WARD_B_TEMP_02 | 38.3 | CRITICAL
2026-09-22 04:28:34 | WARD_B_TEMP_03 | 36.6 | NORMAL
2026-09-22 04:28:34 | WARD_B_TEMP_04 | 35.1 | CRITICAL
2026-09-22 04:28:34 | WARD_B_TEMP_05 | 40.2 | CRITICAL
2026-09-22 04:28:35 | WARD_B_TEMP_01 | 35.6 | NORMAL
2026-09-22 04:28:35 | WARD_B_TEMP_02 | 36.8 | NORMAL
2026-09-22 04:28:35 | WARD_B_TEMP_03 | 39.3 | CRITICAL
2026-09-22 04:28:35 | WARD_B_TEMP_04 | 34.7 | CRITICAL
2026-09-22 04:28:35 | WARD_B_TEMP_05 | 38.2 | CRITICAL
2026-09-22 04:28:36 | WARD_B_TEMP_01 | 35.7 | NORMAL
2026-09-22 04:28:36 | WARD_B_TEMP_02 | 38.8 | CRITICAL
2026-09-22 04:28:36 | WARD_B_TEMP_03 | 36.9 | NORMAL
2026-09-22 04:28:36 | WARD_B_TEMP_04 | 38.5 | CRITICAL
2026-09-22 04:28:36 | WARD_B_TEMP_05 | 38.5 | CRITICAL
2026-09-22 04:28:37 | WARD_B_TEMP_01 | 36.1 | NORMAL
2026-09-22 04:28:37 | WARD_B_TEMP_02 | 34.7 | CRITICAL
2026-09-22 04:28:37 | WARD_B_TEMP_03 | 35.4 | CRITICAL
2026-09-22 04:28:37 | WARD_B_TEMP_04 | 38.1 | CRITICAL
2026-09-22 04:28:37 | WARD_B_TEMP_05 | 39.5 | CRITICAL
2026-09-22 04:28:38 | WARD_B_TEMP_01 | 37.7 | WARNING
2026-09-22 04:28:38 | WARD_B_TEMP_02 | 38.0 | WARNING
2026-09-22 04:28:38 | WARD_B_TEMP_03 | 38.5 | CRITICAL
2026-09-22 04:28:38 | WARD_B_TEMP_04 | 35.4 | CRITICAL
2026-09-22 04:28:38 | WARD_B_TEMP_05 | 39.7 | CRITICAL
2026-09-22 04:28:39 | WARD_B_TEMP_01 | 40.0 | CRITICAL
2026-09-22 04:28:39 | WARD_B_TEMP_02 | 39.4 | CRITICAL
2026-09-22 04:28:39 | WARD_B_TEMP_03 | 36.8 | NORMAL
2026-09-22 04:28:39 | WARD_B_TEMP_04 | 39.2 | CRITICAL
2026-09-22 04:28:39 | WARD_B_TEMP_05 | 38.9 | CRITICAL
2026-09-22 04:28:40 | WARD_B_TEMP_01 | 37.3 | NORMAL
2026-09-22 04:28:40 | WARD_B_TEMP_02 | 37.3 | NORMAL
2026-09-22 04:28:40 | WARD_B_TEMP_03 | 37.5 | WARNING
2026-09-22 04:28:40 | WARD_B_TEMP_04 | 36.5 | NORMAL
2026-09-22 04:28:40 | WARD_B_TEMP_05 | 35.9 | NORMAL
2026-09-22 04:28:41 | WARD_B_TEMP_01 | 37.2 | NORMAL
2026-09-22 04:28:41 | WARD_B_TEMP_02 | 37.1 | NORMAL
2026-09-22 04:28:41 | WARD_B_TEMP_03 | 34.7 | CRITICAL
2026-09-22 04:28:41 | WARD_B_TEMP_04 | 36.4 | NORMAL
2026-09-22 04:28:41 | WARD_B_TEMP_05 | 36.9 | NORMAL
2026-09-22 04:28:42 | WARD_B_TEMP_01 | 37.9 | WARNING
2026-09-22 04:28:42 | WARD_B_TEMP_02 | 37.5 | WARNING
2026-09-22 04:28:42 | WARD_B_TEMP_03 | 37.8 | WARNING
2026-09-22 04:28:42 | WARD_B_TEMP_04 | 36.6 | NORMAL
2026-09-22 04:28:42 | WARD_B_TEMP_05 | 37.1 | NORMAL
2026-09-22 04:28:43 | WARD_B_TEMP_01 | 34.6 | CRITICAL
2026-09-22 04:28:43 | WARD_B_TEMP_02 | 36.9 | NORMAL
2026-09-22 04:28:43 | WARD_B_TEMP_03 | 39.4 | CRITICAL
2026-09-22 04:28:43 | WARD_B_TEMP_04 | 35.2 | CRITICAL
2026-09-22 04:28:43 | WARD_B_TEMP_05 | 35.7 | NORMAL
2026-09-22 04:28:44 | WARD_B_TEMP_01 | 38.6 | CRITICAL
2026-09-22 04:28:44 | WARD_B_TEMP_02 | 37.7 | WARNING
2026-09-22 04:28:44 | WARD_B_TEMP_03 | 38.6 | CRITICAL
2026-09-22 04:28:44 | WARD_B_TEMP_04 | 36.8 | NORMAL
2026-09-22 04:28:44 | WARD_B_TEMP_05 | 37.1 | NORMAL
2026-09-22 04:28:45 | WARD_B_TEMP_01 | 38.4 | CRITICAL
2026-09-22 04:28:45 | WARD_B_TEMP_02 | 34.7 | CRITICAL
2026-09-22 04:28:45 | WARD_B_TEMP_03 | 35.9 | NORMAL
2026-09-22 04:28:45 | WARD_B_TEMP_04 | 38.3 | CRITICAL
2026-09-22 04:28:45 | WARD_B_TEMP_05 | 37.0 | NORMAL
2026-09-22 04:28:46 | WARD_B_TEMP_01 | 34.9 | CRITICAL
2026-09-22 04:28:46 | WARD_B_TEMP_02 | 39.4 | CRITICAL
2026-09-22 04:28:46 | WARD_B_TEMP_03 | 34.5 | CRITICAL
2026-09-22 04:28:46 | WARD_B_TEMP_04 | 36.7 | NORMAL
2026-09-22 04:28:46 | WARD_B_TEMP_05 | 35.5 | NORMAL
2026-09-22 04:28:47 | WARD_B_TEMP_01 | 36.9 | NORMAL
2026-09-22 04:28:47 | WARD_B_TEMP_02 | 35.2 | CRITICAL
2026-09-22 04:28:47 | WARD_B_TEMP_03 | 35.1 | CRITICAL
2026-09-22 04:28:47 | WARD_B_TEMP_04 | 38.9 | CRITICAL
2026-09-22 04:28:47 | WARD_B_TEMP_05 | 35.8 | NORMAL
2026-09-22 04:28:48 | WARD_B_TEMP_01 | 36.5 | NORMAL
2026-09-22 04:28:48 | WARD_B_TEMP_02 | 40.2 | CRITICAL
2026-09-22 04:28:48 | WARD_B_TEMP_03 | 37.5 | WARNING
2026-09-22 04:28:48 | WARD_B_TEMP_04 | 39.2 | CRITICAL
2026-09-22 04:28:48 | WARD_B_TEMP_05 | 36.8 | NORMAL
2026-09-22 04:28:49 | WARD_B_TEMP_01 | 35.2 | CRITICAL
2026-09-22 04:28:49 | WARD_B_TEMP_02 | 38.7 | CRITICAL
2026-09-22 04:28:49 | WARD_B_TEMP_03 | 39.1 | CRITICAL
2026-09-22 04:28:49 | WARD_B_TEMP_04 | 38.8 | CRITICAL
2026-09-22 04:28:49 | WARD_B_TEMP_05 | 39.6 | CRITICAL
2026-09-22 04:28:50 | WARD_B_TEMP_01 | 34.5 | CRITICAL
2026-09-22 04:28:50 | WARD_B_TEMP_02 | 39.7 | CRITICAL
2026-09-22 04:28:50 | WARD_B_TEMP_03 | 36.2 | NORMAL
2026-09-22 04:28:50 | WARD_B_TEMP_04 | 40.3 | CRITICAL
2026-09-22 04:28:50 | WARD_B_TEMP_05 | 39.7 | CRITICAL
2026-09-22 04:28:51 | WARD_B_TEMP_01 | 38.1 | CRITICAL
2026-09-22 04:28:51 | WARD_B_TEMP_02 | 40.2 | CRITICAL
2026-09-22 04:28:51 | WARD_B_TEMP_03 | 40.5 | CRITICAL
2026-09-22 04:28:51 | WARD_B_TEMP_04 | 38.8 | CRITICAL
2026-09-22 04:28:51 | WARD_B_TEMP_05 | 35.5 | NORMAL
2026-09-22 04:28:52 | WARD_B_TEMP_01 | 36.5 | NORMAL
2026-09-22 04:28:52 | WARD_B_TEMP_02 | 36.4 | NORMAL
2026-09-22 04:28:52 | WARD_B_TEMP_03 | 39.3 | CRITICAL
2026-09-22 04:28:52 | WARD_B_TEMP_04 | 36.8 | NORMAL
2026-09-22 04:28:52 | WARD_B_TEMP_05 | 36.8 | NORMAL
2026-09-22 04:28:53 | WARD_B_TEMP_01 | 35.0 | CRITICAL
2026-09-22 04:28:53 | WARD_B_TEMP_02 | 36.9 | NORMAL
2026-09-22 04:28:53 | WARD_B_TEMP_03 | 39.0 | CRITICAL
2026-09-22 04:28:53 | WARD_B_TEMP_04 | 34.6 | CRITICAL
2026-09-22 04:28:53 | WARD_B_TEMP_05 | 40.4 | CRITICAL
2026-09-22 04:28:54 | WARD_B_TEMP_01 | 36.1 | NORMAL
2026-09-22 04:28:54 | WARD_B_TEMP_02 | 38.7 | CRITICAL
2026-09-22 04:28:54 | WARD_B_TEMP_03 | 38.3 | CRITICAL
2026-09-22 04:28:54 | WARD_B_TEMP_04 | 37.3 | NORMAL
2026-09-22 04:28:54 | WARD_B_TEMP_05 | 35.8 | NORMAL
2026-09-22 04:28:55 | WARD_B_TEMP_01 | 35.5 | NORMAL
2026-09-22 04:28:55 | WARD_B_TEMP_02 | 37.7 | WARNING
2026-09-22 04:28:55 | WARD_B_TEMP_03 | 36.3 | NORMAL
2026-09-22 04:28:55 | WARD_B_TEMP_04 | 39.3 | CRITICAL
2026-09-22 04:28:55 | WARD_B_TEMP_05 | 38.9 | CRITICAL
2026-09-22 04:28:56 | WARD_B_TEMP_01 | 36.8 | NORMAL
2026-09-22 04:28:56 | WARD_B_TEMP_02 | 37.8 | WARNING
2026-09-22 04:28:56 | WARD_B_TEMP_03 | 36.6 | NORMAL
2026-09-22 04:28:56 | WARD_B_TEMP_04 | 34.6 | CRITICAL
2026-09-22 04:28:56 | WARD_B_TEMP_05 | 38.1 | CRITICAL
2026-09-22 04:28:57 | WARD_B_TEMP_01 | 38.1 | CRITICAL
2026-09-22 04:28:57 | WARD_B_TEMP_02 | 37.6 | WARNING
2026-09-22 04:28:57 | WARD_B_TEMP_03 | 35.6 | NORMAL
2026-09-22 04:28:57 | WARD_B_TEMP_04 | 35.4 | CRITICAL
2026-09-22 04:28:57 | WARD_B_TEMP_05 | 35.8 | NORMAL
2026-09-22 04:28:58 | WARD_B_TEMP_01 | 38.8 | CRITICAL
2026-09-22 04:28:58 | WARD_B_TEMP_02 | 40.5 | CRITICAL
2026-09-22 04:28:58 | WARD_B_TEMP_03 | 37.3 | NORMAL
2026-09-22 04:28:58 | WARD_B_TEMP_04 | 34.8 | CRITICAL
2026-09-22 04:28:58 | WARD_B_TEMP_05 | 39.3 | CRITICAL
2026-09-22 04:28:59 | WARD_B_TEMP_01 | 36.3 | NORMAL
2026-09-22 04:28:59 | WARD_B_TEMP_02 | 36.2 | NORMAL
2026-09-22 04:28:59 | WARD_B_TEMP_03 | 37.9 | WARNING
2026-09-22 04:28:59 | WARD_B_TEMP_04 | 40.1 | CRITICAL
2026-09-22 04:28:59 | WARD_B_TEMP_05 | 37.8 | WARNING
2026-09-22 04:29:00 | WARD_B_TEMP_01 | 34.7 | CRITICAL
2026-09-22 04:29:00 | WARD_B_TEMP_02 | 35.6 | NORMAL
2026-09-22 04:29:00 | WARD_B_TEMP_03 | 35.0 | CRITICAL
2026-09-22 04:29:00 | WARD_B_TEMP_04 | 36.6 | NORMAL
2026-09-22 04:29:00 | WARD_B_TEMP_05 | 39.3 | CRITICAL
2026-09-22 04:29:01 | WARD_B_TEMP_01 | 35.0 | CRITICAL
2026-09-22 04:29:01 | WARD_B_TEMP_02 | 38.5 | CRITICAL
2026-09-22 04:29:01 | WARD_B_TEMP_03 | 35.0 | CRITICAL
2026-09-22 04:29:01 | WARD_B_TEMP_04 | 37.2 | NORMAL
2026-09-22 04:29:01 | WARD_B_TEMP_05 | 38.3 | CRITICAL
2026-09-22 04:29:02 | WARD_B_TEMP_01 | 37.0 | NORMAL
2026-09-22 04:29:02 | WARD_B_TEMP_02 | 40.4 | CRITICAL
2026-09-22 04:29:02 | WARD_B_TEMP_03 | 37.7 | WARNING
2026-09-22 04:29:02 | WARD_B_TEMP_04 | 38.0 | WARNING
2026-09-22 04:29:02 | WARD_B_TEMP_05 | 36.6 | NORMAL
2026-09-22 04:29:03 | WARD_B_TEMP_01 | 38.4 | CRITICAL
2026-09-22 04:29:03 | WARD_B_TEMP_02 | 37.0 | NORMAL
2026-09-22 04:29:03 | WARD_B_TEMP_03 | 35.0 | CRITICAL
2026-09-22 04:29:03 | WARD_B_TEMP_04 | 38.3 | CRITICAL
2026-09-22 04:29:03 | WARD_B_TEMP_05 | 39.5 | CRITICAL
2026-09-22 04:29:04 | WARD_B_TEMP_01 | 36.1 | NORMAL
2026-09-22 04:29:04 | WARD_B_TEMP_02 | 36.2 | NORMAL
2026-09-22 04:29:04 | WARD_B_TEMP_03 | 37.1 | NORMAL
2026-09-22 04:29:04 | WARD_B_TEMP_04 | 38.7 | CRITICAL
2026-09-22 04:29:04 | WARD_B_TEMP_05 | 37.0 | NORMAL
2026-09-22 04:29:05 | WARD_B_TEMP_01 | 35.5 | NORMAL
2026-09-22 04:29:05 | WARD_B_TEMP_02 | 39.6 | CRITICAL
2026-09-22 04:29:05 | WARD_B_TEMP_03 | 38.5 | CRITICAL
2026-09-22 04:29:05 | WARD_B_TEMP_04 | 37.6 | WARNING
2026-09-22 04:29:05 | WARD_B_TEMP_05 | 37.2 | NORMAL
2026-09-22 04:29:06 | WARD_B_TEMP_01 | 38.3 | CRITICAL
2026-09-22 04:29:06 | WARD_B_TEMP_02 | 40.2 | CRITICAL
2026-09-22 04:29:06 | WARD_B_TEMP_03 | 36.3 | NORMAL
2026-09-22 04:29:06 | WARD_B_TEMP_04 | 37.4 | NORMAL
2026-09-22 04:29:06 | WARD_B_TEMP_05 | 39.1 | CRITICAL
2026-09-22 04:29:07 | WARD_B_TEMP_01 | 35.1 | CRITICAL
2026-09-22 04:29:07 | WARD_B_TEMP_02 | 36.7 | NORMAL
2026-09-22 04:29:07 | WARD_B_TEMP_03 | 37.6 | WARNING
2026-09-22 04:29:07 | WARD_B_TEMP_04 | 35.0 | CRITICAL
2026-09-22 04:29:07 | WARD_B_TEMP_05 | 38.7 | CRITICAL
2026-09-22 04:29:08 | WARD_B_TEMP_01 | 39.0 | CRITICAL
2026-09-22 04:29:08 | WARD_B_TEMP_02 | 36.9 | NORMAL
2026-09-22 04:29:08 | WARD_B_TEMP_03 | 35.3 | CRITICAL
2026-09-22 04:29:08 | WARD_B_TEMP_04 | 35.5 | NORMAL
2026-09-22 04:29:08 | WARD_B_TEMP_05 | 39.3 | CRITICAL
2026-09-22 04:29:09 | WARD_B_TEMP_01 | 37.5 | WARNING
2026-09-22 04:29:09 | WARD_B_TEMP_02 | 37.2 | NORMAL
2026-09-22 04:29:09 | WARD_B_TEMP_03 | 37.2 | NORMAL
2026-09-22 04:29:09 | WARD_B_TEMP_04 | 36.0 | NORMAL
2026-09-22 04:29:09 | WARD_B_TEMP_05 | 39.5 | CRITICAL
2026-09-22 04:29:10 | WARD_B_TEMP_01 | 39.2 | CRITICAL
2026-09-22 04:29:10 | WARD_B_TEMP_02 | 38.6 | CRITICAL
2026-09-22 04:29:10 | WARD_B_TEMP_03 | 35.5 | NORMAL
2026-09-22 04:29:10 | WARD_B_TEMP_04 | 36.6 | NORMAL
2026-09-22 04:29:10 | WARD_B_TEMP_05 | 36.5 | NORMAL
2026-09-22 04:29:11 | WARD_B_TEMP_01 | 37.3 | NORMAL
2026-09-22 04:29:11 | WARD_B_TEMP_02 | 40.0 | CRITICAL
2026-09-22 04:29:11 | WARD_B_TEMP_03 | 39.4 | CRITICAL
2026-09-22 04:29:11 | WARD_B_TEMP_04 | 39.0 | CRITICAL
2026-09-22 04:29:11 | WARD_B_TEMP_05 | 38.7 | CRITICAL
2026-09-22 04:29:12 | WARD_B_TEMP_01 | 38.5 | CRITICAL
2026-09-22 04:29:12 | WARD_B_TEMP_02 | 37.0 | NORMAL
2026-09-22 04:29:12 | WARD_B_TEMP_03 | 40.2 | CRITICAL
2026-09-22 04:29:12 | WARD_B_TEMP_04 | 36.8 | NORMAL
2026-09-22 04:29:12 | WARD_B_TEMP_05 | 37.8 | WARNING
2026-09-22 04:29:13 | WARD_B_TEMP_01 | 35.3 | CRITICAL
2026-09-22 04:29:13 | WARD_B_TEMP_02 | 35.8 | NORMAL
2026-09-22 04:29:13 | WARD_B_TEMP_03 | 40.0 | CRITICAL
2026-09-22 04:29:13 | WARD_B_TEMP_04 | 38.8 | CRITICAL
2026-09-22 04:29:13 | WARD_B_TEMP_05 | 40.0 | CRITICAL
2026-09-22 04:29:14 | WARD_B_TEMP_01 | 36.9 | NORMAL
2026-09-22 04:29:14 | WARD_B_TEMP_02 | 39.1 | CRITICAL
2026-09-22 04:29:14 | WARD_B_TEMP_03 | 35.9 | NORMAL
2026-09-22 04:29:14 | WARD_B_TEMP_04 | 34.8 | CRITICAL
2026-09-22 04:29:14 | WARD_B_TEMP_05 | 35.0 | CRITICAL
2026-09-22 04:29:15 | WARD_B_TEMP_01 | 38.6 | CRITICAL
2026-09-22 04:29:15 | WARD_B_TEMP_02 | 34.6 | CRITICAL
2026-09-22 04:29:15 | WARD_B_TEMP_03 | 36.1 | NORMAL
2026-09-22 04:29:15 | WARD_B_TEMP_04 | 37.3 | NORMAL
2026-09-22 04:29:15 | WARD_B_TEMP_05 | 37.4 | NORMAL
2026-09-22 04:29:16 | WARD_B_TEMP_01 | 36.0 | NORMAL
2026-09-22 04:29:16 | WARD_B_TEMP_02 | 38.8 | CRITICAL
2026-09-22 04:29:16 | WARD_B_TEMP_03 | 36.7 | NORMAL
2026-09-22 04:29:16 | WARD_B_TEMP_04 | 39.7 | CRITICAL
2026-09-22 04:29:16 | WARD_B_TEMP_05 | 37.3 | NORMAL
2026-09-22 04:29:17 | WARD_B_TEMP_01 | 35.5 | NORMAL
2026-09-22 04:29:17 | WARD_B_TEMP_02 | 36.6 | NORMAL
2026-09-22 04:29:17 | WARD_B_TEMP_03 | 38.5 | CRITICAL
2026-09-22 04:29:17 | WARD_B_TEMP_04 | 40.2 | CRITICAL
2026-09-22 04:29:17 | WARD_B_TEMP_05 | 39.4 | CRITICAL
2026-09-22 04:29:18 | WARD_B_TEMP_01 | 36.7 | NORMAL
2026-09-22 04:29:18 | WARD_B_TEMP_02 | 37.5 | WARNING
2026-09-22 04:29:18 | WARD_B_TEMP_03 | 38.3 | CRITICAL
2026-09-22 04:29:18 | WARD_B_TEMP_04 | 38.6 | CRITICAL
2026-09-22 04:29:18 | WARD_B_TEMP_05 | 38.7 | CRITICAL
2026-09-22 04:29:19 | WARD_B_TEMP_01 | 37.4 | NORMAL
2026-09-22 04:29:19 | WARD_B_TEMP_02 | 35.1 | CRITICAL
2026-09-22 04:29:19 | WARD_B_TEMP_03 | 35.4 | CRITICAL
2026-09-22 04:29:19 | WARD_B_TEMP_04 | 37.2 | NORMAL
2026-09-22 04:29:19 | WARD_B_TEMP_05 | 35.0 | CRITICAL
2026-09-22 04:29:20 | WARD_B_TEMP_01 | 35.3 | CRITICAL
2026-09-22 04:29:20 | WARD_B_TEMP_02 | 39.9 | CRITICAL
2026-09-22 04:29:20 | WARD_B_TEMP_03 | 39.1 | CRITICAL
2026-09-22 04:29:20 | WARD_B_TEMP_04 | 35.3 | CRITICAL
2026-09-22 04:29:20 | WARD_B_TEMP_05 | 37.5 | WARNING
2026-09-22 04:29:21 | WARD_B_TEMP_01 | 40.1 | CRITICAL
2026-09-22 04:29:21 | WARD_B_TEMP_02 | 38.8 | CRITICAL
2026-09-22 04:29:21 | WARD_B_TEMP_03 | 40.5 | CRITICAL
2026-09-22 04:29:21 | WARD_B_TEMP_04 | 37.8 | WARNING
2026-09-22 04:29:21 | WARD_B_TEMP_05 | 36.7 | NORMAL
2026-09-22 04:29:22 | WARD_B_TEMP_01 | 35.0 | CRITICAL
2026-09-22 04:29:22 | WARD_B_TEMP_02 | 37.0 | NORMAL
2026-09-22 04:29:22 | WARD_B_TEMP_03 | 36.8 | NORMAL
2026-09-22 04:29:22 | WARD_B_TEMP_04 | 40.1 | CRITICAL
2026-09-22 04:29:22 | WARD_B_TEMP_05 | 34.8 | CRITICAL
2026-09-22 04:29:23 | WARD_B_TEMP_01 | 38.9 | CRITICAL
2026-09-22 04:29:23 | WARD_B_TEMP_02 | 39.1 | CRITICAL
2026-09-22 04:29:23 | WARD_B_TEMP_03 | 36.9 | NORMAL
2026-09-22 04:29:23 | WARD_B_TEMP_04 | 35.2 | CRITICAL
2026-09-22 04:29:23 | WARD_B_TEMP_05 | 39.8 | CRITICAL
2026-09-22 04:29:24 | WARD_B_TEMP_01 | 38.0 | WARNING
2026-09-22 04:29:24 | WARD_B_TEMP_02 | 39.3 | CRITICAL
2026-09-22 04:29:24 | WARD_B_TEMP_03 | 39.4 | CRITICAL
2026-09-22 04:29:24 | WARD_B_TEMP_04 | 39.0 | CRITICAL
2026-09-22 04:29:24 | WARD_B_TEMP_05 | 38.3 | CRITICAL
2026-09-22 04:29:25 | WARD_B_TEMP_01 | 35.1 | CRITICAL
2026-09-22 04:29:25 | WARD_B_TEMP_02 | 36.6 | NORMAL
2026-09-22 04:29:25 | WARD_B_TEMP_03 | 38.4 | CRITICAL
2026-09-22 04:29:25 | WARD_B_TEMP_04 | 37.9 | WARNING
2026-09-22 04:29:25 | WARD_B_TEMP_05 | 35.3 | CRITICAL
2026-09-22 04:29:26 | WARD_B_TEMP_01 | 37.3 | NORMAL
2026-09-22 04:29:26 | WARD_B_TEMP_02 | 36.1 | NORMAL
2026-09-22 04:29:26 | WARD_B_TEMP_03 | 39.3 | CRITICAL
2026-09-22 04:29:26 | WARD_B_TEMP_04 | 34.8 | CRITICAL
2026-09-22 04:29:26 | WARD_B_TEMP_05 | 35.9 | NORMAL
2026-09-22 04:29:27 | WARD_B_TEMP_01 | 36.7 | NORMAL
2026-09-22 04:29:27 | WARD_B_TEMP_02 | 36.3 | NORMAL
2026-09-22 04:29:27 | WARD_B_TEMP_03 | 34.5 | CRITICAL
2026-09-22 04:29:27 | WARD_B_TEMP_04 | 39.9 | CRITICAL
2026-09-22 04:29:27 | WARD_B_TEMP_05 | 39.4 | CRITICAL
2026-09-22 04:29:28 | WARD_B_TEMP_01 | 40.5 | CRITICAL
2026-09-22 04:29:28 | WARD_B_TEMP_02 | 36.0 | NORMAL
2026-09-22 04:29:28 | WARD_B_TEMP_03 | 36.4 | NORMAL
2026-09-22 04:29:28 | WARD_B_TEMP_04 | 37.2 | NORMAL
2026-09-22 04:29:28 | WARD_B_TEMP_05 | 36.0 | NORMAL
2026-09-22 04:29:29 | WARD_B_TEMP_01 | 34.8 | CRITICAL
2026-09-22 04:29:29 | WARD_B_TEMP_02 | 37.2 | NORMAL
2026-09-22 04:29:29 | WARD_B_TEMP_03 | 35.3 | CRITICAL
2026-09-22 04:29:29 | WARD_B_TEMP_04 | 38.5 | CRITICAL
2026-09-22 04:29:29 | WARD_B_TEMP_05 | 36.4 | NORMAL
2026-09-22 04:29:30 | WARD_B_TEMP_01 | 38.4 | CRITICAL
2026-09-22 04:29:30 | WARD_B_TEMP_02 | 35.8 | NORMAL
2026-09-22 04:29:30 | WARD_B_TEMP_03 | 38.8 | CRITICAL
2026-09-22 04:29:30 | WARD_B_TEMP_04 | 38.1 | CRITICAL
2026-09-22 04:29:30 | WARD_B_TEMP_05 | 38.2 | CRITICAL
2026-09-22 04:29:31 | WARD_B_TEMP_01 | 39.1 | CRITICAL
2026-09-22 04:29:31 | WARD_B_TEMP_02 | 37.4 | NORMAL
2026-09-22 04:29:31 | WARD_B_TEMP_03 | 36.4 | NORMAL
2026-09-22 04:29:31 | WARD_B_TEMP_04 | 34.8 | CRITICAL
2026-09-22 04:29:31 | WARD_B_TEMP_05 | 38.4 | CRITICAL
2026-09-22 04:29:32 | WARD_B_TEMP_01 | 37.4 | NORMAL
2026-09-22 04:29:32 | WARD_B_TEMP_02 | 36.0 | NORMAL
2026-09-22 04:29:32 | WARD_B_TEMP_03 | 40.3 | CRITICAL
2026-09-22 04:29:32 | WARD_B_TEMP_04 | 36.1 | NORMAL
2026-09-22 04:29:32 | WARD_B_TEMP_05 | 40.4 | CRITICAL
2026-09-22 04:29:33 | WARD_B_TEMP_01 | 35.5 | NORMAL
2026-09-22 04:29:33 | WARD_B_TEMP_02 | 38.4 | CRITICAL
2026-09-22 04:29:33 | WARD_B_TEMP_03 | 37.6 | WARNING
2026-09-22 04:29:33 | WARD_B_TEMP_04 | 40.1 | CRITICAL
2026-09-22 04:29:33 | WARD_B_TEMP_05 | 34.7 | CRITICAL
2026-09-22 04:29:34 | WARD_B_TEMP_01 | 36.0 | NORMAL
2026-09-22 04:29:34 | WARD_B_TEMP_02 | 35.2 | CRITICAL
2026-09-22 04:29:34 | WARD_B_TEMP_03 | 34.6 | CRITICAL
2026-09-22 04:29:34 | WARD_B_TEMP_04 | 39.5 | CRITICAL
2026-09-22 04:29:34 | WARD_B_TEMP_05 | 38.4 | CRITICAL
2026-09-22 04:29:35 | WARD_B_TEMP_01 | 35.9 | NORMAL
2026-09-22 04:29:35 | WARD_B_TEMP_02 | 34.7 | CRITICAL
2026-09-22 04:29:35 | WARD_B_TEMP_03 | 39.4 | CRITICAL
2026-09-22 04:29:35 | WARD_B_TEMP_04 | 39.7 | CRITICAL
2026-09-22 04:29:35 | WARD_B_TEMP_05 | 35.3 | CRITICAL
2026-09-22 04:29:36 | WARD_B_TEMP_01 | 37.9 | WARNING
2026-09-22 04:29:36 | WARD_B_TEMP_02 | 39.2 | CRITICAL
2026-09-22 04:29:36 | WARD_B_TEMP_03 | 36.2 | NORMAL
2026-09-22 04:29:36 | WARD_B_TEMP_04 | 34.9 | CRITICAL
2026-09-22 04:29:36 | WARD_B_TEMP_05 | 40.5 | CRITICAL
2026-09-22 04:29:37 | WARD_B_TEMP_01 | 34.8 | CRITICAL
2026-09-22 04:29:37 | WARD_B_TEMP_02 | 36.4 | NORMAL
2026-09-22 04:29:37 | WARD_B_TEMP_03 | 38.4 | CRITICAL
2026-09-22 04:29:37 | WARD_B_TEMP_04 | 34.7 | CRITICAL
2026-09-22 04:29:37 | WARD_B_TEMP_05 | 40.1 | CRITICAL
2026-09-22 04:29:38 | WARD_B_TEMP_01 | 39.2 | CRITICAL
2026-09-22 04:29:38 | WARD_B_TEMP_02 | 35.1 | CRITICAL
2026-09-22 04:29:38 | WARD_B_TEMP_03 | 38.2 | CRITICAL
2026-09-22 04:29:38 | WARD_B_TEMP_04 | 37.4 | NORMAL
2026-09-22 04:29:38 | WARD_B_TEMP_05 | 39.9 | CRITICAL
2026-09-22 04:29:39 | WARD_B_TEMP_01 | 36.6 | NORMAL
2026-09-22 04:29:39 | WARD_B_TEMP_02 | 36.9 | NORMAL
2026-09-22 04:29:39 | WARD_B_TEMP_03 | 35.9 | NORMAL
2026-09-22 04:29:39 | WARD_B_TEMP_04 | 34.7 | CRITICAL
2026-09-22 04:29:39 | WARD_B_TEMP_05 | 38.9 | CRITICAL
2026-09-22 04:29:40 | WARD_B_TEMP_01 | 35.9 | NORMAL
2026-09-22 04:29:40 | WARD_B_TEMP_02 | 39.1 | CRITICAL
2026-09-22 04:29:40 | WARD_B_TEMP_03 | 39.0 | CRITICAL
2026-09-22 04:29:40 | WARD_B_TEMP_04 | 35.8 | NORMAL
2026-09-22 04:29:40 | WARD_B_TEMP_05 | 38.5 | CRITICAL
2026-09-22 04:29:41 | WARD_B_TEMP_01 | 36.2 | NORMAL
2026-09-22 04:29:41 | WARD_B_TEMP_02 | 34.9 | CRITICAL
2026-09-22 04:29:41 | WARD_B_TEMP_03 | 36.6 | NORMAL
2026-09-22 04:29:41 | WARD_B_TEMP_04 | 36.8 | NORMAL
2026-09-22 04:29:41 | WARD_B_TEMP_05 | 35.6 | NORMAL
2026-09-22 04:29:42 | WARD_B_TEMP_01 | 36.7 | NORMAL
2026-09-22 04:29:42 | WARD_B_TEMP_02 | 39.7 | CRITICAL
2026-09-22 04:29:42 | WARD_B_TEMP_03 | 35.8 | NORMAL
2026-09-22 04:29:42 | WARD_B_TEMP_04 | 38.8 | CRITICAL
2026-09-22 04:29:42 | WARD_B_TEMP_05 | 38.3 | CRITICAL
2026-09-22 04:29:43 | WARD_B_TEMP_01 | 40.3 | CRITICAL
2026-09-22 04:29:43 | WARD_B_TEMP_02 | 35.0 | CRITICAL
2026-09-22 04:29:43 | WARD_B_TEMP_03 | 36.5 | NORMAL
2026-09-22 04:29:43 | WARD_B_TEMP_04 | 34.6 | CRITICAL
2026-09-22 04:29:43 | WARD_B_TEMP_05 | 37.4 | NORMAL
2026-09-22 04:29:44 | WARD_B_TEMP_01 | 39.3 | CRITICAL
2026-09-22 04:29:44 | WARD_B_TEMP_02 | 35.2 | CRITICAL
2026-09-22 04:29:44 | WARD_B_TEMP_03 | 39.2 | CRITICAL
2026-09-22 04:29:44 | WARD_B_TEMP_04 | 39.2 | CRITICAL
2026-09-22 04:29:44 | WARD_B_TEMP_05 | 37.4 | NORMAL
2026-09-22 04:29:45 | WARD_B_TEMP_01 | 35.7 | NORMAL
2026-09-22 04:29:45 | WARD_B_TEMP_02 | 36.9 | NORMAL
2026-09-22 04:29:45 | WARD_B_TEMP_03 | 34.8 | CRITICAL
2026-09-22 04:29:45 | WARD_B_TEMP_04 | 35.1 | CRITICAL
2026-09-22 04:29:45 | WARD_B_TEMP_05 | 39.2 | CRITICAL
2026-09-22 04:29:46 | WARD_B_TEMP_01 | 34.5 | CRITICAL
2026-09-22 04:29:46 | WARD_B_TEMP_02 | 36.9 | NORMAL
2026-09-22 04:29:46 | WARD_B_TEMP_03 | 34.5 | CRITICAL
2026-09-22 04:29:46 | WARD_B_TEMP_04 | 40.2 | CRITICAL
2026-09-22 04:29:46 | WARD_B_TEMP_05 | 37.9 | WARNING
2026-09-22 04:29:47 | WARD_B_TEMP_01 | 36.3 | NORMAL
2026-09-22 04:29:47 | WARD_B_TEMP_02 | 39.9 | CRITICAL
2026-09-22 04:29:47 | WARD_B_TEMP_03 | 39.0 | CRITICAL
2026-09-22 04:29:47 | WARD_B_TEMP_04 | 36.7 | NORMAL
2026-09-22 04:29:47 | WARD_B_TEMP_05 | 36.2 | NORMAL
2026-09-22 04:29:48 | WARD_B_TEMP_01 | 37.1 | NORMAL
2026-09-22 04:29:48 | WARD_B_TEMP_02 | 39.1 | CRITICAL
2026-09-22 04:29:48 | WARD_B_TEMP_03 | 40.2 | CRITICAL
2026-09-22 04:29:48 | WARD_B_TEMP_04 | 39.7 | CRITICAL
2026-09-22 04:29:48 | WARD_B_TEMP_05 | 39.8 | CRITICAL
2026-09-22 04:29:49 | WARD_B_TEMP_01 | 38.5 | CRITICAL
2026-09-22 04:29:49 | WARD_B_TEMP_02 | 38.5 | CRITICAL
2026-09-22 04:29:49 | WARD_B_TEMP_03 | 37.5 | WARNING
2026-09-22 04:29:49 | WARD_B_TEMP_04 | 39.4 | CRITICAL
2026-09-22 04:29:49 | WARD_B_TEMP_05 | 40.3 | CRITICAL
2026-09-22 04:29:50 | WARD_B_TEMP_01 | 35.4 | CRITICAL
2026-09-22 04:29:50 | WARD_B_TEMP_02 | 38.5 | CRITICAL
2026-09-22 04:29:50 | WARD_B_TEMP_03 | 35.6 | NORMAL
2026-09-22 04:29:50 | WARD_B_TEMP_04 | 38.3 | CRITICAL
2026-09-22 04:29:50 | WARD_B_TEMP_05 | 36.6 | NORMAL
2026-09-22 04:29:51 | WARD_B_TEMP_01 | 36.5 | NORMAL
2026-09-22 04:29:51 | WARD_B_TEMP_02 | 36.3 | NORMAL
2026-09-22 04:29:51 | WARD_B_TEMP_03 | 34.7 | CRITICAL
2026-09-22 04:29:51 | WARD_B_TEMP_04 | 37.3 | NORMAL
2026-09-22 04:29:51 | WARD_B_TEMP_05 | 39.9 | CRITICAL
2026-09-22 04:29:52 | WARD_B_TEMP_01 | 37.4 | NORMAL
2026-09-22 04:29:52 | WARD_B_TEMP_02 | 36.8 | NORMAL
2026-09-22 04:29:52 | WARD_B_TEMP_03 | 40.5 | CRITICAL
2026-09-22 04:29:52 | WARD_B_TEMP_04 | 35.7 | NORMAL
2026-09-22 04:29:52 | WARD_B_TEMP_05 | 37.3 | NORMAL
2026-09-22 04:29:53 | WARD_B_TEMP_01 | 37.2 | NORMAL
2026-09-22 04:29:53 | WARD_B_TEMP_02 | 37.0 | NORMAL
2026-09-22 04:29:53 | WARD_B_TEMP_03 | 36.9 | NORMAL
2026-09-22 04:29:53 | WARD_B_TEMP_04 | 37.7 | WARNING
2026-09-22 04:29:53 | WARD_B_TEMP_05 | 39.0 | CRITICAL
2026-09-22 04:29:54 | WARD_B_TEMP_01 | 38.6 | CRITICAL
2026-09-22 04:29:54 | WARD_B_TEMP_02 | 39.4 | CRITICAL
2026-09-22 04:29:54 | WARD_B_TEMP_03 | 39.8 | CRITICAL
2026-09-22 04:29:54 | WARD_B_TEMP_04 | 36.6 | NORMAL
2026-09-22 04:29:54 | WARD_B_TEMP_05 | 37.0 | NORMAL
2026-09-22 04:29:55 | WARD_B_TEMP_01 | 39.0 | CRITICAL
2026-09-22 04:29:55 | WARD_B_TEMP_02 | 35.5 | NORMAL
2026-09-22 04:29:55 | WARD_B_TEMP_03 | 39.0 | CRITICAL
2026-09-22 04:29:55 | WARD_B_TEMP_04 | 37.5 | WARNING
2026-09-22 04:29:55 | WARD_B_TEMP_05 | 34.6 | CRITICAL
2026-09-22 04:29:56 | WARD_B_TEMP_01 | 39.0 | CRITICAL
2026-09-22 04:29:56 | WARD_B_TEMP_02 | 34.5 | CRITICAL
2026-09-22 04:29:56 | WARD_B_TEMP_03 | 37.6 | WARNING
2026-09-22 04:29:56 | WARD_B_TEMP_04 | 38.0 | WARNING
2026-09-22 04:29:56 | WARD_B_TEMP_05 | 34.8 | CRITICAL
2026-09-22 04:29:57 | WARD_B_TEMP_01 | 39.9 | CRITICAL
2026-09-22 04:29:57 | WARD_B_TEMP_02 | 38.4 | CRITICAL
2026-09-22 04:29:57 | WARD_B_TEMP_03 | 37.9 | WARNING
2026-09-22 04:29:57 | WARD_B_TEMP_04 | 34.7 | CRITICAL
2026-09-22 04:29:57 | WARD_B_TEMP_05 | 39.3 | CRITICAL
2026-09-22 04:29:58 | WARD_B_TEMP_01 | 39.5 | CRITICAL
2026-09-22 04:29:58 | WARD_B_TEMP_02 | 34.8 | CRITICAL
2026-09-22 04:29:58 | WARD_B_TEMP_03 | 40.0 | CRITICAL
2026-09-22 04:29:58 | WARD_B_TEMP_04 | 37.3 | NORMAL
2026-09-22 04:29:58 | WARD_B_TEMP_05 | 37.1 | NORMAL
2026-09-22 04:29:59 | WARD_B_TEMP_01 | 34.7 | CRITICAL
2026-09-22 04:29:59 | WARD_B_TEMP_02 | 39.5 | CRITICAL
2026-09-22 04:29:59 | WARD_B_TEMP_03 | 35.3 | CRITICAL
2026-09-22 04:29:59 | WARD_B_TEMP_04 | 39.2 | CRITICAL
2026-09-22 04:29:59 | WARD_B_TEMP_05 | 35.9 | NORMAL
2026-09-22 04:30:00 | WARD_B_TEMP_01 | 35.9 | NORMAL
2026-09-22 04:30:00 | WARD_B_TEMP_02 | 39.0 | CRITICAL
2026-09-22 04:30:00 | WARD_B_TEMP_03 | 35.2 | CRITICAL
2026-09-22 04:30:00 | WARD_B_TEMP_04 | 37.0 | NORMAL
2026-09-22 04:30:00 | WARD_B_TEMP_05 | 40.3 | CRITICAL
2026-09-22 04:30:01 | WARD_B_TEMP_01 | 34.9 | CRITICAL
2026-09-22 04:30:01 | WARD_B_TEMP_02 | 38.8 | CRITICAL
2026-09-22 04:30:01 | WARD_B_TEMP_03 | 37.6 | WARNING
2026-09-22 04:30:01 | WARD_B_TEMP_04 | 39.8 | CRITICAL
2026-09-22 04:30:01 | WARD_B_TEMP_05 | 35.4 | CRITICAL
2026-09-22 04:30:02 | WARD_B_TEMP_01 | 39.3 | CRITICAL
2026-09-22 04:30:02 | WARD_B_TEMP_02 | 36.9 | NORMAL
2026-09-22 04:30:02 | WARD_B_TEMP_03 | 36.7 | NORMAL
2026-09-22 04:30:02 | WARD_B_TEMP_04 | 37.6 | WARNING
2026-09-22 04:30:02 | WARD_B_TEMP_05 | 38.0 | WARNING
2026-09-22 04:30:03 | WARD_B_TEMP_01 | 36.7 | NORMAL
2026-09-22 04:30:03 | WARD_B_TEMP_02 | 35.7 | NORMAL
2026-09-22 04:30:03 | WARD_B_TEMP_03 | 36.0 | NORMAL
2026-09-22 04:30:03 | WARD_B_TEMP_04 | 40.0 | CRITICAL
2026-09-22 04:30:03 | WARD_B_TEMP_05 | 38.5 | CRITICAL
2026-09-22 04:30:04 | WARD_B_TEMP_01 | 38.4 | CRITICAL
2026-09-22 04:30:04 | WARD_B_TEMP_02 | 39.4 | CRITICAL
2026-09-22 04:30:04 | WARD_B_TEMP_03 | 35.8 | NORMAL
2026-09-22 04:30:04 | WARD_B_TEMP_04 | 36.1 | NORMAL
2026-09-22 04:30:04 | WARD_B_TEMP_05 | 35.2 | CRITICAL
2026-09-22 04:30:05 | WARD_B_TEMP_01 | 35.7 | NORMAL
2026-09-22 04:30:05 | WARD_B_TEMP_02 | 40.3 | CRITICAL
2026-09-22 04:30:05 | WARD_B_TEMP_03 | 39.7 | CRITICAL
2026-09-22 04:30:05 | WARD_B_TEMP_04 | 40.3 | CRITICAL
2026-09-22 04:30:05 | WARD_B_TEMP_05 | 38.7 | CRITICAL
2026-09-22 04:30:06 | WARD_B_TEMP_01 | 36.9 | NORMAL
2026-09-22 04:30:06 | WARD_B_TEMP_02 | 35.5 | NORMAL
2026-09-22 04:30:06 | WARD_B_TEMP_03 | 37.9 | WARNING
2026-09-22 04:30:06 | WARD_B_TEMP_04 | 39.4 | CRITICAL
2026-09-22 04:30:06 | WARD_B_TEMP_05 | 40.0 | CRITICAL
2026-09-22 04:30:07 | WARD_B_TEMP_01 | 38.4 | CRITICAL
2026-09-22 04:30:07 | WARD_B_TEMP_02 | 37.3 | NORMAL
2026-09-22 04:30:07 | WARD_B_TEMP_03 | 35.7 | NORMAL
2026-09-22 04:30:07 | WARD_B_TEMP_04 | 40.5 | CRITICAL
2026-09-22 04:30:07 | WARD_B_TEMP_05 | 40.2 | CRITICAL
2026-09-22 04:30:08 | WARD_B_TEMP_01 | 35.2 | CRITICAL
2026-09-22 04:30:08 | WARD_B_TEMP_02 | 38.2 | CRITICAL
2026-09-22 04:30:08 | WARD_B_TEMP_03 | 37.5 | WARNING
2026-09-22 04:30:08 | WARD_B_TEMP_04 | 37.0 | NORMAL
2026-09-22 04:30:08 | WARD_B_TEMP_05 | 36.6 | NORMAL
2026-09-22 04:30:09 | WARD_B_TEMP_01 | 39.0 | CRITICAL
2026-09-22 04:30:09 | WARD_B_TEMP_02 | 38.8 | CRITICAL
2026-09-22 04:30:09 | WARD_B_TEMP_03 | 39.8 | CRITICAL
2026-09-22 04:30:09 | WARD_B_TEMP_04 | 39.0 | CRITICAL
2026-09-22 04:30:09 | WARD_B_TEMP_05 | 38.1 | CRITICAL
2026-09-22 04:30:10 | WARD_B_TEMP_01 | 38.5 | CRITICAL
2026-09-22 04:30:10 | WARD_B_TEMP_02 | 37.4 | NORMAL
2026-09-22 04:30:10 | WARD_B_TEMP_03 | 39.8 | CRITICAL
2026-09-22 04:30:10 | WARD_B_TEMP_04 | 36.6 | NORMAL
2026-09-22 04:30:10 | WARD_B_TEMP_05 | 35.6 | NORMAL
2026-09-22 04:30:11 | WARD_B_TEMP_01 | 38.6 | CRITICAL
2026-09-22 04:30:11 | WARD_B_TEMP_02 | 37.4 | NORMAL
2026-09-22 04:30:11 | WARD_B_TEMP_03 | 37.6 | WARNING
2026-09-22 04:30:11 | WARD_B_TEMP_04 | 39.4 | CRITICAL
2026-09-22 04:30:11 | WARD_B_TEMP_05 | 39.1 | CRITICAL
2026-09-22 04:30:12 | WARD_B_TEMP_01 | 35.0 | CRITICAL
2026-09-22 04:30:12 | WARD_B_TEMP_02 | 34.8 | CRITICAL
2026-09-22 04:30:12 | WARD_B_TEMP_03 | 39.4 | CRITICAL
2026-09-22 04:30:12 | WARD_B_TEMP_04 | 36.9 | NORMAL
2026-09-22 04:30:12 | WARD_B_TEMP_05 | 37.5 | WARNING
2026-09-22 04:30:13 | WARD_B_TEMP_01 | 35.1 | CRITICAL
2026-09-22 04:30:13 | WARD_B_TEMP_02 | 39.6 | CRITICAL
2026-09-22 04:30:13 | WARD_B_TEMP_03 | 34.5 | CRITICAL
2026-09-22 04:30:13 | WARD_B_TEMP_04 | 37.4 | NORMAL
2026-09-22 04:30:13 | WARD_B_TEMP_05 | 38.3 | CRITICAL
2026-09-22 04:30:14 | WARD_B_TEMP_01 | 38.1 | CRITICAL
2026-09-22 04:30:14 | WARD_B_TEMP_02 | 37.3 | NORMAL
2026-09-22 04:30:14 | WARD_B_TEMP_03 | 34.9 | CRITICAL
2026-09-22 04:30:14 | WARD_B_TEMP_04 | 34.9 | CRITICAL
2026-09-22 04:30:14 | WARD_B_TEMP_05 | 35.5 | NORMAL
2026-09-22 04:30:15 | WARD_B_TEMP_01 | 39.7 | CRITICAL
2026-09-22 04:30:15 | WARD_B_TEMP_02 | 36.6 | NORMAL
2026-09-22 04:30:15 | WARD_B_TEMP_03 | 38.0 | WARNING
2026-09-22 04:30:15 | WARD_B_TEMP_04 | 36.0 | NORMAL
2026-09-22 04:30:15 | WARD_B_TEMP_05 | 37.7 | WARNING
2026-09-22 04:30:16 | WARD_B_TEMP_01 | 38.8 | CRITICAL
2026-09-22 04:30:16 | WARD_B_TEMP_02 | 40.2 | CRITICAL
2026-09-22 04:30:16 | WARD_B_TEMP_03 | 35.1 | CRITICAL
2026-09-22 04:30:16 | WARD_B_TEMP_04 | 37.0 | NORMAL
2026-09-22 04:30:16 | WARD_B_TEMP_05 | 39.8 | CRITICAL
2026-09-22 04:30:17 | WARD_B_TEMP_01 | 39.9 | CRITICAL
2026-09-22 04:30:17 | WARD_B_TEMP_02 | 36.0 | NORMAL
2026-09-22 04:30:17 | WARD_B_TEMP_03 | 38.0 | WARNING
2026-09-22 04:30:17 | WARD_B_TEMP_04 | 40.5 | CRITICAL
2026-09-22 04:30:17 | WARD_B_TEMP_05 | 36.0 | NORMAL
2026-09-22 04:30:18 | WARD_B_TEMP_01 | 39.1 | CRITICAL
2026-09-22 04:30:18 | WARD_B_TEMP_02 | 34.7 | CRITICAL
2026-09-22 04:30:18 | WARD_B_TEMP_03 | 37.2 | NORMAL
2026-09-22 04:30:18 | WARD_B_TEMP_04 | 35.0 | CRITICAL
2026-09-22 04:30:18 | WARD_B_TEMP_05 | 34.8 | CRITICAL
2026-09-22 04:30:19 | WARD_B_TEMP_01 | 37.9 | WARNING
2026-09-22 04:30:19 | WARD_B_TEMP_02 | 40.1 | CRITICAL
2026-09-22 04:30:19 | WARD_B_TEMP_03 | 34.7 | CRITICAL
2026-09-22 04:30:19 | WARD_B_TEMP_04 | 39.1 | CRITICAL
2026-09-22 04:30:19 | WARD_B_TEMP_05 | 39.1 | CRITICAL
2026-09-22 04:30:20 | WARD_B_TEMP_01 | 37.5 | WARNING
2026-09-22 04:30:20 | WARD_B_TEMP_02 | 36.2 | NORMAL
2026-09-22 04:30:20 | WARD_B_TEMP_03 | 35.9 | NORMAL
2026-09-22 04:30:20 | WARD_B_TEMP_04 | 40.2 | CRITICAL
2026-09-22 04:30:20 | WARD_B_TEMP_05 | 40.0 | CRITICAL
2026-09-22 04:30:21 | WARD_B_TEMP_01 | 37.0 | NORMAL
2026-09-22 04:30:21 | WARD_B_TEMP_02 | 35.4 | CRITICAL
2026-09-22 04:30:21 | WARD_B_TEMP_03 | 35.7 | NORMAL
2026-09-22 04:30:21 | WARD_B_TEMP_04 | 38.5 | CRITICAL
2026-09-22 04:30:21 | WARD_B_TEMP_05 | 37.5 | WARNING
2026-09-22 04:30:22 | WARD_B_TEMP_01 | 38.9 | CRITICAL
2026-09-22 04:30:22 | WARD_B_TEMP_02 | 34.8 | CRITICAL
2026-09-22 04:30:22 | WARD_B_TEMP_03 | 34.9 | CRITICAL
2026-09-22 04:30:22 | WARD_B_TEMP_04 | 38.7 | CRITICAL
2026-09-22 04:30:22 | WARD_B_TEMP_05 | 38.4 | CRITICAL
2026-09-22 04:30:23 | WARD_B_TEMP_01 | 39.0 | CRITICAL
2026-09-22 04:30:23 | WARD_B_TEMP_02 | 39.3 | CRITICAL
2026-09-22 04:30:23 | WARD_B_TEMP_03 | 39.7 | CRITICAL
2026-09-22 04:30:23 | WARD_B_TEMP_04 | 37.2 | NORMAL
2026-09-22 04:30:23 | WARD_B_TEMP_05 | 39.9 | CRITICAL
2026-09-22 04:30:24 | WARD_B_TEMP_01 | 37.6 | WARNING
2026-09-22 04:30:24 | WARD_B_TEMP_02 | 36.3 | NORMAL
2026-09-22 04:30:24 | WARD_B_TEMP_03 | 36.2 | NORMAL
2026-09-22 04:30:24 | WARD_B_TEMP_04 | 36.8 | NORMAL
2026-09-22 04:30:24 | WARD_B_TEMP_05 | 37.3 | NORMAL
2026-09-22 04:30:25 | WARD_B_TEMP_01 | 37.2 | NORMAL
2026-09-22 04:30:25 | WARD_B_TEMP_02 | 37.6 | WARNING
2026-09-22 04:30:25 | WARD_B_TEMP_03 | 35.0 | CRITICAL
2026-09-22 04:30:25 | WARD_B_TEMP_04 | 38.1 | CRITICAL
2026-09-22 04:30:25 | WARD_B_TEMP_05 | 35.0 | CRITICAL
2026-09-22 04:30:26 | WARD_B_TEMP_01 | 36.7 | NORMAL
2026-09-22 04:30:26 | WARD_B_TEMP_02 | 34.5 | CRITICAL
2026-09-22 04:30:26 | WARD_B_TEMP_03 | 37.2 | NORMAL
2026-09-22 04:30:26 | WARD_B_TEMP_04 | 40.5 | CRITICAL
2026-09-22 04:30:26 | WARD_B_TEMP_05 | 38.5 | CRITICAL
2026-09-22 04:30:27 | WARD_B_TEMP_01 | 38.8 | CRITICAL
2026-09-22 04:30:27 | WARD_B_TEMP_02 | 39.2 | CRITICAL
2026-09-22 04:30:27 | WARD_B_TEMP_03 | 38.6 | CRITICAL
2026-09-22 04:30:27 | WARD_B_TEMP_04 | 39.9 | CRITICAL
2026-09-22 04:30:27 | WARD_B_TEMP_05 | 39.5 | CRITICAL
2026-09-22 04:30:28 | WARD_B_TEMP_01 | 37.8 | WARNING
2026-09-22 04:30:28 | WARD_B_TEMP_02 | 36.8 | NORMAL
2026-09-22 04:30:28 | WARD_B_TEMP_03 | 35.4 | CRITICAL
2026-09-22 04:30:28 | WARD_B_TEMP_04 | 40.4 | CRITICAL
2026-09-22 04:30:28 | WARD_B_TEMP_05 | 40.4 | CRITICAL
2026-09-22 04:30:29 | WARD_B_TEMP_01 | 38.6 | CRITICAL
2026-09-22 04:30:29 | WARD_B_TEMP_02 | 35.0 | CRITICAL
2026-09-22 04:30:29 | WARD_B_TEMP_03 | 38.2 | CRITICAL
2026-09-22 04:30:29 | WARD_B_TEMP_04 | 35.5 | NORMAL
2026-09-22 04:30:29 | WARD_B_TEMP_05 | 37.7 | WARNING
2026-09-22 04:30:30 | WARD_B_TEMP_01 | 36.5 | NORMAL
2026-09-22 04:30:30 | WARD_B_TEMP_02 | 39.9 | CRITICAL
2026-09-22 04:30:30 | WARD_B_TEMP_03 | 39.9 | CRITICAL
2026-09-22 04:30:30 | WARD_B_TEMP_04 | 35.8 | NORMAL
2026-09-22 04:30:30 | WARD_B_TEMP_05 | 38.7 | CRITICAL
2026-09-22 04:30:31 | WARD_B_TEMP_01 | 34.5 | CRITICAL
2026-09-22 04:30:31 | WARD_B_TEMP_02 | 39.2 | CRITICAL
2026-09-22 04:30:31 | WARD_B_TEMP_03 | 36.6 | NORMAL
2026-09-22 04:30:31 | WARD_B_TEMP_04 | 39.2 | CRITICAL
2026-09-22 04:30:31 | WARD_B_TEMP_05 | 37.2 | NORMAL
2026-09-22 04:30:32 | WARD_B_TEMP_01 | 40.2 | CRITICAL
2026-09-22 04:30:32 | WARD_B_TEMP_02 | 36.0 | NORMAL
2026-09-22 04:30:32 | WARD_B_TEMP_03 | 38.2 | CRITICAL
2026-09-22 04:30:32 | WARD_B_TEMP_04 | 38.1 | CRITICAL
2026-09-22 04:30:32 | WARD_B_TEMP_05 | 35.1 | CRITICAL
2026-09-22 04:30:33 | WARD_B_TEMP_01 | 36.3 | NORMAL
2026-09-22 04:30:33 | WARD_B_TEMP_02 | 40.1 | CRITICAL
2026-09-22 04:30:33 | WARD_B_TEMP_03 | 36.8 | NORMAL
2026-09-22 04:30:33 | WARD_B_TEMP_04 | 36.9 | NORMAL
2026-09-22 04:30:33 | WARD_B_TEMP_05 | 38.8 | CRITICAL
2026-09-22 04:30:34 | WARD_B_TEMP_01 | 38.2 | CRITICAL
2026-09-22 04:30:34 | WARD_B_TEMP_02 | 38.1 | CRITICAL
2026-09-22 04:30:34 | WARD_B_TEMP_03 | 37.8 | WARNING
2026-09-22 04:30:34 | WARD_B_TEMP_04 | 36.3 | NORMAL
2026-09-22 04:30:34 | WARD_B_TEMP_05 | 38.1 | CRITICAL
2026-09-22 04:30:35 | WARD_B_TEMP_01 | 40.2 | CRITICAL
2026-09-22 04:30:35 | WARD_B_TEMP_02 | 37.5 | WARNING
2026-09-22 04:30:35 | WARD_B_TEMP_03 | 40.4 | CRITICAL
2026-09-22 04:30:35 | WARD_B_TEMP_04 | 38.2 | CRITICAL
2026-09-22 04:30:35 | WARD_B_TEMP_05 | 36.5 | NORMAL
2026-09-22 04:30:36 | WARD_B_TEMP_01 | 38.6 | CRITICAL
2026-09-22 04:30:36 | WARD_B_TEMP_02 | 36.6 | NORMAL
2026-09-22 04:30:36 | WARD_B_TEMP_03 | 39.4 | CRITICAL
2026-09-22 04:30:36 | WARD_B_TEMP_04 | 39.6 | CRITICAL
2026-09-22 04:30:36 | WARD_B_TEMP_05 | 37.3 | NORMAL
2026-09-22 04:30:37 | WARD_B_TEMP_01 | 38.5 | CRITICAL
2026-09-22 04:30:37 | WARD_B_TEMP_02 | 38.9 | CRITICAL
2026-09-22 04:30:37 | WARD_B_TEMP_03 | 36.4 | NORMAL
2026-09-22 04:30:37 | WARD_B_TEMP_04 | 34.5 | CRITICAL
2026-09-22 04:30:37 | WARD_B_TEMP_05 | 38.6 | CRITICAL
2026-09-22 04:30:38 | WARD_B_TEMP_01 | 34.5 | CRITICAL
2026-09-22 04:30:38 | WARD_B_TEMP_02 | 36.1 | NORMAL
2026-09-22 04:30:38 | WARD_B_TEMP_03 | 37.8 | WARNING
2026-09-22 04:30:38 | WARD_B_TEMP_04 | 38.4 | CRITICAL
2026-09-22 04:30:38 | WARD_B_TEMP_05 | 37.5 | WARNING
2026-09-22 04:30:39 | WARD_B_TEMP_01 | 36.6 | NORMAL
2026-09-22 04:30:39 | WARD_B_TEMP_02 | 39.6 | CRITICAL
2026-09-22 04:30:39 | WARD_B_TEMP_03 | 36.2 | NORMAL
2026-09-22 04:30:39 | WARD_B_TEMP_04 | 35.8 | NORMAL
2026-09-22 04:30:39 | WARD_B_TEMP_05 | 37.9 | WARNING
2026-09-22 04:30:40 | WARD_B_TEMP_01 | 34.6 | CRITICAL
2026-09-22 04:30:40 | WARD_B_TEMP_02 | 38.7 | CRITICAL
2026-09-22 04:30:40 | WARD_B_TEMP_03 | 38.2 | CRITICAL
2026-09-22 04:30:40 | WARD_B_TEMP_04 | 37.1 | NORMAL
2026-09-22 04:30:40 | WARD_B_TEMP_05 | 38.7 | CRITICAL
2026-09-22 04:30:41 | WARD_B_TEMP_01 | 35.2 | CRITICAL
2026-09-22 04:30:41 | WARD_B_TEMP_02 | 40.3 | CRITICAL
2026-09-22 04:30:41 | WARD_B_TEMP_03 | 36.0 | NORMAL
2026-09-22 04:30:41 | WARD_B_TEMP_04 | 40.1 | CRITICAL
2026-09-22 04:30:41 | WARD_B_TEMP_05 | 40.0 | CRITICAL
2026-09-22 04:30:42 | WARD_B_TEMP_01 | 39.3 | CRITICAL
2026-09-22 04:30:42 | WARD_B_TEMP_02 | 40.1 | CRITICAL
2026-09-22 04:30:42 | WARD_B_TEMP_03 | 35.3 | CRITICAL
2026-09-22 04:30:42 | WARD_B_TEMP_04 | 35.0 | CRITICAL
2026-09-22 04:30:42 | WARD_B_TEMP_05 | 39.2 | CRITICAL
2026-09-22 04:30:43 | WARD_B_TEMP_01 | 36.0 | NORMAL
2026-09-22 04:30:43 | WARD_B_TEMP_02 | 35.2 | CRITICAL
2026-09-22 04:30:43 | WARD_B_TEMP_03 | 35.5 | NORMAL
2026-09-22 04:30:43 | WARD_B_TEMP_04 | 40.0 | CRITICAL
2026-09-22 04:30:43 | WARD_B_TEMP_05 | 39.6 | CRITICAL
2026-09-22 04:30:44 | WARD_B_TEMP_01 | 39.8 | CRITICAL
2026-09-22 04:30:44 | WARD_B_TEMP_02 | 40.3 | CRITICAL
2026-09-22 04:30:44 | WARD_B_TEMP_03 | 35.6 | NORMAL
2026-09-22 04:30:44 | WARD_B_TEMP_04 | 37.1 | NORMAL
2026-09-22 04:30:44 | WARD_B_TEMP_05 | 36.5 | NORMAL
2026-09-22 04:30:45 | WARD_B_TEMP_01 | 39.4 | CRITICAL
2026-09-22 04:30:45 | WARD_B_TEMP_02 | 39.4 | CRITICAL
2026-09-22 04:30:45 | WARD_B_TEMP_03 | 39.8 | CRITICAL
2026-09-22 04:30:45 | WARD_B_TEMP_04 | 36.0 | NORMAL
2026-09-22 04:30:45 | WARD_B_TEMP_05 | 36.4 | NORMAL
2026-09-22 04:30:46 | WARD_B_TEMP_01 | 34.7 | CRITICAL
2026-09-22 04:30:46 | WARD_B_TEMP_02 | 36.0 | NORMAL
2026-09-22 04:30:46 | WARD_B_TEMP_03 | 37.0 | NORMAL
2026-09-22 04:30:46 | WARD_B_TEMP_04 | 34.5 | CRITICAL
2026-09-22 04:30:46 | WARD_B_TEMP_05 | 37.7 | WARNING
2026-09-22 04:30:47 | WARD_B_TEMP_01 | 40.2 | CRITICAL
2026-09-22 04:30:47 | WARD_B_TEMP_02 | 35.6 | NORMAL
2026-09-22 04:30:47 | WARD_B_TEMP_03 | 38.2 | CRITICAL
2026-09-22 04:30:47 | WARD_B_TEMP_04 | 34.6 | CRITICAL
2026-09-22 04:30:47 | WARD_B_TEMP_05 | 39.6 | CRITICAL
2026-09-22 04:30:48 | WARD_B_TEMP_01 | 36.0 | NORMAL
2026-09-22 04:30:48 | WARD_B_TEMP_02 | 34.7 | CRITICAL
2026-09-22 04:30:48 | WARD_B_TEMP_03 | 35.5 | NORMAL
2026-09-22 04:30:48 | WARD_B_TEMP_04 | 35.5 | NORMAL
2026-09-22 04:30:48 | WARD_B_TEMP_05 | 40.2 | CRITICAL
2026-09-22 04:30:49 | WARD_B_TEMP_01 | 36.7 | NORMAL
2026-09-22 04:30:49 | WARD_B_TEMP_02 | 38.2 | CRITICAL
2026-09-22 04:30:49 | WARD_B_TEMP_03 | 39.0 | CRITICAL
2026-09-22 04:30:49 | WARD_B_TEMP_04 | 36.1 | NORMAL
2026-09-22 04:30:49 | WARD_B_TEMP_05 | 40.3 | CRITICAL
2026-09-22 04:30:50 | WARD_B_TEMP_01 | 36.8 | NORMAL
2026-09-22 04:30:50 | WARD_B_TEMP_02 | 34.7 | CRITICAL
2026-09-22 04:30:50 | WARD_B_TEMP_03 | 39.2 | CRITICAL
2026-09-22 04:30:50 | WARD_B_TEMP_04 | 35.0 | CRITICAL
2026-09-22 04:30:50 | WARD_B_TEMP_05 | 38.3 | CRITICAL
2026-09-22 04:30:51 | WARD_B_TEMP_01 | 39.7 | CRITICAL
2026-09-22 04:30:51 | WARD_B_TEMP_02 | 39.6 | CRITICAL
2026-09-22 04:30:51 | WARD_B_TEMP_03 | 35.1 | CRITICAL
2026-09-22 04:30:51 | WARD_B_TEMP_04 | 38.6 | CRITICAL
2026-09-22 04:30:51 | WARD_B_TEMP_05 | 36.6 | NORMAL
2026-09-22 04:30:52 | WARD_B_TEMP_01 | 39.8 | CRITICAL
2026-09-22 04:30:52 | WARD_B_TEMP_02 | 38.1 | CRITICAL
2026-09-22 04:30:52 | WARD_B_TEMP_03 | 36.3 | NORMAL
2026-09-22 04:30:52 | WARD_B_TEMP_04 | 37.2 | NORMAL
2026-09-22 04:30:52 | WARD_B_TEMP_05 | 34.9 | CRITICAL
2026-09-22 04:30:53 | WARD_B_TEMP_01 | 38.1 | CRITICAL
2026-09-22 04:30:53 | WARD_B_TEMP_02 | 36.9 | NORMAL
2026-09-22 04:30:53 | WARD_B_TEMP_03 | 39.4 | CRITICAL
2026-09-22 04:30:53 | WARD_B_TEMP_04 | 38.2 | CRITICAL
2026-09-22 04:30:53 | WARD_B_TEMP_05 | 37.6 | WARNING
2026-09-22 04:30:54 | WARD_B_TEMP_01 | 37.0 | NORMAL
2026-09-22 04:30:54 | WARD_B_TEMP_02 | 35.8 | NORMAL
2026-09-22 04:30:54 | WARD_B_TEMP_03 | 38.3 | CRITICAL
2026-09-22 04:30:54 | WARD_B_TEMP_04 | 39.8 | CRITICAL
2026-09-22 04:30:54 | WARD_B_TEMP_05 | 37.8 | WARNING
2026-09-22 04:30:55 | WARD_B_TEMP_01 | 35.6 | NORMAL
2026-09-22 04:30:55 | WARD_B_TEMP_02 | 38.9 | CRITICAL
2026-09-22 04:30:55 | WARD_B_TEMP_03 | 38.2 | CRITICAL
2026-09-22 04:30:55 | WARD_B_TEMP_04 | 40.2 | CRITICAL
2026-09-22 04:30:55 | WARD_B_TEMP_05 | 38.9 | CRITICAL
2026-09-22 04:30:56 | WARD_B_TEMP_01 | 40.3 | CRITICAL
2026-09-22 04:30:56 | WARD_B_TEMP_02 | 38.6 | CRITICAL
2026-09-22 04:30:56 | WARD_B_TEMP_03 | 34.9 | CRITICAL
2026-09-22 04:30:56 | WARD_B_TEMP_04 | 35.0 | CRITICAL
2026-09-22 04:30:56 | WARD_B_TEMP_05 | 40.3 | CRITICAL
2026-09-22 04:30:57 | WARD_B_TEMP_01 | 38.8 | CRITICAL
2026-09-22 04:30:57 | WARD_B_TEMP_02 | 36.6 | NORMAL
2026-09-22 04:30:57 | WARD_B_TEMP_03 | 40.0 | CRITICAL
2026-09-22 04:30:57 | WARD_B_TEMP_04 | 38.8 | CRITICAL
2026-09-22 04:30:57 | WARD_B_TEMP_05 | 40.1 | CRITICAL
2026-09-22 04:30:58 | WARD_B_TEMP_01 | 37.5 | WARNING
2026-09-22 04:30:58 | WARD_B_TEMP_02 | 36.2 | NORMAL
2026-09-22 04:30:58 | WARD_B_TEMP_03 | 39.3 | CRITICAL
2026-09-22 04:30:58 | WARD_B_TEMP_04 | 34.7 | CRITICAL
2026-09-22 04:30:58 | WARD_B_TEMP_05 | 38.1 | CRITICAL
2026-09-22 04:30:59 | WARD_B_TEMP_01 | 36.7 | NORMAL
2026-09-22 04:30:59 | WARD_B_TEMP_02 | 39.8 | CRITICAL
2026-09-22 04:30:59 | WARD_B_TEMP_03 | 35.7 | NORMAL
2026-09-22 04:30:59 | WARD_B_TEMP_04 | 40.2 | CRITICAL
2026-09-22 04:30:59 | WARD_B_TEMP_05 | 36.3 | NORMAL
2026-09-22 04:31:00 | WARD_B_TEMP_01 | 38.6 | CRITICAL
2026-09-22 04:31:00 | WARD_B_TEMP_02 | 40.1 | CRITICAL
2026-09-22 04:31:00 | WARD_B_TEMP_03 | 35.2 | CRITICAL
2026-09-22 04:31:00 | WARD_B_TEMP_04 | 36.5 | NORMAL
2026-09-22 04:31:00 | WARD_B_TEMP_05 | 35.3 | CRITICAL
2026-09-22 04:31:01 | WARD_B_TEMP_01 | 40.2 | CRITICAL
2026-09-22 04:31:01 | WARD_B_TEMP_02 | 38.5 | CRITICAL
2026-09-22 04:31:01 | WARD_B_TEMP_03 | 36.1 | NORMAL
2026-09-22 04:31:01 | WARD_B_TEMP_04 | 37.7 | WARNING
2026-09-22 04:31:01 | WARD_B_TEMP_05 | 38.9 | CRITICAL
2026-09-22 04:31:02 | WARD_B_TEMP_01 | 36.9 | NORMAL
2026-09-22 04:31:02 | WARD_B_TEMP_02 | 37.3 | NORMAL
2026-09-22 04:31:02 | WARD_B_TEMP_03 | 35.0 | CRITICAL
2026-09-22 04:31:02 | WARD_B_TEMP_04 | 39.9 | CRITICAL
2026-09-22 04:31:02 | WARD_B_TEMP_05 | 34.6 | CRITICAL
2026-09-22 04:31:03 | WARD_B_TEMP_01 | 34.8 | CRITICAL
2026-09-22 04:31:03 | WARD_B_TEMP_02 | 35.8 | NORMAL
2026-09-22 04:31:03 | WARD_B_TEMP_03 | 38.0 | WARNING
2026-09-22 04:31:03 | WARD_B_TEMP_04 | 37.4 | NORMAL
2026-09-22 04:31:03 | WARD_B_TEMP_05 | 40.5 | CRITICAL
2026-09-22 04:31:04 | WARD_B_TEMP_01 | 38.2 | CRITICAL
2026-09-22 04:31:04 | WARD_B_TEMP_02 | 40.0 | CRITICAL
2026-09-22 04:31:04 | WARD_B_TEMP_03 | 39.4 | CRITICAL
2026-09-22 04:31:04 | WARD_B_TEMP_04 | 38.9 | CRITICAL
2026-09-22 04:31:04 | WARD_B_TEMP_05 | 37.9 | WARNING
2026-09-22 04:31:05 | WARD_B_TEMP_01 | 36.1 | NORMAL
2026-09-22 04:31:05 | WARD_B_TEMP_02 | 34.9 | CRITICAL
2026-09-22 04:31:05 | WARD_B_TEMP_03 | 40.2 | CRITICAL
2026-09-22 04:31:05 | WARD_B_TEMP_04 | 36.1 | NORMAL
2026-09-22 04:31:05 | WARD_B_TEMP_05 | 36.4 | NORMAL
2026-09-22 04:31:06 | WARD_B_TEMP_01 | 37.3 | NORMAL
2026-09-22 04:31:06 | WARD_B_TEMP_02 | 40.3 | CRITICAL
2026-09-22 04:31:06 | WARD_B_TEMP_03 | 35.0 | CRITICAL
2026-09-22 04:31:06 | WARD_B_TEMP_04 | 36.3 | NORMAL
2026-09-22 04:31:06 | WARD_B_TEMP_05 | 36.5 | NORMAL
2026-09-22 04:31:07 | WARD_B_TEMP_01 | 38.3 | CRITICAL
2026-09-22 04:31:07 | WARD_B_TEMP_02 | 37.0 | NORMAL
2026-09-22 04:31:07 | WARD_B_TEMP_03 | 36.7 | NORMAL
2026-09-22 04:31:07 | WARD_B_TEMP_04 | 34.9 | CRITICAL
2026-09-22 04:31:07 | WARD_B_TEMP_05 | 35.2 | CRITICAL
2026-09-22 04:31:08 | WARD_B_TEMP_01 | 38.2 | CRITICAL
2026-09-22 04:31:08 | WARD_B_TEMP_02 | 37.5 | WARNING
2026-09-22 04:31:08 | WARD_B_TEMP_03 | 37.3 | NORMAL
2026-09-22 04:31:08 | WARD_B_TEMP_04 | 40.4 | CRITICAL
2026-09-22 04:31:08 | WARD_B_TEMP_05 | 37.2 | NORMAL
2026-09-22 04:31:09 | WARD_B_TEMP_01 | 35.5 | NORMAL
2026-09-22 04:31:09 | WARD_B_TEMP_02 | 36.8 | NORMAL
2026-09-22 04:31:09 | WARD_B_TEMP_03 | 38.9 | CRITICAL
2026-09-22 04:31:09 | WARD_B_TEMP_04 | 34.8 | CRITICAL
2026-09-22 04:31:09 | WARD_B_TEMP_05 | 39.4 | CRITICAL
2026-09-22 04:31:10 | WARD_B_TEMP_01 | 38.3 | CRITICAL
2026-09-22 04:31:10 | WARD_B_TEMP_02 | 35.1 | CRITICAL
2026-09-22 04:31:10 | WARD_B_TEMP_03 | 35.9 | NORMAL
2026-09-22 04:31:10 | WARD_B_TEMP_04 | 37.4 | NORMAL
2026-09-22 04:31:10 | WARD_B_TEMP_05 | 40.3 | CRITICAL
2026-09-22 04:31:11 | WARD_B_TEMP_01 | 35.8 | NORMAL
2026-09-22 04:31:11 | WARD_B_TEMP_02 | 37.7 | WARNING
2026-09-22 04:31:11 | WARD_B_TEMP_03 | 35.4 | CRITICAL
2026-09-22 04:31:11 | WARD_B_TEMP_04 | 38.9 | CRITICAL
2026-09-22 04:31:11 | WARD_B_TEMP_05 | 36.5 | NORMAL
2026-09-22 04:31:12 | WARD_B_TEMP_01 | 37.6 | WARNING
2026-09-22 04:31:12 | WARD_B_TEMP_02 | 36.9 | NORMAL
2026-09-22 04:31:12 | WARD_B_TEMP_03 | 39.3 | CRITICAL
2026-09-22 04:31:12 | WARD_B_TEMP_04 | 35.3 | CRITICAL
2026-09-22 04:31:12 | WARD_B_TEMP_05 | 34.6 | CRITICAL
2026-09-22 04:31:13 | WARD_B_TEMP_01 | 37.1 | NORMAL
2026-09-22 04:31:13 | WARD_B_TEMP_02 | 35.7 | NORMAL
2026-09-22 04:31:13 | WARD_B_TEMP_03 | 36.3 | NORMAL
2026-09-22 04:31:13 | WARD_B_TEMP_04 | 38.9 | CRITICAL
2026-09-22 04:31:13 | WARD_B_TEMP_05 | 34.6 | CRITICAL
2026-09-22 04:31:14 | WARD_B_TEMP_01 | 38.1 | CRITICAL
2026-09-22 04:31:14 | WARD_B_TEMP_02 | 34.8 | CRITICAL
2026-09-22 04:31:14 | WARD_B_TEMP_03 | 36.0 | NORMAL
2026-09-22 04:31:14 | WARD_B_TEMP_04 | 38.4 | CRITICAL
2026-09-22 04:31:14 | WARD_B_TEMP_05 | 36.9 | NORMAL
2026-09-22 04:31:15 | WARD_B_TEMP_01 | 39.2 | CRITICAL
2026-09-22 04:31:15 | WARD_B_TEMP_02 | 34.9 | CRITICAL
2026-09-22 04:31:15 | WARD_B_TEMP_03 | 40.2 | CRITICAL
2026-09-22 04:31:15 | WARD_B_TEMP_04 | 35.8 | NORMAL
2026-09-22 04:31:15 | WARD_B_TEMP_05 | 39.6 | CRITICAL
2026-09-22 04:31:16 | WARD_B_TEMP_01 | 38.5 | CRITICAL
2026-09-22 04:31:16 | WARD_B_TEMP_02 | 36.0 | NORMAL
2026-09-22 04:31:16 | WARD_B_TEMP_03 | 36.7 | NORMAL
2026-09-22 04:31:16 | WARD_B_TEMP_04 | 34.7 | CRITICAL
2026-09-22 04:31:16 | WARD_B_TEMP_05 | 35.8 | NORMAL
2026-09-22 04:31:17 | WARD_B_TEMP_01 | 35.1 | CRITICAL
2026-09-22 04:31:17 | WARD_B_TEMP_02 | 35.5 | NORMAL
2026-09-22 04:31:17 | WARD_B_TEMP_03 | 35.5 | NORMAL
2026-09-22 04:31:17 | WARD_B_TEMP_04 | 38.2 | CRITICAL
2026-09-22 04:31:17 | WARD_B_TEMP_05 | 39.8 | CRITICAL
2026-09-22 04:31:18 | WARD_B_TEMP_01 | 37.2 | NORMAL
2026-09-22 04:31:18 | WARD_B_TEMP_02 | 38.7 | CRITICAL
2026-09-22 04:31:18 | WARD_B_TEMP_03 | 38.1 | CRITICAL
2026-09-22 04:31:18 | WARD_B_TEMP_04 | 38.1 | CRITICAL
2026-09-22 04:31:18 | WARD_B_TEMP_05 | 38.0 | WARNING
2026-09-22 04:31:19 | WARD_B_TEMP_01 | 37.4 | NORMAL
2026-09-22 04:31:19 | WARD_B_TEMP_02 | 39.2 | CRITICAL
2026-09-22 04:31:19 | WARD_B_TEMP_03 | 39.2 | CRITICAL
2026-09-22 04:31:19 | WARD_B_TEMP_04 | 38.2 | CRITICAL
2026-09-22 04:31:19 | WARD_B_TEMP_05 | 34.6 | CRITICAL
2026-09-22 04:31:20 | WARD_B_TEMP_01 | 34.7 | CRITICAL
2026-09-22 04:31:20 | WARD_B_TEMP_02 | 37.3 | NORMAL
2026-09-22 04:31:20 | WARD_B_TEMP_03 | 35.2 | CRITICAL
2026-09-22 04:31:20 | WARD_B_TEMP_04 | 38.6 | CRITICAL
2026-09-22 04:31:20 | WARD_B_TEMP_05 | 36.7 | NORMAL
2026-09-22 04:31:21 | WARD_B_TEMP_01 | 35.8 | NORMAL
2026-09-22 04:31:21 | WARD_B_TEMP_02 | 38.3 | CRITICAL
2026-09-22 04:31:21 | WARD_B_TEMP_03 | 36.1 | NORMAL
2026-09-22 04:31:21 | WARD_B_TEMP_04 | 35.3 | CRITICAL
2026-09-22 04:31:21 | WARD_B_TEMP_05 | 37.7 | WARNING
2026-09-22 04:31:22 | WARD_B_TEMP_01 | 37.7 | WARNING
2026-09-22 04:31:22 | WARD_B_TEMP_02 | 36.8 | NORMAL
2026-09-22 04:31:22 | WARD_B_TEMP_03 | 39.9 | CRITICAL
2026-09-22 04:31:22 | WARD_B_TEMP_04 | 34.6 | CRITICAL
2026-09-22 04:31:22 | WARD_B_TEMP_05 | 38.1 | CRITICAL
2026-09-22 04:31:23 | WARD_B_TEMP_01 | 36.9 | NORMAL
2026-09-22 04:31:23 | WARD_B_TEMP_02 | 37.0 | NORMAL
2026-09-22 04:31:23 | WARD_B_TEMP_03 | 37.5 | WARNING
2026-09-22 04:31:23 | WARD_B_TEMP_04 | 35.2 | CRITICAL
2026-09-22 04:31:23 | WARD_B_TEMP_05 | 37.4 | NORMAL
2026-09-22 04:31:24 | WARD_B_TEMP_01 | 40.0 | CRITICAL
2026-09-22 04:31:24 | WARD_B_TEMP_02 | 36.0 | NORMAL
2026-09-22 04:31:24 | WARD_B_TEMP_03 | 40.3 | CRITICAL
2026-09-22 04:31:24 | WARD_B_TEMP_04 | 35.3 | CRITICAL
2026-09-22 04:31:24 | WARD_B_TEMP_05 | 34.5 | CRITICAL
2026-09-22 04:31:25 | WARD_B_TEMP_01 | 38.2 | CRITICAL
2026-09-22 04:31:25 | WARD_B_TEMP_02 | 36.5 | NORMAL
2026-09-22 04:31:25 | WARD_B_TEMP_03 | 34.7 | CRITICAL
2026-09-22 04:31:25 | WARD_B_TEMP_04 | 37.5 | WARNING
2026-09-22 04:31:25 | WARD_B_TEMP_05 | 35.4 | CRITICAL
2026-09-22 04:31:26 | WARD_B_TEMP_01 | 36.6 | NORMAL
2026-09-22 04:31:26 | WARD_B_TEMP_02 | 34.8 | CRITICAL
2026-09-22 04:31:26 | WARD_B_TEMP_03 | 35.9 | NORMAL
2026-09-22 04:31:26 | WARD_B_TEMP_04 | 36.7 | NORMAL
2026-09-22 04:31:26 | WARD_B_TEMP_05 | 34.6 | CRITICAL
2026-09-22 04:31:27 | WARD_B_TEMP_01 | 37.2 | NORMAL
2026-09-22 04:31:27 | WARD_B_TEMP_02 | 36.8 | NORMAL
2026-09-22 04:31:27 | WARD_B_TEMP_03 | 38.2 | CRITICAL
2026-09-22 04:31:27 | WARD_B_TEMP_04 | 38.5 | CRITICAL
2026-09-22 04:31:27 | WARD_B_TEMP_05 | 34.8 | CRITICAL
2026-09-22 04:31:28 | WARD_B_TEMP_01 | 38.2 | CRITICAL
2026-09-22 04:31:28 | WARD_B_TEMP_02 | 36.8 | NORMAL
2026-09-22 04:31:28 | WARD_B_TEMP_03 | 34.6 | CRITICAL
2026-09-22 04:31:28 | WARD_B_TEMP_04 | 39.3 | CRITICAL
2026-09-22 04:31:28 | WARD_B_TEMP_05 | 36.3 | NORMAL
2026-09-22 04:31:29 | WARD_B_TEMP_01 | 38.0 | WARNING
2026-09-22 04:31:29 | WARD_B_TEMP_02 | 36.2 | NORMAL
2026-09-22 04:31:29 | WARD_B_TEMP_03 | 36.1 | NORMAL
2026-09-22 04:31:29 | WARD_B_TEMP_04 | 37.4 | NORMAL
2026-09-22 04:31:29 | WARD_B_TEMP_05 | 39.1 | CRITICAL
2026-09-22 04:31:30 | WARD_B_TEMP_01 | 35.5 | NORMAL
2026-09-22 04:31:30 | WARD_B_TEMP_02 | 37.9 | WARNING
2026-09-22 04:31:30 | WARD_B_TEMP_03 | 39.6 | CRITICAL
2026-09-22 04:31:30 | WARD_B_TEMP_04 | 38.0 | WARNING
2026-09-22 04:31:30 | WARD_B_TEMP_05 | 38.8 | CRITICAL
2026-09-22 04:31:31 | WARD_B_TEMP_01 | 37.0 | NORMAL
2026-09-22 04:31:31 | WARD_B_TEMP_02 | 38.2 | CRITICAL
2026-09-22 04:31:31 | WARD_B_TEMP_03 | 38.0 | WARNING
2026-09-22 04:31:31 | WARD_B_TEMP_04 | 39.3 | CRITICAL
2026-09-22 04:31:31 | WARD_B_TEMP_05 | 39.5 | CRITICAL
2026-09-22 04:31:32 | WARD_B_TEMP_01 | 38.5 | CRITICAL
2026-09-22 04:31:32 | WARD_B_TEMP_02 | 39.2 | CRITICAL
2026-09-22 04:31:32 | WARD_B_TEMP_03 | 36.6 | NORMAL
2026-09-22 04:31:32 | WARD_B_TEMP_04 | 35.5 | NORMAL
2026-09-22 04:31:32 | WARD_B_TEMP_05 | 40.3 | CRITICAL
2026-09-22 04:31:33 | WARD_B_TEMP_01 | 35.7 | NORMAL
2026-09-22 04:31:33 | WARD_B_TEMP_02 | 38.4 | CRITICAL
2026-09-22 04:31:33 | WARD_B_TEMP_03 | 34.7 | CRITICAL
2026-09-22 04:31:33 | WARD_B_TEMP_04 | 37.7 | WARNING
2026-09-22 04:31:33 | WARD_B_TEMP_05 | 39.2 | CRITICAL
2026-09-22 04:31:34 | WARD_B_TEMP_01 | 40.1 | CRITICAL
2026-09-22 04:31:34 | WARD_B_TEMP_02 | 39.5 | CRITICAL
2026-09-22 04:31:34 | WARD_B_TEMP_03 | 36.4 | NORMAL
2026-09-22 04:31:34 | WARD_B_TEMP_04 | 36.9 | NORMAL
2026-09-22 04:31:34 | WARD_B_TEMP_05 | 40.4 | CRITICAL
2026-09-22 04:31:35 | WARD_B_TEMP_01 | 35.8 | NORMAL
2026-09-22 04:31:35 | WARD_B_TEMP_02 | 37.0 | NORMAL
2026-09-22 04:31:35 | WARD_B_TEMP_03 | 35.7 | NORMAL
2026-09-22 04:31:35 | WARD_B_TEMP_04 | 39.3 | CRITICAL
2026-09-22 04:31:35 | WARD_B_TEMP_05 | 39.3 | CRITICAL
2026-09-22 04:31:36 | WARD_B_TEMP_01 | 38.2 | CRITICAL
2026-09-22 04:31:36 | WARD_B_TEMP_02 | 36.3 | NORMAL
2026-09-22 04:31:36 | WARD_B_TEMP_03 | 39.8 | CRITICAL
2026-09-22 04:31:36 | WARD_B_TEMP_04 | 37.5 | WARNING
2026-09-22 04:31:36 | WARD_B_TEMP_05 | 35.0 | CRITICAL
2026-09-22 04:31:37 | WARD_B_TEMP_01 | 39.0 | CRITICAL
2026-09-22 04:31:37 | WARD_B_TEMP_02 | 34.8 | CRITICAL
2026-09-22 04:31:37 | WARD_B_TEMP_03 | 37.3 | NORMAL
2026-09-22 04:31:37 | WARD_B_TEMP_04 | 39.4 | CRITICAL
2026-09-22 04:31:37 | WARD_B_TEMP_05 | 37.6 | WARNING
2026-09-22 04:31:38 | WARD_B_TEMP_01 | 40.4 | CRITICAL
2026-09-22 04:31:38 | WARD_B_TEMP_02 | 37.6 | WARNING
2026-09-22 04:31:38 | WARD_B_TEMP_03 | 35.5 | NORMAL
2026-09-22 04:31:38 | WARD_B_TEMP_04 | 36.0 | NORMAL
2026-09-22 04:31:38 | WARD_B_TEMP_05 | 39.6 | CRITICAL
2026-09-22 04:31:39 | WARD_B_TEMP_01 | 36.0 | NORMAL
2026-09-22 04:31:39 | WARD_B_TEMP_02 | 35.9 | NORMAL
2026-09-22 04:31:39 | WARD_B_TEMP_03 | 35.3 | CRITICAL
2026-09-22 04:31:39 | WARD_B_TEMP_04 | 35.7 | NORMAL
2026-09-22 04:31:39 | WARD_B_TEMP_05 | 34.9 | CRITICAL
2026-09-22 04:31:40 | WARD_B_TEMP_01 | 39.7 | CRITICAL
2026-09-22 04:31:40 | WARD_B_TEMP_02 | 40.4 | CRITICAL
2026-09-22 04:31:40 | WARD_B_TEMP_03 | 38.7 | CRITICAL
2026-09-22 04:31:40 | WARD_B_TEMP_04 | 39.9 | CRITICAL
2026-09-22 04:31:40 | WARD_B_TEMP_05 | 39.7 | CRITICAL
2026-09-22 04:31:41 | WARD_B_TEMP_01 | 35.3 | CRITICAL
2026-09-22 04:31:41 | WARD_B_TEMP_02 | 36.3 | NORMAL
2026-09-22 04:31:41 | WARD_B_TEMP_03 | 37.2 | NORMAL
2026-09-22 04:31:41 | WARD_B_TEMP_04 | 35.0 | CRITICAL
2026-09-22 04:31:41 | WARD_B_TEMP_05 | 37.4 | NORMAL
2026-09-22 04:31:42 | WARD_B_TEMP_01 | 36.6 | NORMAL
2026-09-22 04:31:42 | WARD_B_TEMP_02 | 38.5 | CRITICAL
2026-09-22 04:31:42 | WARD_B_TEMP_03 | 40.2 | CRITICAL
2026-09-22 04:31:42 | WARD_B_TEMP_04 | 35.1 | CRITICAL
2026-09-22 04:31:42 | WARD_B_TEMP_05 | 38.6 | CRITICAL
2026-09-22 04:31:43 | WARD_B_TEMP_01 | 37.6 | WARNING
2026-09-22 04:31:43 | WARD_B_TEMP_02 | 36.9 | NORMAL
2026-09-22 04:31:43 | WARD_B_TEMP_03 | 37.3 | NORMAL
2026-09-22 04:31:43 | WARD_B_TEMP_04 | 36.1 | NORMAL
2026-09-22 04:31:43 | WARD_B_TEMP_05 | 35.6 | NORMAL
2026-09-22 04:31:44 | WARD_B_TEMP_01 | 35.9 | NORMAL
2026-09-22 04:31:44 | WARD_B_TEMP_02 | 36.6 | NORMAL
2026-09-22 04:31:44 | WARD_B_TEMP_03 | 38.5 | CRITICAL
2026-09-22 04:31:44 | WARD_B_TEMP_04 | 36.9 | NORMAL
2026-09-22 04:31:44 | WARD_B_TEMP_05 | 36.2 | NORMAL
2026-09-22 04:31:45 | WARD_B_TEMP_01 | 37.2 | NORMAL
2026-09-22 04:31:45 | WARD_B_TEMP_02 | 39.9 | CRITICAL
2026-09-22 04:31:45 | WARD_B_TEMP_03 | 40.3 | CRITICAL
2026-09-22 04:31:45 | WARD_B_TEMP_04 | 39.7 | CRITICAL
2026-09-22 04:31:45 | WARD_B_TEMP_05 | 39.6 | CRITICAL
2026-09-22 04:31:46 | WARD_B_TEMP_01 | 40.2 | CRITICAL
2026-09-22 04:31:46 | WARD_B_TEMP_02 | 39.1 | CRITICAL
2026-09-22 04:31:46 | WARD_B_TEMP_03 | 39.4 | CRITICAL
2026-09-22 04:31:46 | WARD_B_TEMP_04 | 38.7 | CRITICAL
2026-09-22 04:31:46 | WARD_B_TEMP_05 | 35.1 | CRITICAL
2026-09-22 04:31:47 | WARD_B_TEMP_01 | 36.7 | NORMAL
2026-09-22 04:31:47 | WARD_B_TEMP_02 | 35.9 | NORMAL
2026-09-22 04:31:47 | WARD_B_TEMP_03 | 40.1 | CRITICAL
2026-09-22 04:31:47 | WARD_B_TEMP_04 | 37.3 | NORMAL
2026-09-22 04:31:47 | WARD_B_TEMP_05 | 37.7 | WARNING
2026-09-22 04:31:48 | WARD_B_TEMP_01 | 35.4 | CRITICAL
2026-09-22 04:31:48 | WARD_B_TEMP_02 | 36.7 | NORMAL
2026-09-22 04:31:48 | WARD_B_TEMP_03 | 38.6 | CRITICAL
2026-09-22 04:31:48 | WARD_B_TEMP_04 | 35.5 | NORMAL
2026-09-22 04:31:48 | WARD_B_TEMP_05 | 37.8 | WARNING
2026-09-22 04:31:49 | WARD_B_TEMP_01 | 38.5 | CRITICAL
2026-09-22 04:31:49 | WARD_B_TEMP_02 | 37.0 | NORMAL
2026-09-22 04:31:49 | WARD_B_TEMP_03 | 37.5 | WARNING
2026-09-22 04:31:49 | WARD_B_TEMP_04 | 37.9 | WARNING
2026-09-22 04:31:49 | WARD_B_TEMP_05 | 36.1 | NORMAL
2026-09-22 04:31:50 | WARD_B_TEMP_01 | 36.9 | NORMAL
2026-09-22 04:31:50 | WARD_B_TEMP_02 | 39.2 | CRITICAL
2026-09-22 04:31:50 | WARD_B_TEMP_03 | 36.1 | NORMAL
2026-09-22 04:31:50 | WARD_B_TEMP_04 | 36.0 | NORMAL
2026-09-22 04:31:50 | WARD_B_TEMP_05 | 38.1 | CRITICAL
2026-09-22 04:31:51 | WARD_B_TEMP_01 | 40.1 | CRITICAL
2026-09-22 04:31:51 | WARD_B_TEMP_02 | 40.4 | CRITICAL
2026-09-22 04:31:51 | WARD_B_TEMP_03 | 36.6 | NORMAL
2026-09-22 04:31:51 | WARD_B_TEMP_04 | 36.1 | NORMAL
2026-09-22 04:31:51 | WARD_B_TEMP_05 | 39.0 | CRITICAL
2026-09-22 04:31:52 | WARD_B_TEMP_01 | 37.8 | WARNING
2026-09-22 04:31:52 | WARD_B_TEMP_02 | 37.4 | NORMAL
2026-09-22 04:31:52 | WARD_B_TEMP_03 | 39.8 | CRITICAL
2026-09-22 04:31:52 | WARD_B_TEMP_04 | 37.4 | NORMAL
2026-09-22 04:31:52 | WARD_B_TEMP_05 | 37.4 | NORMAL
2026-09-22 04:31:53 | WARD_B_TEMP_01 | 39.8 | CRITICAL
2026-09-22 04:31:53 | WARD_B_TEMP_02 | 38.9 | CRITICAL
2026-09-22 04:31:53 | WARD_B_TEMP_03 | 36.6 | NORMAL
2026-09-22 04:31:53 | WARD_B_TEMP_04 | 35.9 | NORMAL
2026-09-22 04:31:53 | WARD_B_TEMP_05 | 34.8 | CRITICAL
2026-09-22 04:31:54 | WARD_B_TEMP_01 | 39.0 | CRITICAL
2026-09-22 04:31:54 | WARD_B_TEMP_02 | 37.7 | WARNING
2026-09-22 04:31:54 | WARD_B_TEMP_03 | 36.6 | NORMAL
2026-09-22 04:31:54 | WARD_B_TEMP_04 | 35.9 | NORMAL
2026-09-22 04:31:54 | WARD_B_TEMP_05 | 36.4 | NORMAL
2026-09-22 04:31:55 | WARD_B_TEMP_01 | 39.7 | CRITICAL
2026-09-22 04:31:55 | WARD_B_TEMP_02 | 34.9 | CRITICAL
2026-09-22 04:31:55 | WARD_B_TEMP_03 | 34.7 | CRITICAL
2026-09-22 04:31:55 | WARD_B_TEMP_04 | 37.0 | NORMAL
2026-09-22 04:31:55 | WARD_B_TEMP_05 | 36.9 | NORMAL
2026-09-22 04:31:56 | WARD_B_TEMP_01 | 37.9 | WARNING
2026-09-22 04:31:56 | WARD_B_TEMP_02 | 40.4 | CRITICAL
2026-09-22 04:31:56 | WARD_B_TEMP_03 | 36.7 | NORMAL
2026-09-22 04:31:56 | WARD_B_TEMP_04 | 36.7 | NORMAL
2026-09-22 04:31:56 | WARD_B_TEMP_05 | 35.7 | NORMAL
2026-09-22 04:31:57 | WARD_B_TEMP_01 | 36.1 | NORMAL
2026-09-22 04:31:57 | WARD_B_TEMP_02 | 37.8 | WARNING
2026-09-22 04:31:57 | WARD_B_TEMP_03 | 37.2 | NORMAL
2026-09-22 04:31:57 | WARD_B_TEMP_04 | 39.1 | CRITICAL
2026-09-22 04:31:57 | WARD_B_TEMP_05 | 38.4 | CRITICAL
2026-09-22 04:31:58 | WARD_B_TEMP_01 | 40.1 | CRITICAL
2026-09-22 04:31:58 | WARD_B_TEMP_02 | 35.4 | CRITICAL
2026-09-22 04:31:58 | WARD_B_TEMP_03 | 38.6 | CRITICAL
2026-09-22 04:31:58 | WARD_B_TEMP_04 | 39.2 | CRITICAL
2026-09-22 04:31:58 | WARD_B_TEMP_05 | 35.6 | NORMAL
2026-09-22 04:32:00 | WARD_B_TEMP_01 | 37.1 | NORMAL
2026-09-22 04:32:00 | WARD_B_TEMP_02 | 35.7 | NORMAL
2026-09-22 04:32:00 | WARD_B_TEMP_03 | 37.8 | WARNING
2026-09-22 04:32:00 | WARD_B_TEMP_04 | 37.3 | NORMAL
2026-09-22 04:32:00 | WARD_B_TEMP_05 | 34.6 | CRITICAL
2026-09-22 04:32:01 | WARD_B_TEMP_01 | 35.6 | NORMAL
2026-09-22 04:32:01 | WARD_B_TEMP_02 | 40.1 | CRITICAL
2026-09-22 04:32:01 | WARD_B_TEMP_03 | 34.7 | CRITICAL
2026-09-22 04:32:01 | WARD_B_TEMP_04 | 38.5 | CRITICAL
2026-09-22 04:32:01 | WARD_B_TEMP_05 | 35.6 | NORMAL
2026-09-22 04:32:02 | WARD_B_TEMP_01 | 39.0 | CRITICAL
2026-09-22 04:32:02 | WARD_B_TEMP_02 | 36.1 | NORMAL
2026-09-22 04:32:02 | WARD_B_TEMP_03 | 38.7 | CRITICAL
2026-09-22 04:32:02 | WARD_B_TEMP_04 | 36.3 | NORMAL
2026-09-22 04:32:02 | WARD_B_TEMP_05 | 36.4 | NORMAL
2026-09-22 04:32:03 | WARD_B_TEMP_01 | 38.2 | CRITICAL
2026-09-22 04:32:03 | WARD_B_TEMP_02 | 34.5 | CRITICAL
2026-09-22 04:32:03 | WARD_B_TEMP_03 | 37.2 | NORMAL
2026-09-22 04:32:03 | WARD_B_TEMP_04 | 39.2 | CRITICAL
2026-09-22 04:32:03 | WARD_B_TEMP_05 | 37.4 | NORMAL
2026-09-22 04:32:04 | WARD_B_TEMP_01 | 37.7 | WARNING
2026-09-22 04:32:04 | WARD_B_TEMP_02 | 37.8 | WARNING
2026-09-22 04:32:04 | WARD_B_TEMP_03 | 36.6 | NORMAL
2026-09-22 04:32:04 | WARD_B_TEMP_04 | 38.4 | CRITICAL
2026-09-22 04:32:04 | WARD_B_TEMP_05 | 37.2 | NORMAL
2026-09-22 04:32:05 | WARD_B_TEMP_01 | 34.9 | CRITICAL
2026-09-22 04:32:05 | WARD_B_TEMP_02 | 36.3 | NORMAL
2026-09-22 04:32:05 | WARD_B_TEMP_03 | 38.0 | WARNING
2026-09-22 04:32:05 | WARD_B_TEMP_04 | 37.7 | WARNING
2026-09-22 04:32:05 | WARD_B_TEMP_05 | 40.1 | CRITICAL
2026-09-22 04:32:06 | WARD_B_TEMP_01 | 39.0 | CRITICAL
2026-09-22 04:32:06 | WARD_B_TEMP_02 | 39.0 | CRITICAL
2026-09-22 04:32:06 | WARD_B_TEMP_03 | 34.9 | CRITICAL
2026-09-22 04:32:06 | WARD_B_TEMP_04 | 40.0 | CRITICAL
2026-09-22 04:32:06 | WARD_B_TEMP_05 | 34.7 | CRITICAL
2026-09-22 04:32:07 | WARD_B_TEMP_01 | 35.6 | NORMAL
2026-09-22 04:32:07 | WARD_B_TEMP_02 | 35.5 | NORMAL
2026-09-22 04:32:07 | WARD_B_TEMP_03 | 35.7 | NORMAL
2026-09-22 04:32:07 | WARD_B_TEMP_04 | 36.2 | NORMAL
2026-09-22 04:32:07 | WARD_B_TEMP_05 | 35.4 | CRITICAL
2026-09-22 04:32:08 | WARD_B_TEMP_01 | 37.3 | NORMAL
2026-09-22 04:32:08 | WARD_B_TEMP_02 | 37.2 | NORMAL
2026-09-22 04:32:08 | WARD_B_TEMP_03 | 36.8 | NORMAL
2026-09-22 04:32:08 | WARD_B_TEMP_04 | 35.3 | CRITICAL
2026-09-22 04:32:08 | WARD_B_TEMP_05 | 39.4 | CRITICAL
2026-09-22 04:32:09 | WARD_B_TEMP_01 | 37.7 | WARNING
2026-09-22 04:32:09 | WARD_B_TEMP_02 | 38.7 | CRITICAL
2026-09-22 04:32:09 | WARD_B_TEMP_03 | 37.4 | NORMAL
2026-09-22 04:32:09 | WARD_B_TEMP_04 | 37.8 | WARNING
2026-09-22 04:32:09 | WARD_B_TEMP_05 | 40.2 | CRITICAL
2026-09-22 04:32:10 | WARD_B_TEMP_01 | 35.5 | NORMAL
2026-09-22 04:32:10 | WARD_B_TEMP_02 | 36.8 | NORMAL
2026-09-22 04:32:10 | WARD_B_TEMP_03 | 35.4 | CRITICAL
2026-09-22 04:32:10 | WARD_B_TEMP_04 | 40.4 | CRITICAL
2026-09-22 04:32:10 | WARD_B_TEMP_05 | 38.8 | CRITICAL
2026-09-22 04:32:11 | WARD_B_TEMP_01 | 40.0 | CRITICAL
2026-09-22 04:32:11 | WARD_B_TEMP_02 | 37.9 | WARNING
2026-09-22 04:32:11 | WARD_B_TEMP_03 | 38.7 | CRITICAL
2026-09-22 04:32:11 | WARD_B_TEMP_04 | 39.4 | CRITICAL
2026-09-22 04:32:11 | WARD_B_TEMP_05 | 35.9 | NORMAL
2026-09-22 04:32:12 | WARD_B_TEMP_01 | 36.4 | NORMAL
2026-09-22 04:32:12 | WARD_B_TEMP_02 | 37.4 | NORMAL
2026-09-22 04:32:12 | WARD_B_TEMP_03 | 38.5 | CRITICAL
2026-09-22 04:32:12 | WARD_B_TEMP_04 | 36.4 | NORMAL
2026-09-22 04:32:12 | WARD_B_TEMP_05 | 38.0 | WARNING
2026-09-22 04:32:13 | WARD_B_TEMP_01 | 38.2 | CRITICAL
2026-09-22 04:32:13 | WARD_B_TEMP_02 | 35.0 | CRITICAL
2026-09-22 04:32:13 | WARD_B_TEMP_03 | 35.3 | CRITICAL
2026-09-22 04:32:13 | WARD_B_TEMP_04 | 35.5 | NORMAL
2026-09-22 04:32:13 | WARD_B_TEMP_05 | 35.3 | CRITICAL
2026-09-22 04:32:14 | WARD_B_TEMP_01 | 39.6 | CRITICAL
2026-09-22 04:32:14 | WARD_B_TEMP_02 | 35.0 | CRITICAL
2026-09-22 04:32:14 | WARD_B_TEMP_03 | 37.7 | WARNING
2026-09-22 04:32:14 | WARD_B_TEMP_04 | 35.1 | CRITICAL
2026-09-22 04:32:14 | WARD_B_TEMP_05 | 36.4 | NORMAL
2026-09-22 04:32:15 | WARD_B_TEMP_01 | 35.0 | CRITICAL
2026-09-22 04:32:15 | WARD_B_TEMP_02 | 39.9 | CRITICAL
2026-09-22 04:32:15 | WARD_B_TEMP_03 | 40.0 | CRITICAL
2026-09-22 04:32:15 | WARD_B_TEMP_04 | 34.6 | CRITICAL
2026-09-22 04:32:15 | WARD_B_TEMP_05 | 36.2 | NORMAL
2026-09-22 04:32:16 | WARD_B_TEMP_01 | 34.8 | CRITICAL
2026-09-22 04:32:16 | WARD_B_TEMP_02 | 38.3 | CRITICAL
2026-09-22 04:32:16 | WARD_B_TEMP_03 | 37.8 | WARNING
2026-09-22 04:32:16 | WARD_B_TEMP_04 | 36.6 | NORMAL
2026-09-22 04:32:16 | WARD_B_TEMP_05 | 36.8 | NORMAL
2026-09-22 04:32:17 | WARD_B_TEMP_01 | 37.4 | NORMAL
2026-09-22 04:32:17 | WARD_B_TEMP_02 | 35.2 | CRITICAL
2026-09-22 04:32:17 | WARD_B_TEMP_03 | 35.5 | NORMAL
2026-09-22 04:32:17 | WARD_B_TEMP_04 | 36.8 | NORMAL
2026-09-22 04:32:17 | WARD_B_TEMP_05 | 36.9 | NORMAL
2026-09-22 04:32:18 | WARD_B_TEMP_01 | 38.1 | CRITICAL
2026-09-22 04:32:18 | WARD_B_TEMP_02 | 36.8 | NORMAL
2026-09-22 04:32:18 | WARD_B_TEMP_03 | 40.2 | CRITICAL
2026-09-22 04:32:18 | WARD_B_TEMP_04 | 40.0 | CRITICAL
2026-09-22 04:32:18 | WARD_B_TEMP_05 | 36.7 | NORMAL
2026-09-22 04:32:19 | WARD_B_TEMP_01 | 37.5 | WARNING
2026-09-22 04:32:19 | WARD_B_TEMP_02 | 39.9 | CRITICAL
2026-09-22 04:32:19 | WARD_B_TEMP_03 | 39.3 | CRITICAL
2026-09-22 04:32:19 | WARD_B_TEMP_04 | 37.6 | WARNING
2026-09-22 04:32:19 | WARD_B_TEMP_05 | 37.2 | NORMAL
2026-09-22 04:32:20 | WARD_B_TEMP_01 | 38.6 | CRITICAL
2026-09-22 04:32:20 | WARD_B_TEMP_02 | 36.9 | NORMAL
2026-09-22 04:32:20 | WARD_B_TEMP_03 | 37.8 | WARNING
2026-09-22 04:32:20 | WARD_B_TEMP_04 | 37.8 | WARNING
2026-09-22 04:32:20 | WARD_B_TEMP_05 | 36.7 | NORMAL
2026-09-22 04:32:21 | WARD_B_TEMP_01 | 37.8 | WARNING
2026-09-22 04:32:21 | WARD_B_TEMP_02 | 36.6 | NORMAL
2026-09-22 04:32:21 | WARD_B_TEMP_03 | 36.0 | NORMAL
2026-09-22 04:32:21 | WARD_B_TEMP_04 | 39.2 | CRITICAL
2026-09-22 04:32:21 | WARD_B_TEMP_05 | 35.0 | CRITICAL
2026-09-22 04:32:22 | WARD_B_TEMP_01 | 39.2 | CRITICAL
2026-09-22 04:32:22 | WARD_B_TEMP_02 | 39.5 | CRITICAL
2026-09-22 04:32:22 | WARD_B_TEMP_03 | 37.4 | NORMAL
2026-09-22 04:32:22 | WARD_B_TEMP_04 | 37.9 | WARNING
2026-09-22 04:32:22 | WARD_B_TEMP_05 | 38.2 | CRITICAL
2026-09-22 04:32:23 | WARD_B_TEMP_01 | 37.5 | WARNING
2026-09-22 04:32:23 | WARD_B_TEMP_02 | 38.0 | WARNING
2026-09-22 04:32:23 | WARD_B_TEMP_03 | 39.9 | CRITICAL
2026-09-22 04:32:23 | WARD_B_TEMP_04 | 39.5 | CRITICAL
2026-09-22 04:32:23 | WARD_B_TEMP_05 | 37.2 | NORMAL
2026-09-22 04:32:24 | WARD_B_TEMP_01 | 37.7 | WARNING
2026-09-22 04:32:24 | WARD_B_TEMP_02 | 38.3 | CRITICAL
2026-09-22 04:32:24 | WARD_B_TEMP_03 | 40.2 | CRITICAL
2026-09-22 04:32:24 | WARD_B_TEMP_04 | 37.2 | NORMAL
2026-09-22 04:32:24 | WARD_B_TEMP_05 | 36.8 | NORMAL
2026-09-22 04:32:25 | WARD_B_TEMP_01 | 36.7 | NORMAL
2026-09-22 04:32:25 | WARD_B_TEMP_02 | 37.3 | NORMAL
2026-09-22 04:32:25 | WARD_B_TEMP_03 | 40.0 | CRITICAL
2026-09-22 04:32:25 | WARD_B_TEMP_04 | 38.0 | WARNING
2026-09-22 04:32:25 | WARD_B_TEMP_05 | 38.8 | CRITICAL
2026-09-22 04:32:26 | WARD_B_TEMP_01 | 37.5 | WARNING
2026-09-22 04:32:26 | WARD_B_TEMP_02 | 38.3 | CRITICAL
2026-09-22 04:32:26 | WARD_B_TEMP_03 | 38.2 | CRITICAL
2026-09-22 04:32:26 | WARD_B_TEMP_04 | 35.3 | CRITICAL
2026-09-22 04:32:26 | WARD_B_TEMP_05 | 40.5 | CRITICAL
2026-09-22 04:32:27 | WARD_B_TEMP_01 | 35.4 | CRITICAL
2026-09-22 04:32:27 | WARD_B_TEMP_02 | 40.2 | CRITICAL
2026-09-22 04:32:27 | WARD_B_TEMP_03 | 34.7 | CRITICAL
2026-09-22 04:32:27 | WARD_B_TEMP_04 | 37.0 | NORMAL
2026-09-22 04:32:27 | WARD_B_TEMP_05 | 35.3 | CRITICAL
2026-09-22 04:32:28 | WARD_B_TEMP_01 | 38.8 | CRITICAL
2026-09-22 04:32:28 | WARD_B_TEMP_02 | 39.2 | CRITICAL
2026-09-22 04:32:28 | WARD_B_TEMP_03 | 36.3 | NORMAL
2026-09-22 04:32:28 | WARD_B_TEMP_04 | 37.4 | NORMAL
2026-09-22 04:32:28 | WARD_B_TEMP_05 | 38.4 | CRITICAL
2026-09-22 04:32:29 | WARD_B_TEMP_01 | 35.4 | CRITICAL
2026-09-22 04:32:29 | WARD_B_TEMP_02 | 35.2 | CRITICAL
2026-09-22 04:32:29 | WARD_B_TEMP_03 | 39.9 | CRITICAL
2026-09-22 04:32:29 | WARD_B_TEMP_04 | 39.3 | CRITICAL
2026-09-22 04:32:29 | WARD_B_TEMP_05 | 37.4 | NORMAL
2026-09-22 04:32:30 | WARD_B_TEMP_01 | 35.6 | NORMAL
2026-09-22 04:32:30 | WARD_B_TEMP_02 | 37.4 | NORMAL
2026-09-22 04:32:30 | WARD_B_TEMP_03 | 38.7 | CRITICAL
2026-09-22 04:32:30 | WARD_B_TEMP_04 | 35.9 | NORMAL
2026-09-22 04:32:30 | WARD_B_TEMP_05 | 34.6 | CRITICAL
2026-09-22 04:32:31 | WARD_B_TEMP_01 | 35.9 | NORMAL
2026-09-22 04:32:31 | WARD_B_TEMP_02 | 36.9 | NORMAL
2026-09-22 04:32:31 | WARD_B_TEMP_03 | 36.8 | NORMAL
2026-09-22 04:32:31 | WARD_B_TEMP_04 | 37.8 | WARNING
2026-09-22 04:32:31 | WARD_B_TEMP_05 | 39.4 | CRITICAL
2026-09-22 04:32:32 | WARD_B_TEMP_01 | 36.0 | NORMAL
2026-09-22 04:32:32 | WARD_B_TEMP_02 | 37.1 | NORMAL
2026-09-22 04:32:32 | WARD_B_TEMP_03 | 35.2 | CRITICAL
2026-09-22 04:32:32 | WARD_B_TEMP_04 | 39.3 | CRITICAL
2026-09-22 04:32:32 | WARD_B_TEMP_05 | 39.3 | CRITICAL
2026-09-22 04:32:33 | WARD_B_TEMP_01 | 38.5 | CRITICAL
2026-09-22 04:32:33 | WARD_B_TEMP_02 | 37.1 | NORMAL
2026-09-22 04:32:33 | WARD_B_TEMP_03 | 39.0 | CRITICAL
2026-09-22 04:32:33 | WARD_B_TEMP_04 | 39.3 | CRITICAL
2026-09-22 04:32:33 | WARD_B_TEMP_05 | 36.3 | NORMAL
2026-09-22 04:32:34 | WARD_B_TEMP_01 | 36.5 | NORMAL
2026-09-22 04:32:34 | WARD_B_TEMP_02 | 37.7 | WARNING
2026-09-22 04:32:34 | WARD_B_TEMP_03 | 36.2 | NORMAL
2026-09-22 04:32:34 | WARD_B_TEMP_04 | 38.4 | CRITICAL
2026-09-22 04:32:34 | WARD_B_TEMP_05 | 36.6 | NORMAL
2026-09-22 04:32:35 | WARD_B_TEMP_01 | 37.1 | NORMAL
2026-09-22 04:32:35 | WARD_B_TEMP_02 | 36.4 | NORMAL
2026-09-22 04:32:35 | WARD_B_TEMP_03 | 38.1 | CRITICAL
2026-09-22 04:32:35 | WARD_B_TEMP_04 | 34.8 | CRITICAL
2026-09-22 04:32:35 | WARD_B_TEMP_05 | 36.0 | NORMAL
2026-09-22 04:32:36 | WARD_B_TEMP_01 | 37.4 | NORMAL
2026-09-22 04:32:36 | WARD_B_TEMP_02 | 35.3 | CRITICAL
2026-09-22 04:32:36 | WARD_B_TEMP_03 | 38.8 | CRITICAL
2026-09-22 04:32:36 | WARD_B_TEMP_04 | 40.4 | CRITICAL
2026-09-22 04:32:36 | WARD_B_TEMP_05 | 40.2 | CRITICAL
2026-09-22 04:32:37 | WARD_B_TEMP_01 | 35.3 | CRITICAL
2026-09-22 04:32:37 | WARD_B_TEMP_02 | 36.7 | NORMAL
2026-09-22 04:32:37 | WARD_B_TEMP_03 | 34.7 | CRITICAL
2026-09-22 04:32:37 | WARD_B_TEMP_04 | 39.0 | CRITICAL
2026-09-22 04:32:37 | WARD_B_TEMP_05 | 37.1 | NORMAL
2026-09-22 04:32:38 | WARD_B_TEMP_01 | 38.1 | CRITICAL
2026-09-22 04:32:38 | WARD_B_TEMP_02 | 38.2 | CRITICAL
2026-09-22 04:32:38 | WARD_B_TEMP_03 | 39.7 | CRITICAL
2026-09-22 04:32:38 | WARD_B_TEMP_04 | 35.8 | NORMAL
2026-09-22 04:32:38 | WARD_B_TEMP_05 | 35.0 | CRITICAL
2026-09-22 04:32:39 | WARD_B_TEMP_01 | 36.1 | NORMAL
2026-09-22 04:32:39 | WARD_B_TEMP_02 | 40.5 | CRITICAL
2026-09-22 04:32:39 | WARD_B_TEMP_03 | 35.0 | CRITICAL
2026-09-22 04:32:39 | WARD_B_TEMP_04 | 40.0 | CRITICAL
2026-09-22 04:32:39 | WARD_B_TEMP_05 | 35.0 | CRITICAL
2026-09-22 04:32:40 | WARD_B_TEMP_01 | 38.1 | CRITICAL
2026-09-22 04:32:40 | WARD_B_TEMP_02 | 38.0 | WARNING
2026-09-22 04:32:40 | WARD_B_TEMP_03 | 39.2 | CRITICAL
2026-09-22 04:32:40 | WARD_B_TEMP_04 | 37.1 | NORMAL
2026-09-22 04:32:40 | WARD_B_TEMP_05 | 35.1 | CRITICAL
2026-09-22 04:32:41 | WARD_B_TEMP_01 | 34.6 | CRITICAL
2026-09-22 04:32:41 | WARD_B_TEMP_02 | 39.7 | CRITICAL
2026-09-22 04:32:41 | WARD_B_TEMP_03 | 40.2 | CRITICAL
2026-09-22 04:32:41 | WARD_B_TEMP_04 | 35.9 | NORMAL
2026-09-22 04:32:41 | WARD_B_TEMP_05 | 38.6 | CRITICAL
2026-09-22 04:32:42 | WARD_B_TEMP_01 | 36.8 | NORMAL
2026-09-22 04:32:42 | WARD_B_TEMP_02 | 36.2 | NORMAL
2026-09-22 04:32:42 | WARD_B_TEMP_03 | 35.9 | NORMAL
2026-09-22 04:32:42 | WARD_B_TEMP_04 | 38.6 | CRITICAL
2026-09-22 04:32:42 | WARD_B_TEMP_05 | 39.5 | CRITICAL
2026-09-22 04:32:43 | WARD_B_TEMP_01 | 37.2 | NORMAL
2026-09-22 04:32:43 | WARD_B_TEMP_02 | 35.4 | CRITICAL
2026-09-22 04:32:43 | WARD_B_TEMP_03 | 34.9 | CRITICAL
2026-09-22 04:32:43 | WARD_B_TEMP_04 | 40.4 | CRITICAL
2026-09-22 04:32:43 | WARD_B_TEMP_05 | 39.7 | CRITICAL
2026-09-22 04:32:44 | WARD_B_TEMP_01 | 38.3 | CRITICAL
2026-09-22 04:32:44 | WARD_B_TEMP_02 | 36.6 | NORMAL
2026-09-22 04:32:44 | WARD_B_TEMP_03 | 38.2 | CRITICAL
2026-09-22 04:32:44 | WARD_B_TEMP_04 | 35.4 | CRITICAL
2026-09-22 04:32:44 | WARD_B_TEMP_05 | 35.0 | CRITICAL
2026-09-22 04:32:45 | WARD_B_TEMP_01 | 39.2 | CRITICAL
2026-09-22 04:32:45 | WARD_B_TEMP_02 | 36.7 | NORMAL
2026-09-22 04:32:45 | WARD_B_TEMP_03 | 37.0 | NORMAL
2026-09-22 04:32:45 | WARD_B_TEMP_04 | 37.1 | NORMAL
2026-09-22 04:32:45 | WARD_B_TEMP_05 | 38.5 | CRITICAL
2026-09-22 04:32:46 | WARD_B_TEMP_01 | 39.1 | CRITICAL
2026-09-22 04:32:46 | WARD_B_TEMP_02 | 40.5 | CRITICAL
2026-09-22 04:32:46 | WARD_B_TEMP_03 | 37.2 | NORMAL
2026-09-22 04:32:46 | WARD_B_TEMP_04 | 37.1 | NORMAL
2026-09-22 04:32:46 | WARD_B_TEMP_05 | 37.2 | NORMAL
2026-09-22 04:32:47 | WARD_B_TEMP_01 | 39.1 | CRITICAL
2026-09-22 04:32:47 | WARD_B_TEMP_02 | 37.5 | WARNING
2026-09-22 04:32:47 | WARD_B_TEMP_03 | 34.9 | CRITICAL
2026-09-22 04:32:47 | WARD_B_TEMP_04 | 39.6 | CRITICAL
2026-09-22 04:32:47 | WARD_B_TEMP_05 | 39.3 | CRITICAL
2026-09-22 04:32:48 | WARD_B_TEMP_01 | 35.4 | CRITICAL
2026-09-22 04:32:48 | WARD_B_TEMP_02 | 38.1 | CRITICAL
2026-09-22 04:32:48 | WARD_B_TEMP_03 | 38.3 | CRITICAL
2026-09-22 04:32:48 | WARD_B_TEMP_04 | 39.8 | CRITICAL
2026-09-22 04:32:48 | WARD_B_TEMP_05 | 35.5 | NORMAL
2026-09-22 04:32:49 | WARD_B_TEMP_01 | 38.3 | CRITICAL
2026-09-22 04:32:49 | WARD_B_TEMP_02 | 40.3 | CRITICAL
2026-09-22 04:32:49 | WARD_B_TEMP_03 | 39.5 | CRITICAL
2026-09-22 04:32:49 | WARD_B_TEMP_04 | 39.6 | CRITICAL
2026-09-22 04:32:49 | WARD_B_TEMP_05 | 39.3 | CRITICAL
2026-09-22 04:32:50 | WARD_B_TEMP_01 | 35.3 | CRITICAL
2026-09-22 04:32:50 | WARD_B_TEMP_02 | 36.3 | NORMAL
2026-09-22 04:32:50 | WARD_B_TEMP_03 | 40.1 | CRITICAL
2026-09-22 04:32:50 | WARD_B_TEMP_04 | 35.1 | CRITICAL
2026-09-22 04:32:50 | WARD_B_TEMP_05 | 34.9 | CRITICAL
2026-09-22 04:32:51 | WARD_B_TEMP_01 | 37.9 | WARNING
2026-09-22 04:32:51 | WARD_B_TEMP_02 | 38.1 | CRITICAL
2026-09-22 04:32:51 | WARD_B_TEMP_03 | 35.2 | CRITICAL
2026-09-22 04:32:51 | WARD_B_TEMP_04 | 34.8 | CRITICAL
2026-09-22 04:32:51 | WARD_B_TEMP_05 | 38.8 | CRITICAL
2026-09-22 04:32:52 | WARD_B_TEMP_01 | 37.0 | NORMAL
2026-09-22 04:32:52 | WARD_B_TEMP_02 | 35.4 | CRITICAL
2026-09-22 04:32:52 | WARD_B_TEMP_03 | 38.1 | CRITICAL
2026-09-22 04:32:52 | WARD_B_TEMP_04 | 39.2 | CRITICAL
2026-09-22 04:32:52 | WARD_B_TEMP_05 | 35.5 | NORMAL
2026-09-22 04:32:53 | WARD_B_TEMP_01 | 37.1 | NORMAL
2026-09-22 04:32:53 | WARD_B_TEMP_02 | 40.4 | CRITICAL
2026-09-22 04:32:53 | WARD_B_TEMP_03 | 36.8 | NORMAL
2026-09-22 04:32:53 | WARD_B_TEMP_04 | 39.3 | CRITICAL
2026-09-22 04:32:53 | WARD_B_TEMP_05 | 36.7 | NORMAL
2026-09-22 04:32:54 | WARD_B_TEMP_01 | 39.7 | CRITICAL
2026-09-22 04:32:54 | WARD_B_TEMP_02 | 35.1 | CRITICAL
2026-09-22 04:32:54 | WARD_B_TEMP_03 | 39.8 | CRITICAL
2026-09-22 04:32:54 | WARD_B_TEMP_04 | 40.4 | CRITICAL
2026-09-22 04:32:54 | WARD_B_TEMP_05 | 37.5 | WARNING
2026-09-22 04:32:55 | WARD_B_TEMP_01 | 37.7 | WARNING
2026-09-22 04:32:55 | WARD_B_TEMP_02 | 37.0 | NORMAL
2026-09-22 04:32:55 | WARD_B_TEMP_03 | 38.5 | CRITICAL
2026-09-22 04:32:55 | WARD_B_TEMP_04 | 39.1 | CRITICAL
2026-09-22 04:32:55 | WARD_B_TEMP_05 | 38.6 | CRITICAL
2026-09-22 04:32:56 | WARD_B_TEMP_01 | 36.5 | NORMAL
2026-09-22 04:32:56 | WARD_B_TEMP_02 | 35.6 | NORMAL
2026-09-22 04:32:56 | WARD_B_TEMP_03 | 38.0 | WARNING
2026-09-22 04:32:56 | WARD_B_TEMP_04 | 36.8 | NORMAL
2026-09-22 04:32:56 | WARD_B_TEMP_05 | 39.5 | CRITICAL
2026-09-22 04:32:57 | WARD_B_TEMP_01 | 35.2 | CRITICAL
2026-09-22 04:32:57 | WARD_B_TEMP_02 | 35.8 | NORMAL
2026-09-22 04:32:57 | WARD_B_TEMP_03 | 39.1 | CRITICAL
2026-09-22 04:32:57 | WARD_B_TEMP_04 | 35.8 | NORMAL
2026-09-22 04:32:57 | WARD_B_TEMP_05 | 35.0 | CRITICAL
2026-09-22 04:32:58 | WARD_B_TEMP_01 | 34.8 | CRITICAL
2026-09-22 04:32:58 | WARD_B_TEMP_02 | 40.4 | CRITICAL
2026-09-22 04:32:58 | WARD_B_TEMP_03 | 39.8 | CRITICAL
2026-09-22 04:32:58 | WARD_B_TEMP_04 | 40.0 | CRITICAL
2026-09-22 04:32:58 | WARD_B_TEMP_05 | 36.4 | NORMAL
2026-09-22 04:32:59 | WARD_B_TEMP_01 | 37.4 | NORMAL
2026-09-22 04:32:59 | WARD_B_TEMP_02 | 39.8 | CRITICAL
2026-09-22 04:32:59 | WARD_B_TEMP_03 | 36.4 | NORMAL
2026-09-22 04:32:59 | WARD_B_TEMP_04 | 36.2 | NORMAL
2026-09-22 04:32:59 | WARD_B_TEMP_05 | 39.7 | CRITICAL
2026-09-22 04:33:00 | WARD_B_TEMP_01 | 39.7 | CRITICAL
2026-09-22 04:33:00 | WARD_B_TEMP_02 | 35.8 | NORMAL
2026-09-22 04:33:00 | WARD_B_TEMP_03 | 40.3 | CRITICAL
2026-09-22 04:33:00 | WARD_B_TEMP_04 | 35.4 | CRITICAL
2026-09-22 04:33:00 | WARD_B_TEMP_05 | 38.5 | CRITICAL
2026-09-22 04:33:01 | WARD_B_TEMP_01 | 40.1 | CRITICAL
2026-09-22 04:33:01 | WARD_B_TEMP_02 | 36.5 | NORMAL
2026-09-22 04:33:01 | WARD_B_TEMP_03 | 39.0 | CRITICAL
2026-09-22 04:33:01 | WARD_B_TEMP_04 | 37.3 | NORMAL
2026-09-22 04:33:01 | WARD_B_TEMP_05 | 40.2 | CRITICAL
2026-09-22 04:33:02 | WARD_B_TEMP_01 | 38.4 | CRITICAL
2026-09-22 04:33:02 | WARD_B_TEMP_02 | 38.7 | CRITICAL
2026-09-22 04:33:02 | WARD_B_TEMP_03 | 39.7 | CRITICAL
2026-09-22 04:33:02 | WARD_B_TEMP_04 | 39.1 | CRITICAL
2026-09-22 04:33:02 | WARD_B_TEMP_05 | 35.9 | NORMAL
2026-09-22 04:33:03 | WARD_B_TEMP_01 | 37.5 | WARNING
2026-09-22 04:33:03 | WARD_B_TEMP_02 | 37.5 | WARNING
2026-09-22 04:33:03 | WARD_B_TEMP_03 | 39.6 | CRITICAL
2026-09-22 04:33:03 | WARD_B_TEMP_04 | 35.6 | NORMAL
2026-09-22 04:33:03 | WARD_B_TEMP_05 | 39.9 | CRITICAL
2026-09-22 04:33:04 | WARD_B_TEMP_01 | 40.2 | CRITICAL
2026-09-22 04:33:04 | WARD_B_TEMP_02 | 39.3 | CRITICAL
2026-09-22 04:33:04 | WARD_B_TEMP_03 | 38.5 | CRITICAL
2026-09-22 04:33:04 | WARD_B_TEMP_04 | 37.7 | WARNING
2026-09-22 04:33:04 | WARD_B_TEMP_05 | 37.3 | NORMAL
2026-09-22 04:33:05 | WARD_B_TEMP_01 | 39.3 | CRITICAL
2026-09-22 04:33:05 | WARD_B_TEMP_02 | 39.8 | CRITICAL
2026-09-22 04:33:05 | WARD_B_TEMP_03 | 38.1 | CRITICAL
2026-09-22 04:33:05 | WARD_B_TEMP_04 | 36.6 | NORMAL
2026-09-22 04:33:05 | WARD_B_TEMP_05 | 39.4 | CRITICAL
2026-09-22 04:33:06 | WARD_B_TEMP_01 | 39.2 | CRITICAL
2026-09-22 04:33:06 | WARD_B_TEMP_02 | 40.2 | CRITICAL
2026-09-22 04:33:06 | WARD_B_TEMP_03 | 40.1 | CRITICAL
2026-09-22 04:33:06 | WARD_B_TEMP_04 | 39.1 | CRITICAL
2026-09-22 04:33:06 | WARD_B_TEMP_05 | 39.9 | CRITICAL
2026-09-22 04:33:07 | WARD_B_TEMP_01 | 38.6 | CRITICAL
2026-09-22 04:33:07 | WARD_B_TEMP_02 | 38.6 | CRITICAL
2026-09-22 04:33:07 | WARD_B_TEMP_03 | 35.3 | CRITICAL
2026-09-22 04:33:07 | WARD_B_TEMP_04 | 40.4 | CRITICAL
2026-09-22 04:33:07 | WARD_B_TEMP_05 | 40.1 | CRITICAL
2026-09-22 04:33:08 | WARD_B_TEMP_01 | 35.3 | CRITICAL
2026-09-22 04:33:08 | WARD_B_TEMP_02 | 39.6 | CRITICAL
2026-09-22 04:33:08 | WARD_B_TEMP_03 | 38.3 | CRITICAL
2026-09-22 04:33:08 | WARD_B_TEMP_04 | 38.6 | CRITICAL
2026-09-22 04:33:08 | WARD_B_TEMP_05 | 38.7 | CRITICAL
2026-09-22 04:33:09 | WARD_B_TEMP_01 | 37.4 | NORMAL
2026-09-22 04:33:09 | WARD_B_TEMP_02 | 35.0 | CRITICAL
2026-09-22 04:33:09 | WARD_B_TEMP_03 | 38.4 | CRITICAL
2026-09-22 04:33:09 | WARD_B_TEMP_04 | 39.4 | CRITICAL
2026-09-22 04:33:09 | WARD_B_TEMP_05 | 37.2 | NORMAL
2026-09-22 04:33:10 | WARD_B_TEMP_01 | 35.2 | CRITICAL
2026-09-22 04:33:10 | WARD_B_TEMP_02 | 38.9 | CRITICAL
2026-09-22 04:33:10 | WARD_B_TEMP_03 | 36.8 | NORMAL
2026-09-22 04:33:10 | WARD_B_TEMP_04 | 35.1 | CRITICAL
2026-09-22 04:33:10 | WARD_B_TEMP_05 | 36.4 | NORMAL
2026-09-22 04:33:11 | WARD_B_TEMP_01 | 39.9 | CRITICAL
2026-09-22 04:33:11 | WARD_B_TEMP_02 | 38.6 | CRITICAL
2026-09-22 04:33:11 | WARD_B_TEMP_03 | 36.8 | NORMAL
2026-09-22 04:33:11 | WARD_B_TEMP_04 | 40.2 | CRITICAL
2026-09-22 04:33:11 | WARD_B_TEMP_05 | 39.6 | CRITICAL
2026-09-22 04:33:12 | WARD_B_TEMP_01 | 38.5 | CRITICAL
2026-09-22 04:33:12 | WARD_B_TEMP_02 | 34.7 | CRITICAL
2026-09-22 04:33:12 | WARD_B_TEMP_03 | 34.6 | CRITICAL
2026-09-22 04:33:12 | WARD_B_TEMP_04 | 35.5 | NORMAL
2026-09-22 04:33:12 | WARD_B_TEMP_05 | 36.7 | NORMAL
2026-09-22 04:33:13 | WARD_B_TEMP_01 | 40.5 | CRITICAL
2026-09-22 04:33:13 | WARD_B_TEMP_02 | 40.3 | CRITICAL
2026-09-22 04:33:13 | WARD_B_TEMP_03 | 39.0 | CRITICAL
2026-09-22 04:33:13 | WARD_B_TEMP_04 | 35.8 | NORMAL
2026-09-22 04:33:13 | WARD_B_TEMP_05 | 36.0 | NORMAL
2026-09-22 04:33:14 | WARD_B_TEMP_01 | 38.2 | CRITICAL
2026-09-22 04:33:14 | WARD_B_TEMP_02 | 34.8 | CRITICAL
2026-09-22 04:33:14 | WARD_B_TEMP_03 | 35.8 | NORMAL
2026-09-22 04:33:14 | WARD_B_TEMP_04 | 39.6 | CRITICAL
2026-09-22 04:33:14 | WARD_B_TEMP_05 | 37.8 | WARNING
2026-09-22 04:33:15 | WARD_B_TEMP_01 | 36.7 | NORMAL
2026-09-22 04:33:15 | WARD_B_TEMP_02 | 36.1 | NORMAL
2026-09-22 04:33:15 | WARD_B_TEMP_03 | 39.2 | CRITICAL
2026-09-22 04:33:15 | WARD_B_TEMP_04 | 35.4 | CRITICAL
2026-09-22 04:33:15 | WARD_B_TEMP_05 | 39.0 | CRITICAL
2026-09-22 04:33:16 | WARD_B_TEMP_01 | 38.3 | CRITICAL
2026-09-22 04:33:16 | WARD_B_TEMP_02 | 39.1 | CRITICAL
2026-09-22 04:33:16 | WARD_B_TEMP_03 | 35.9 | NORMAL
2026-09-22 04:33:16 | WARD_B_TEMP_04 | 38.3 | CRITICAL
2026-09-22 04:33:16 | WARD_B_TEMP_05 | 39.1 | CRITICAL
2026-09-22 04:33:17 | WARD_B_TEMP_01 | 40.3 | CRITICAL
2026-09-22 04:33:17 | WARD_B_TEMP_02 | 40.1 | CRITICAL
2026-09-22 04:33:17 | WARD_B_TEMP_03 | 36.3 | NORMAL
2026-09-22 04:33:17 | WARD_B_TEMP_04 | 36.1 | NORMAL
2026-09-22 04:33:17 | WARD_B_TEMP_05 | 34.7 | CRITICAL
2026-09-22 04:33:18 | WARD_B_TEMP_01 | 38.2 | CRITICAL
2026-09-22 04:33:18 | WARD_B_TEMP_02 | 38.8 | CRITICAL
2026-09-22 04:33:18 | WARD_B_TEMP_03 | 36.3 | NORMAL
2026-09-22 04:33:18 | WARD_B_TEMP_04 | 37.3 | NORMAL
2026-09-22 04:33:18 | WARD_B_TEMP_05 | 34.7 | CRITICAL
2026-09-22 04:33:19 | WARD_B_TEMP_01 | 39.0 | CRITICAL
2026-09-22 04:33:19 | WARD_B_TEMP_02 | 36.2 | NORMAL
2026-09-22 04:33:19 | WARD_B_TEMP_03 | 40.3 | CRITICAL
2026-09-22 04:33:19 | WARD_B_TEMP_04 | 39.2 | CRITICAL
2026-09-22 04:33:19 | WARD_B_TEMP_05 | 35.7 | NORMAL
2026-09-22 04:33:20 | WARD_B_TEMP_01 | 40.0 | CRITICAL
2026-09-22 04:33:20 | WARD_B_TEMP_02 | 38.3 | CRITICAL
2026-09-22 04:33:20 | WARD_B_TEMP_03 | 38.1 | CRITICAL
2026-09-22 04:33:20 | WARD_B_TEMP_04 | 39.7 | CRITICAL
2026-09-22 04:33:20 | WARD_B_TEMP_05 | 40.0 | CRITICAL
2026-09-22 04:33:21 | WARD_B_TEMP_01 | 36.0 | NORMAL
2026-09-22 04:33:21 | WARD_B_TEMP_02 | 38.9 | CRITICAL
2026-09-22 04:33:21 | WARD_B_TEMP_03 | 36.9 | NORMAL
2026-09-22 04:33:21 | WARD_B_TEMP_04 | 37.4 | NORMAL
2026-09-22 04:33:21 | WARD_B_TEMP_05 | 37.0 | NORMAL
2026-09-22 04:33:22 | WARD_B_TEMP_01 | 40.0 | CRITICAL
2026-09-22 04:33:22 | WARD_B_TEMP_02 | 37.5 | WARNING
2026-09-22 04:33:22 | WARD_B_TEMP_03 | 40.1 | CRITICAL
2026-09-22 04:33:22 | WARD_B_TEMP_04 | 39.2 | CRITICAL
2026-09-22 04:33:22 | WARD_B_TEMP_05 | 37.4 | NORMAL
2026-09-22 04:33:23 | WARD_B_TEMP_01 | 38.1 | CRITICAL
2026-09-22 04:33:23 | WARD_B_TEMP_02 | 37.6 | WARNING
2026-09-22 04:33:23 | WARD_B_TEMP_03 | 39.1 | CRITICAL
2026-09-22 04:33:23 | WARD_B_TEMP_04 | 37.5 | WARNING
2026-09-22 04:33:23 | WARD_B_TEMP_05 | 36.0 | NORMAL
2026-09-22 04:33:24 | WARD_B_TEMP_01 | 34.9 | CRITICAL
2026-09-22 04:33:24 | WARD_B_TEMP_02 | 35.6 | NORMAL
2026-09-22 04:33:24 | WARD_B_TEMP_03 | 37.5 | WARNING
2026-09-22 04:33:24 | WARD_B_TEMP_04 | 39.5 | CRITICAL
2026-09-22 04:33:24 | WARD_B_TEMP_05 | 37.3 | NORMAL
2026-09-22 04:33:25 | WARD_B_TEMP_01 | 38.0 | WARNING
2026-09-22 04:33:25 | WARD_B_TEMP_02 | 36.5 | NORMAL
2026-09-22 04:33:25 | WARD_B_TEMP_03 | 37.1 | NORMAL
2026-09-22 04:33:25 | WARD_B_TEMP_04 | 34.6 | CRITICAL
2026-09-22 04:33:25 | WARD_B_TEMP_05 | 39.5 | CRITICAL
2026-09-22 04:33:26 | WARD_B_TEMP_01 | 36.4 | NORMAL
2026-09-22 04:33:26 | WARD_B_TEMP_02 | 38.9 | CRITICAL
2026-09-22 04:33:26 | WARD_B_TEMP_03 | 40.2 | CRITICAL
2026-09-22 04:33:26 | WARD_B_TEMP_04 | 40.1 | CRITICAL
2026-09-22 04:33:26 | WARD_B_TEMP_05 | 38.1 | CRITICAL
2026-09-22 04:33:27 | WARD_B_TEMP_01 | 40.4 | CRITICAL
2026-09-22 04:33:27 | WARD_B_TEMP_02 | 34.7 | CRITICAL
2026-09-22 04:33:27 | WARD_B_TEMP_03 | 36.7 | NORMAL
2026-09-22 04:33:27 | WARD_B_TEMP_04 | 38.5 | CRITICAL
2026-09-22 04:33:27 | WARD_B_TEMP_05 | 40.5 | CRITICAL
2026-09-22 04:33:28 | WARD_B_TEMP_01 | 38.2 | CRITICAL
2026-09-22 04:33:28 | WARD_B_TEMP_02 | 38.1 | CRITICAL
2026-09-22 04:33:28 | WARD_B_TEMP_03 | 39.6 | CRITICAL
2026-09-22 04:33:28 | WARD_B_TEMP_04 | 39.6 | CRITICAL
2026-09-22 04:33:28 | WARD_B_TEMP_05 | 40.3 | CRITICAL
2026-09-22 04:33:29 | WARD_B_TEMP_01 | 36.8 | NORMAL
2026-09-22 04:33:29 | WARD_B_TEMP_02 | 39.2 | CRITICAL
2026-09-22 04:33:29 | WARD_B_TEMP_03 | 35.4 | CRITICAL
2026-09-22 04:33:29 | WARD_B_TEMP_04 | 36.5 | NORMAL
2026-09-22 04:33:29 | WARD_B_TEMP_05 | 37.2 | NORMAL
2026-09-22 04:33:30 | WARD_B_TEMP_01 | 37.8 | WARNING
2026-09-22 04:33:30 | WARD_B_TEMP_02 | 35.3 | CRITICAL
2026-09-22 04:33:30 | WARD_B_TEMP_03 | 34.8 | CRITICAL
2026-09-22 04:33:30 | WARD_B_TEMP_04 | 35.0 | CRITICAL
2026-09-22 04:33:30 | WARD_B_TEMP_05 | 36.1 | NORMAL
2026-09-22 04:33:31 | WARD_B_TEMP_01 | 36.3 | NORMAL
2026-09-22 04:33:31 | WARD_B_TEMP_02 | 37.9 | WARNING
2026-09-22 04:33:31 | WARD_B_TEMP_03 | 36.4 | NORMAL
2026-09-22 04:33:31 | WARD_B_TEMP_04 | 35.9 | NORMAL
2026-09-22 04:33:31 | WARD_B_TEMP_05 | 39.3 | CRITICAL
2026-09-22 04:33:32 | WARD_B_TEMP_01 | 40.3 | CRITICAL
2026-09-22 04:33:32 | WARD_B_TEMP_02 | 40.2 | CRITICAL
2026-09-22 04:33:32 | WARD_B_TEMP_03 | 34.6 | CRITICAL
2026-09-22 04:33:32 | WARD_B_TEMP_04 | 36.0 | NORMAL
2026-09-22 04:33:32 | WARD_B_TEMP_05 | 38.0 | WARNING
2026-09-22 04:33:33 | WARD_B_TEMP_01 | 34.6 | CRITICAL
2026-09-22 04:33:33 | WARD_B_TEMP_02 | 40.0 | CRITICAL
2026-09-22 04:33:33 | WARD_B_TEMP_03 | 37.9 | WARNING
2026-09-22 04:33:33 | WARD_B_TEMP_04 | 37.6 | WARNING
2026-09-22 04:33:33 | WARD_B_TEMP_05 | 36.3 | NORMAL
2026-09-22 04:33:34 | WARD_B_TEMP_01 | 38.2 | CRITICAL
2026-09-22 04:33:34 | WARD_B_TEMP_02 | 40.4 | CRITICAL
2026-09-22 04:33:34 | WARD_B_TEMP_03 | 35.7 | NORMAL
2026-09-22 04:33:34 | WARD_B_TEMP_04 | 37.8 | WARNING
2026-09-22 04:33:34 | WARD_B_TEMP_05 | 38.9 | CRITICAL
2026-09-22 04:33:35 | WARD_B_TEMP_01 | 37.1 | NORMAL
2026-09-22 04:33:35 | WARD_B_TEMP_02 | 40.4 | CRITICAL
2026-09-22 04:33:35 | WARD_B_TEMP_03 | 35.0 | CRITICAL
2026-09-22 04:33:35 | WARD_B_TEMP_04 | 34.6 | CRITICAL
2026-09-22 04:33:35 | WARD_B_TEMP_05 | 35.2 | CRITICAL
2026-09-22 04:33:36 | WARD_B_TEMP_01 | 38.0 | WARNING
2026-09-22 04:33:36 | WARD_B_TEMP_02 | 38.8 | CRITICAL
2026-09-22 04:33:36 | WARD_B_TEMP_03 | 35.5 | NORMAL
2026-09-22 04:33:36 | WARD_B_TEMP_04 | 39.9 | CRITICAL
2026-09-22 04:33:36 | WARD_B_TEMP_05 | 40.2 | CRITICAL
2026-09-22 04:33:37 | WARD_B_TEMP_01 | 37.1 | NORMAL
2026-09-22 04:33:37 | WARD_B_TEMP_02 | 35.5 | NORMAL
2026-09-22 04:33:37 | WARD_B_TEMP_03 | 38.5 | CRITICAL
2026-09-22 04:33:37 | WARD_B_TEMP_04 | 35.2 | CRITICAL
2026-09-22 04:33:37 | WARD_B_TEMP_05 | 37.4 | NORMAL
2026-09-22 04:33:38 | WARD_B_TEMP_01 | 40.0 | CRITICAL
2026-09-22 04:33:38 | WARD_B_TEMP_02 | 36.1 | NORMAL
2026-09-22 04:33:38 | WARD_B_TEMP_03 | 38.2 | CRITICAL
2026-09-22 04:33:38 | WARD_B_TEMP_04 | 35.4 | CRITICAL
2026-09-22 04:33:38 | WARD_B_TEMP_05 | 38.5 | CRITICAL
2026-09-22 04:33:39 | WARD_B_TEMP_01 | 36.1 | NORMAL
2026-09-22 04:33:39 | WARD_B_TEMP_02 | 36.0 | NORMAL
2026-09-22 04:33:39 | WARD_B_TEMP_03 | 36.6 | NORMAL
2026-09-22 04:33:39 | WARD_B_TEMP_04 | 36.7 | NORMAL
2026-09-22 04:33:39 | WARD_B_TEMP_05 | 35.0 | CRITICAL
2026-09-22 04:33:40 | WARD_B_TEMP_01 | 35.3 | CRITICAL
2026-09-22 04:33:40 | WARD_B_TEMP_02 | 35.4 | CRITICAL
2026-09-22 04:33:40 | WARD_B_TEMP_03 | 36.3 | NORMAL
2026-09-22 04:33:40 | WARD_B_TEMP_04 | 38.0 | WARNING
2026-09-22 04:33:40 | WARD_B_TEMP_05 | 39.2 | CRITICAL
2026-09-22 04:33:41 | WARD_B_TEMP_01 | 40.1 | CRITICAL
2026-09-22 04:33:41 | WARD_B_TEMP_02 | 39.2 | CRITICAL
2026-09-22 04:33:41 | WARD_B_TEMP_03 | 35.8 | NORMAL
2026-09-22 04:33:41 | WARD_B_TEMP_04 | 39.1 | CRITICAL
2026-09-22 04:33:41 | WARD_B_TEMP_05 | 35.2 | CRITICAL
2026-09-22 04:33:42 | WARD_B_TEMP_01 | 35.7 | NORMAL
2026-09-22 04:33:42 | WARD_B_TEMP_02 | 37.0 | NORMAL
2026-09-22 04:33:42 | WARD_B_TEMP_03 | 36.3 | NORMAL
2026-09-22 04:33:42 | WARD_B_TEMP_04 | 38.4 | CRITICAL
2026-09-22 04:33:42 | WARD_B_TEMP_05 | 36.7 | NORMAL
2026-09-22 04:33:43 | WARD_B_TEMP_01 | 39.5 | CRITICAL
2026-09-22 04:33:43 | WARD_B_TEMP_02 | 40.2 | CRITICAL
2026-09-22 04:33:43 | WARD_B_TEMP_03 | 37.6 | WARNING
2026-09-22 04:33:43 | WARD_B_TEMP_04 | 37.6 | WARNING
2026-09-22 04:33:43 | WARD_B_TEMP_05 | 35.3 | CRITICAL
2026-09-22 04:33:44 | WARD_B_TEMP_01 | 39.2 | CRITICAL
2026-09-22 04:33:44 | WARD_B_TEMP_02 | 40.0 | CRITICAL
2026-09-22 04:33:44 | WARD_B_TEMP_03 | 40.5 | CRITICAL
2026-09-22 04:33:44 | WARD_B_TEMP_04 | 37.1 | NORMAL
2026-09-22 04:33:44 | WARD_B_TEMP_05 | 36.7 | NORMAL
2026-09-22 04:33:45 | WARD_B_TEMP_01 | 36.4 | NORMAL
2026-09-22 04:33:45 | WARD_B_TEMP_02 | 35.9 | NORMAL
2026-09-22 04:33:45 | WARD_B_TEMP_03 | 37.2 | NORMAL
2026-09-22 04:33:45 | WARD_B_TEMP_04 | 35.8 | NORMAL
2026-09-22 04:33:45 | WARD_B_TEMP_05 | 36.1 | NORMAL
2026-09-22 04:33:46 | WARD_B_TEMP_01 | 36.6 | NORMAL
2026-09-22 04:33:46 | WARD_B_TEMP_02 | 37.7 | WARNING
2026-09-22 04:33:46 | WARD_B_TEMP_03 | 34.6 | CRITICAL
2026-09-22 04:33:46 | WARD_B_TEMP_04 | 37.3 | NORMAL
2026-09-22 04:33:46 | WARD_B_TEMP_05 | 34.9 | CRITICAL
2026-09-22 04:33:47 | WARD_B_TEMP_01 | 40.3 | CRITICAL
2026-09-22 04:33:47 | WARD_B_TEMP_02 | 39.4 | CRITICAL
2026-09-22 04:33:47 | WARD_B_TEMP_03 | 37.6 | WARNING
2026-09-22 04:33:47 | WARD_B_TEMP_04 | 36.0 | NORMAL
2026-09-22 04:33:47 | WARD_B_TEMP_05 | 39.3 | CRITICAL
2026-09-22 04:33:48 | WARD_B_TEMP_01 | 39.0 | CRITICAL
2026-09-22 04:33:48 | WARD_B_TEMP_02 | 35.5 | NORMAL
2026-09-22 04:33:48 | WARD_B_TEMP_03 | 39.6 | CRITICAL
2026-09-22 04:33:48 | WARD_B_TEMP_04 | 39.2 | CRITICAL
2026-09-22 04:33:48 | WARD_B_TEMP_05 | 39.6 | CRITICAL
2026-09-22 04:33:49 | WARD_B_TEMP_01 | 34.6 | CRITICAL
2026-09-22 04:33:49 | WARD_B_TEMP_02 | 38.0 | WARNING
2026-09-22 04:33:49 | WARD_B_TEMP_03 | 36.7 | NORMAL
2026-09-22 04:33:49 | WARD_B_TEMP_04 | 35.3 | CRITICAL
2026-09-22 04:33:49 | WARD_B_TEMP_05 | 39.5 | CRITICAL
2026-09-22 04:33:50 | WARD_B_TEMP_01 | 35.9 | NORMAL
2026-09-22 04:33:50 | WARD_B_TEMP_02 | 40.4 | CRITICAL
2026-09-22 04:33:50 | WARD_B_TEMP_03 | 35.9 | NORMAL
2026-09-22 04:33:50 | WARD_B_TEMP_04 | 36.9 | NORMAL
2026-09-22 04:33:50 | WARD_B_TEMP_05 | 36.8 | NORMAL
2026-09-22 04:33:51 | WARD_B_TEMP_01 | 37.9 | WARNING
2026-09-22 04:33:51 | WARD_B_TEMP_02 | 35.6 | NORMAL
2026-09-22 04:33:51 | WARD_B_TEMP_03 | 38.7 | CRITICAL
2026-09-22 04:33:51 | WARD_B_TEMP_04 | 35.4 | CRITICAL
2026-09-22 04:33:51 | WARD_B_TEMP_05 | 40.5 | CRITICAL
2026-09-22 04:33:52 | WARD_B_TEMP_01 | 34.5 | CRITICAL
2026-09-22 04:33:52 | WARD_B_TEMP_02 | 35.2 | CRITICAL
2026-09-22 04:33:52 | WARD_B_TEMP_03 | 37.1 | NORMAL
2026-09-22 04:33:52 | WARD_B_TEMP_04 | 34.5 | CRITICAL
2026-09-22 04:33:52 | WARD_B_TEMP_05 | 40.3 | CRITICAL
2026-09-22 04:33:53 | WARD_B_TEMP_01 | 40.1 | CRITICAL
2026-09-22 04:33:53 | WARD_B_TEMP_02 | 37.5 | WARNING
2026-09-22 04:33:53 | WARD_B_TEMP_03 | 35.8 | NORMAL
2026-09-22 04:33:53 | WARD_B_TEMP_04 | 35.8 | NORMAL
2026-09-22 04:33:53 | WARD_B_TEMP_05 | 35.4 | CRITICAL
2026-09-22 04:33:54 | WARD_B_TEMP_01 | 37.9 | WARNING
2026-09-22 04:33:54 | WARD_B_TEMP_02 | 38.4 | CRITICAL
2026-09-22 04:33:54 | WARD_B_TEMP_03 | 35.7 | NORMAL
2026-09-22 04:33:54 | WARD_B_TEMP_04 | 40.0 | CRITICAL
2026-09-22 04:33:54 | WARD_B_TEMP_05 | 37.7 | WARNING
2026-09-22 04:33:55 | WARD_B_TEMP_01 | 37.3 | NORMAL
2026-09-22 04:33:55 | WARD_B_TEMP_02 | 38.8 | CRITICAL
2026-09-22 04:33:55 | WARD_B_TEMP_03 | 36.9 | NORMAL
2026-09-22 04:33:55 | WARD_B_TEMP_04 | 36.1 | NORMAL
2026-09-22 04:33:55 | WARD_B_TEMP_05 | 35.5 | NORMAL
2026-09-22 04:33:56 | WARD_B_TEMP_01 | 39.3 | CRITICAL
2026-09-22 04:33:56 | WARD_B_TEMP_02 | 38.5 | CRITICAL
2026-09-22 04:33:56 | WARD_B_TEMP_03 | 36.3 | NORMAL
2026-09-22 04:33:56 | WARD_B_TEMP_04 | 40.4 | CRITICAL
2026-09-22 04:33:56 | WARD_B_TEMP_05 | 36.9 | NORMAL
2026-09-22 04:33:57 | WARD_B_TEMP_01 | 35.9 | NORMAL
2026-09-22 04:33:57 | WARD_B_TEMP_02 | 38.3 | CRITICAL
2026-09-22 04:33:57 | WARD_B_TEMP_03 | 34.5 | CRITICAL
2026-09-22 04:33:57 | WARD_B_TEMP_04 | 38.0 | WARNING
2026-09-22 04:33:57 | WARD_B_TEMP_05 | 35.5 | NORMAL
2026-09-22 04:33:58 | WARD_B_TEMP_01 | 38.3 | CRITICAL
2026-09-22 04:33:58 | WARD_B_TEMP_02 | 37.7 | WARNING
2026-09-22 04:33:58 | WARD_B_TEMP_03 | 37.8 | WARNING
2026-09-22 04:33:58 | WARD_B_TEMP_04 | 37.5 | WARNING
2026-09-22 04:33:58 | WARD_B_TEMP_05 | 36.1 | NORMAL
2026-09-22 04:33:59 | WARD_B_TEMP_01 | 35.3 | CRITICAL
2026-09-22 04:33:59 | WARD_B_TEMP_02 | 40.4 | CRITICAL
2026-09-22 04:33:59 | WARD_B_TEMP_03 | 39.3 | CRITICAL
2026-09-22 04:33:59 | WARD_B_TEMP_04 | 39.1 | CRITICAL
2026-09-22 04:33:59 | WARD_B_TEMP_05 | 40.2 | CRITICAL
2026-09-22 04:34:00 | WARD_B_TEMP_01 | 38.3 | CRITICAL
2026-09-22 04:34:00 | WARD_B_TEMP_02 | 36.8 | NORMAL
2026-09-22 04:34:00 | WARD_B_TEMP_03 | 35.2 | CRITICAL
2026-09-22 04:34:00 | WARD_B_TEMP_04 | 36.9 | NORMAL
2026-09-22 04:34:00 | WARD_B_TEMP_05 | 36.7 | NORMAL
2026-09-22 04:34:01 | WARD_B_TEMP_01 | 35.0 | CRITICAL
2026-09-22 04:34:01 | WARD_B_TEMP_02 | 38.7 | CRITICAL
2026-09-22 04:34:01 | WARD_B_TEMP_03 | 35.9 | NORMAL
2026-09-22 04:34:01 | WARD_B_TEMP_04 | 35.5 | NORMAL
2026-09-22 04:34:01 | WARD_B_TEMP_05 | 38.0 | WARNING
2026-09-22 04:34:02 | WARD_B_TEMP_01 | 37.0 | NORMAL
2026-09-22 04:34:02 | WARD_B_TEMP_02 | 36.5 | NORMAL
2026-09-22 04:34:02 | WARD_B_TEMP_03 | 37.3 | NORMAL
2026-09-22 04:34:02 | WARD_B_TEMP_04 | 38.4 | CRITICAL
2026-09-22 04:34:02 | WARD_B_TEMP_05 | 37.6 | WARNING
2026-09-22 04:34:03 | WARD_B_TEMP_01 | 34.8 | CRITICAL
2026-09-22 04:34:03 | WARD_B_TEMP_02 | 38.7 | CRITICAL
2026-09-22 04:34:03 | WARD_B_TEMP_03 | 34.7 | CRITICAL
2026-09-22 04:34:03 | WARD_B_TEMP_04 | 37.2 | NORMAL
2026-09-22 04:34:03 | WARD_B_TEMP_05 | 37.0 | NORMAL
2026-09-22 04:34:04 | WARD_B_TEMP_01 | 36.2 | NORMAL
2026-09-22 04:34:04 | WARD_B_TEMP_02 | 36.3 | NORMAL
2026-09-22 04:34:04 | WARD_B_TEMP_03 | 36.4 | NORMAL
2026-09-22 04:34:04 | WARD_B_TEMP_04 | 39.4 | CRITICAL
2026-09-22 04:34:04 | WARD_B_TEMP_05 | 36.4 | NORMAL
2026-09-22 04:34:05 | WARD_B_TEMP_01 | 38.4 | CRITICAL
2026-09-22 04:34:05 | WARD_B_TEMP_02 | 38.9 | CRITICAL
2026-09-22 04:34:05 | WARD_B_TEMP_03 | 38.5 | CRITICAL
2026-09-22 04:34:05 | WARD_B_TEMP_04 | 39.0 | CRITICAL
2026-09-22 04:34:05 | WARD_B_TEMP_05 | 36.9 | NORMAL
2026-09-22 04:34:06 | WARD_B_TEMP_01 | 35.3 | CRITICAL
2026-09-22 04:34:06 | WARD_B_TEMP_02 | 34.7 | CRITICAL
2026-09-22 04:34:06 | WARD_B_TEMP_03 | 36.0 | NORMAL
2026-09-22 04:34:06 | WARD_B_TEMP_04 | 35.8 | NORMAL
2026-09-22 04:34:06 | WARD_B_TEMP_05 | 38.3 | CRITICAL
2026-09-22 04:34:07 | WARD_B_TEMP_01 | 38.3 | CRITICAL
2026-09-22 04:34:07 | WARD_B_TEMP_02 | 34.8 | CRITICAL
2026-09-22 04:34:07 | WARD_B_TEMP_03 | 36.6 | NORMAL
2026-09-22 04:34:07 | WARD_B_TEMP_04 | 36.8 | NORMAL
2026-09-22 04:34:07 | WARD_B_TEMP_05 | 37.5 | WARNING
2026-09-22 04:34:08 | WARD_B_TEMP_01 | 37.1 | NORMAL
2026-09-22 04:34:08 | WARD_B_TEMP_02 | 34.7 | CRITICAL
2026-09-22 04:34:08 | WARD_B_TEMP_03 | 38.4 | CRITICAL
2026-09-22 04:34:08 | WARD_B_TEMP_04 | 36.3 | NORMAL
2026-09-22 04:34:08 | WARD_B_TEMP_05 | 39.7 | CRITICAL
2026-09-22 04:34:09 | WARD_B_TEMP_01 | 36.1 | NORMAL
2026-09-22 04:34:09 | WARD_B_TEMP_02 | 39.6 | CRITICAL
2026-09-22 04:34:09 | WARD_B_TEMP_03 | 34.7 | CRITICAL
2026-09-22 04:34:09 | WARD_B_TEMP_04 | 39.6 | CRITICAL
2026-09-22 04:34:09 | WARD_B_TEMP_05 | 36.2 | NORMAL
2026-09-22 04:34:10 | WARD_B_TEMP_01 | 38.7 | CRITICAL
2026-09-22 04:34:10 | WARD_B_TEMP_02 | 35.5 | NORMAL
2026-09-22 04:34:10 | WARD_B_TEMP_03 | 37.6 | WARNING
2026-09-22 04:34:10 | WARD_B_TEMP_04 | 38.5 | CRITICAL
2026-09-22 04:34:10 | WARD_B_TEMP_05 | 35.9 | NORMAL
2026-09-22 04:34:11 | WARD_B_TEMP_01 | 36.3 | NORMAL
2026-09-22 04:34:11 | WARD_B_TEMP_02 | 38.5 | CRITICAL
2026-09-22 04:34:11 | WARD_B_TEMP_03 | 35.1 | CRITICAL
2026-09-22 04:34:11 | WARD_B_TEMP_04 | 38.5 | CRITICAL
2026-09-22 04:34:11 | WARD_B_TEMP_05 | 38.3 | CRITICAL
2026-09-22 04:34:12 | WARD_B_TEMP_01 | 35.4 | CRITICAL
2026-09-22 04:34:12 | WARD_B_TEMP_02 | 35.0 | CRITICAL
2026-09-22 04:34:12 | WARD_B_TEMP_03 | 36.5 | NORMAL
2026-09-22 04:34:12 | WARD_B_TEMP_04 | 34.8 | CRITICAL
2026-09-22 04:34:12 | WARD_B_TEMP_05 | 37.7 | WARNING
2026-09-22 04:34:13 | WARD_B_TEMP_01 | 36.6 | NORMAL
2026-09-22 04:34:13 | WARD_B_TEMP_02 | 39.2 | CRITICAL
2026-09-22 04:34:13 | WARD_B_TEMP_03 | 36.7 | NORMAL
2026-09-22 04:34:13 | WARD_B_TEMP_04 | 40.4 | CRITICAL
2026-09-22 04:34:13 | WARD_B_TEMP_05 | 39.8 | CRITICAL
2026-09-22 04:34:14 | WARD_B_TEMP_01 | 36.0 | NORMAL
2026-09-22 04:34:14 | WARD_B_TEMP_02 | 39.6 | CRITICAL
2026-09-22 04:34:14 | WARD_B_TEMP_03 | 35.0 | CRITICAL
2026-09-22 04:34:14 | WARD_B_TEMP_04 | 35.8 | NORMAL
2026-09-22 04:34:14 | WARD_B_TEMP_05 | 37.4 | NORMAL
2026-09-22 04:34:15 | WARD_B_TEMP_01 | 37.8 | WARNING
2026-09-22 04:34:15 | WARD_B_TEMP_02 | 38.5 | CRITICAL
2026-09-22 04:34:15 | WARD_B_TEMP_03 | 40.0 | CRITICAL
2026-09-22 04:34:15 | WARD_B_TEMP_04 | 38.7 | CRITICAL
2026-09-22 04:34:15 | WARD_B_TEMP_05 | 38.5 | CRITICAL
2026-09-22 04:34:16 | WARD_B_TEMP_01 | 40.3 | CRITICAL
2026-09-22 04:34:16 | WARD_B_TEMP_02 | 34.5 | CRITICAL
2026-09-22 04:34:16 | WARD_B_TEMP_03 | 39.4 | CRITICAL
2026-09-22 04:34:16 | WARD_B_TEMP_04 | 38.1 | CRITICAL
2026-09-22 04:34:16 | WARD_B_TEMP_05 | 38.2 | CRITICAL
2026-09-22 04:34:17 | WARD_B_TEMP_01 | 35.8 | NORMAL
2026-09-22 04:34:17 | WARD_B_TEMP_02 | 36.1 | NORMAL
2026-09-22 04:34:17 | WARD_B_TEMP_03 | 38.1 | CRITICAL
2026-09-22 04:34:17 | WARD_B_TEMP_04 | 39.2 | CRITICAL
2026-09-22 04:34:17 | WARD_B_TEMP_05 | 36.3 | NORMAL
2026-09-22 04:34:18 | WARD_B_TEMP_01 | 36.9 | NORMAL
2026-09-22 04:34:18 | WARD_B_TEMP_02 | 39.5 | CRITICAL
2026-09-22 04:34:18 | WARD_B_TEMP_03 | 39.7 | CRITICAL
2026-09-22 04:34:18 | WARD_B_TEMP_04 | 39.6 | CRITICAL
2026-09-22 04:34:18 | WARD_B_TEMP_05 | 39.1 | CRITICAL
2026-09-22 04:34:19 | WARD_B_TEMP_01 | 37.2 | NORMAL
2026-09-22 04:34:19 | WARD_B_TEMP_02 | 35.0 | CRITICAL
2026-09-22 04:34:19 | WARD_B_TEMP_03 | 34.9 | CRITICAL
2026-09-22 04:34:19 | WARD_B_TEMP_04 | 39.2 | CRITICAL
2026-09-22 04:34:19 | WARD_B_TEMP_05 | 37.6 | WARNING
2026-09-22 04:34:20 | WARD_B_TEMP_01 | 37.5 | WARNING
2026-09-22 04:34:20 | WARD_B_TEMP_02 | 39.8 | CRITICAL
2026-09-22 04:34:20 | WARD_B_TEMP_03 | 40.1 | CRITICAL
2026-09-22 04:34:20 | WARD_B_TEMP_04 | 34.6 | CRITICAL
2026-09-22 04:34:20 | WARD_B_TEMP_05 | 40.4 | CRITICAL
2026-09-22 04:34:21 | WARD_B_TEMP_01 | 35.3 | CRITICAL
2026-09-22 04:34:21 | WARD_B_TEMP_02 | 36.0 | NORMAL
2026-09-22 04:34:21 | WARD_B_TEMP_03 | 38.0 | WARNING
2026-09-22 04:34:21 | WARD_B_TEMP_04 | 37.7 | WARNING
2026-09-22 04:34:21 | WARD_B_TEMP_05 | 36.2 | NORMAL
2026-09-22 04:34:22 | WARD_B_TEMP_01 | 37.2 | NORMAL
2026-09-22 04:34:22 | WARD_B_TEMP_02 | 36.4 | NORMAL
2026-09-22 04:34:22 | WARD_B_TEMP_03 | 40.5 | CRITICAL
2026-09-22 04:34:22 | WARD_B_TEMP_04 | 35.6 | NORMAL
2026-09-22 04:34:22 | WARD_B_TEMP_05 | 36.8 | NORMAL
2026-09-22 04:34:23 | WARD_B_TEMP_01 | 35.6 | NORMAL
2026-09-22 04:34:23 | WARD_B_TEMP_02 | 40.4 | CRITICAL
2026-09-22 04:34:23 | WARD_B_TEMP_03 | 38.9 | CRITICAL
2026-09-22 04:34:23 | WARD_B_TEMP_04 | 36.9 | NORMAL
2026-09-22 04:34:23 | WARD_B_TEMP_05 | 39.7 | CRITICAL
2026-09-22 04:34:24 | WARD_B_TEMP_01 | 36.5 | NORMAL
2026-09-22 04:34:24 | WARD_B_TEMP_02 | 38.3 | CRITICAL
2026-09-22 04:34:24 | WARD_B_TEMP_03 | 38.5 | CRITICAL
2026-09-22 04:34:24 | WARD_B_TEMP_04 | 36.7 | NORMAL
2026-09-22 04:34:24 | WARD_B_TEMP_05 | 37.3 | NORMAL
2026-09-22 04:34:25 | WARD_B_TEMP_01 | 34.7 | CRITICAL
2026-09-22 04:34:25 | WARD_B_TEMP_02 | 37.4 | NORMAL
2026-09-22 04:34:25 | WARD_B_TEMP_03 | 40.5 | CRITICAL
2026-09-22 04:34:25 | WARD_B_TEMP_04 | 35.1 | CRITICAL
2026-09-22 04:34:25 | WARD_B_TEMP_05 | 39.7 | CRITICAL
2026-09-22 04:34:26 | WARD_B_TEMP_01 | 37.2 | NORMAL
2026-09-22 04:34:26 | WARD_B_TEMP_02 | 37.1 | NORMAL
2026-09-22 04:34:26 | WARD_B_TEMP_03 | 36.0 | NORMAL
2026-09-22 04:34:26 | WARD_B_TEMP_04 | 39.9 | CRITICAL
2026-09-22 04:34:26 | WARD_B_TEMP_05 | 37.4 | NORMAL
2026-09-22 04:34:27 | WARD_B_TEMP_01 | 35.0 | CRITICAL
2026-09-22 04:34:27 | WARD_B_TEMP_02 | 36.8 | NORMAL
2026-09-22 04:34:27 | WARD_B_TEMP_03 | 39.9 | CRITICAL
2026-09-22 04:34:27 | WARD_B_TEMP_04 | 35.3 | CRITICAL
2026-09-22 04:34:27 | WARD_B_TEMP_05 | 36.1 | NORMAL
2026-09-22 04:34:28 | WARD_B_TEMP_01 | 37.8 | WARNING
2026-09-22 04:34:28 | WARD_B_TEMP_02 | 34.7 | CRITICAL
2026-09-22 04:34:28 | WARD_B_TEMP_03 | 36.5 | NORMAL
2026-09-22 04:34:28 | WARD_B_TEMP_04 | 35.5 | NORMAL
2026-09-22 04:34:28 | WARD_B_TEMP_05 | 40.3 | CRITICAL
2026-09-22 04:34:29 | WARD_B_TEMP_01 | 38.3 | CRITICAL
2026-09-22 04:34:29 | WARD_B_TEMP_02 | 37.1 | NORMAL
2026-09-22 04:34:29 | WARD_B_TEMP_03 | 37.1 | NORMAL
2026-09-22 04:34:29 | WARD_B_TEMP_04 | 36.8 | NORMAL
2026-09-22 04:34:29 | WARD_B_TEMP_05 | 37.8 | WARNING
2026-09-22 04:34:30 | WARD_B_TEMP_01 | 35.8 | NORMAL
2026-09-22 04:34:30 | WARD_B_TEMP_02 | 36.5 | NORMAL
2026-09-22 04:34:30 | WARD_B_TEMP_03 | 38.8 | CRITICAL
2026-09-22 04:34:30 | WARD_B_TEMP_04 | 39.2 | CRITICAL
2026-09-22 04:34:30 | WARD_B_TEMP_05 | 38.6 | CRITICAL
2026-09-22 04:34:31 | WARD_B_TEMP_01 | 35.8 | NORMAL
2026-09-22 04:34:31 | WARD_B_TEMP_02 | 35.5 | NORMAL
2026-09-22 04:34:31 | WARD_B_TEMP_03 | 37.0 | NORMAL
2026-09-22 04:34:31 | WARD_B_TEMP_04 | 36.1 | NORMAL
2026-09-22 04:34:31 | WARD_B_TEMP_05 | 39.1 | CRITICAL
2026-09-22 04:34:32 | WARD_B_TEMP_01 | 38.9 | CRITICAL
2026-09-22 04:34:32 | WARD_B_TEMP_02 | 38.5 | CRITICAL
2026-09-22 04:34:32 | WARD_B_TEMP_03 | 38.8 | CRITICAL
2026-09-22 04:34:32 | WARD_B_TEMP_04 | 40.2 | CRITICAL
2026-09-22 04:34:32 | WARD_B_TEMP_05 | 40.4 | CRITICAL
2026-09-22 04:34:33 | WARD_B_TEMP_01 | 39.8 | CRITICAL
2026-09-22 04:34:33 | WARD_B_TEMP_02 | 37.8 | WARNING
2026-09-22 04:34:33 | WARD_B_TEMP_03 | 36.8 | NORMAL
2026-09-22 04:34:33 | WARD_B_TEMP_04 | 36.5 | NORMAL
2026-09-22 04:34:33 | WARD_B_TEMP_05 | 35.3 | CRITICAL
2026-09-22 04:34:34 | WARD_B_TEMP_01 | 37.2 | NORMAL
2026-09-22 04:34:34 | WARD_B_TEMP_02 | 36.6 | NORMAL
2026-09-22 04:34:34 | WARD_B_TEMP_03 | 37.0 | NORMAL
2026-09-22 04:34:34 | WARD_B_TEMP_04 | 38.1 | CRITICAL
2026-09-22 04:34:34 | WARD_B_TEMP_05 | 39.6 | CRITICAL
2026-09-22 04:34:35 | WARD_B_TEMP_01 | 37.5 | WARNING
2026-09-22 04:34:35 | WARD_B_TEMP_02 | 39.8 | CRITICAL
2026-09-22 04:34:35 | WARD_B_TEMP_03 | 35.9 | NORMAL
2026-09-22 04:34:35 | WARD_B_TEMP_04 | 36.1 | NORMAL
2026-09-22 04:34:35 | WARD_B_TEMP_05 | 36.4 | NORMAL
2026-09-22 04:34:36 | WARD_B_TEMP_01 | 37.1 | NORMAL
2026-09-22 04:34:36 | WARD_B_TEMP_02 | 38.5 | CRITICAL
2026-09-22 04:34:36 | WARD_B_TEMP_03 | 38.6 | CRITICAL
2026-09-22 04:34:36 | WARD_B_TEMP_04 | 35.4 | CRITICAL
2026-09-22 04:34:36 | WARD_B_TEMP_05 | 35.6 | NORMAL
2026-09-22 04:34:37 | WARD_B_TEMP_01 | 39.7 | CRITICAL
2026-09-22 04:34:37 | WARD_B_TEMP_02 | 37.7 | WARNING
2026-09-22 04:34:37 | WARD_B_TEMP_03 | 37.3 | NORMAL
2026-09-22 04:34:37 | WARD_B_TEMP_04 | 38.4 | CRITICAL
2026-09-22 04:34:37 | WARD_B_TEMP_05 | 37.5 | WARNING
2026-09-22 04:34:38 | WARD_B_TEMP_01 | 40.5 | CRITICAL
2026-09-22 04:34:38 | WARD_B_TEMP_02 | 38.2 | CRITICAL
2026-09-22 04:34:38 | WARD_B_TEMP_03 | 38.8 | CRITICAL
2026-09-22 04:34:38 | WARD_B_TEMP_04 | 40.1 | CRITICAL
2026-09-22 04:34:38 | WARD_B_TEMP_05 | 37.3 | NORMAL
2026-09-22 04:34:39 | WARD_B_TEMP_01 | 36.1 | NORMAL
2026-09-22 04:34:39 | WARD_B_TEMP_02 | 34.6 | CRITICAL
2026-09-22 04:34:39 | WARD_B_TEMP_03 | 37.2 | NORMAL
2026-09-22 04:34:39 | WARD_B_TEMP_04 | 35.0 | CRITICAL
2026-09-22 04:34:39 | WARD_B_TEMP_05 | 39.5 | CRITICAL
2026-09-22 04:34:40 | WARD_B_TEMP_01 | 36.9 | NORMAL
2026-09-22 04:34:40 | WARD_B_TEMP_02 | 38.2 | CRITICAL
2026-09-22 04:34:40 | WARD_B_TEMP_03 | 37.8 | WARNING
2026-09-22 04:34:40 | WARD_B_TEMP_04 | 36.1 | NORMAL
2026-09-22 04:34:40 | WARD_B_TEMP_05 | 39.2 | CRITICAL
2026-09-22 04:34:41 | WARD_B_TEMP_01 | 35.1 | CRITICAL
2026-09-22 04:34:41 | WARD_B_TEMP_02 | 35.1 | CRITICAL
2026-09-22 04:34:41 | WARD_B_TEMP_03 | 37.7 | WARNING
2026-09-22 04:34:41 | WARD_B_TEMP_04 | 35.8 | NORMAL
2026-09-22 04:34:41 | WARD_B_TEMP_05 | 35.5 | NORMAL
2026-09-22 04:34:42 | WARD_B_TEMP_01 | 39.6 | CRITICAL
2026-09-22 04:34:42 | WARD_B_TEMP_02 | 39.6 | CRITICAL
2026-09-22 04:34:42 | WARD_B_TEMP_03 | 40.1 | CRITICAL
2026-09-22 04:34:42 | WARD_B_TEMP_04 | 36.0 | NORMAL
2026-09-22 04:34:42 | WARD_B_TEMP_05 | 35.7 | NORMAL
2026-09-22 04:34:43 | WARD_B_TEMP_01 | 35.8 | NORMAL
2026-09-22 04:34:43 | WARD_B_TEMP_02 | 35.6 | NORMAL
2026-09-22 04:34:43 | WARD_B_TEMP_03 | 36.9 | NORMAL
2026-09-22 04:34:43 | WARD_B_TEMP_04 | 36.8 | NORMAL
2026-09-22 04:34:43 | WARD_B_TEMP_05 | 34.6 | CRITICAL
2026-09-22 04:34:44 | WARD_B_TEMP_01 | 35.5 | NORMAL
2026-09-22 04:34:44 | WARD_B_TEMP_02 | 38.4 | CRITICAL
2026-09-22 04:34:44 | WARD_B_TEMP_03 | 35.7 | NORMAL
2026-09-22 04:34:44 | WARD_B_TEMP_04 | 39.7 | CRITICAL
2026-09-22 04:34:44 | WARD_B_TEMP_05 | 40.4 | CRITICAL
2026-09-22 04:34:45 | WARD_B_TEMP_01 | 36.9 | NORMAL
2026-09-22 04:34:45 | WARD_B_TEMP_02 | 39.9 | CRITICAL
2026-09-22 04:34:45 | WARD_B_TEMP_03 | 37.8 | WARNING
2026-09-22 04:34:45 | WARD_B_TEMP_04 | 40.4 | CRITICAL
2026-09-22 04:34:45 | WARD_B_TEMP_05 | 38.7 | CRITICAL
2026-09-22 04:34:46 | WARD_B_TEMP_01 | 36.0 | NORMAL
2026-09-22 04:34:46 | WARD_B_TEMP_02 | 34.6 | CRITICAL
2026-09-22 04:34:46 | WARD_B_TEMP_03 | 35.1 | CRITICAL
2026-09-22 04:34:46 | WARD_B_TEMP_04 | 35.8 | NORMAL
2026-09-22 04:34:46 | WARD_B_TEMP_05 | 39.6 | CRITICAL
2026-09-22 04:34:47 | WARD_B_TEMP_01 | 35.0 | CRITICAL
2026-09-22 04:34:47 | WARD_B_TEMP_02 | 38.3 | CRITICAL
2026-09-22 04:34:47 | WARD_B_TEMP_03 | 39.4 | CRITICAL
2026-09-22 04:34:47 | WARD_B_TEMP_04 | 39.4 | CRITICAL
2026-09-22 04:34:47 | WARD_B_TEMP_05 | 34.6 | CRITICAL
2026-09-22 04:34:48 | WARD_B_TEMP_01 | 35.9 | NORMAL
2026-09-22 04:34:48 | WARD_B_TEMP_02 | 38.4 | CRITICAL
2026-09-22 04:34:48 | WARD_B_TEMP_03 | 38.1 | CRITICAL
2026-09-22 04:34:48 | WARD_B_TEMP_04 | 35.1 | CRITICAL
2026-09-22 04:34:48 | WARD_B_TEMP_05 | 38.5 | CRITICAL
2026-09-22 04:34:49 | WARD_B_TEMP_01 | 38.7 | CRITICAL
2026-09-22 04:34:49 | WARD_B_TEMP_02 | 34.8 | CRITICAL
2026-09-22 04:34:49 | WARD_B_TEMP_03 | 36.7 | NORMAL
2026-09-22 04:34:49 | WARD_B_TEMP_04 | 36.2 | NORMAL
2026-09-22 04:34:49 | WARD_B_TEMP_05 | 39.1 | CRITICAL
2026-09-22 04:34:50 | WARD_B_TEMP_01 | 37.0 | NORMAL
2026-09-22 04:34:50 | WARD_B_TEMP_02 | 39.3 | CRITICAL
2026-09-22 04:34:50 | WARD_B_TEMP_03 | 36.6 | NORMAL
2026-09-22 04:34:50 | WARD_B_TEMP_04 | 39.6 | CRITICAL
2026-09-22 04:34:50 | WARD_B_TEMP_05 | 38.2 | CRITICAL
2026-09-22 04:34:51 | WARD_B_TEMP_01 | 36.3 | NORMAL
2026-09-22 04:34:51 | WARD_B_TEMP_02 | 36.1 | NORMAL
2026-09-22 04:34:51 | WARD_B_TEMP_03 | 38.7 | CRITICAL
2026-09-22 04:34:51 | WARD_B_TEMP_04 | 39.6 | CRITICAL
2026-09-22 04:34:51 | WARD_B_TEMP_05 | 34.7 | CRITICAL
2026-09-22 04:34:52 | WARD_B_TEMP_01 | 36.2 | NORMAL
2026-09-22 04:34:52 | WARD_B_TEMP_02 | 38.5 | CRITICAL
2026-09-22 04:34:52 | WARD_B_TEMP_03 | 39.4 | CRITICAL
2026-09-22 04:34:52 | WARD_B_TEMP_04 | 34.7 | CRITICAL
2026-09-22 04:34:52 | WARD_B_TEMP_05 | 37.7 | WARNING
2026-09-22 04:34:53 | WARD_B_TEMP_01 | 40.4 | CRITICAL
2026-09-22 04:34:53 | WARD_B_TEMP_02 | 39.2 | CRITICAL
2026-09-22 04:34:53 | WARD_B_TEMP_03 | 35.8 | NORMAL
2026-09-22 04:34:53 | WARD_B_TEMP_04 | 39.5 | CRITICAL
2026-09-22 04:34:53 | WARD_B_TEMP_05 | 35.3 | CRITICAL
2026-09-22 04:34:54 | WARD_B_TEMP_01 | 37.2 | NORMAL
2026-09-22 04:34:54 | WARD_B_TEMP_02 | 38.6 | CRITICAL
2026-09-22 04:34:54 | WARD_B_TEMP_03 | 37.2 | NORMAL
2026-09-22 04:34:54 | WARD_B_TEMP_04 | 39.2 | CRITICAL
2026-09-22 04:34:54 | WARD_B_TEMP_05 | 37.5 | WARNING
2026-09-22 04:34:55 | WARD_B_TEMP_01 | 38.0 | WARNING
2026-09-22 04:34:55 | WARD_B_TEMP_02 | 37.0 | NORMAL
2026-09-22 04:34:55 | WARD_B_TEMP_03 | 36.3 | NORMAL
2026-09-22 04:34:55 | WARD_B_TEMP_04 | 37.8 | WARNING
2026-09-22 04:34:55 | WARD_B_TEMP_05 | 35.0 | CRITICAL
2026-09-22 04:34:56 | WARD_B_TEMP_01 | 35.4 | CRITICAL
2026-09-22 04:34:56 | WARD_B_TEMP_02 | 36.2 | NORMAL
2026-09-22 04:34:56 | WARD_B_TEMP_03 | 36.8 | NORMAL
2026-09-22 04:34:56 | WARD_B_TEMP_04 | 38.4 | CRITICAL
2026-09-22 04:34:56 | WARD_B_TEMP_05 | 39.5 | CRITICAL
2026-09-22 04:34:57 | WARD_B_TEMP_01 | 36.9 | NORMAL
2026-09-22 04:34:57 | WARD_B_TEMP_02 | 37.3 | NORMAL
2026-09-22 04:34:57 | WARD_B_TEMP_03 | 37.1 | NORMAL
2026-09-22 04:34:57 | WARD_B_TEMP_04 | 36.1 | NORMAL
2026-09-22 04:34:57 | WARD_B_TEMP_05 | 36.6 | NORMAL
2026-09-22 04:34:58 | WARD_B_TEMP_01 | 40.5 | CRITICAL
2026-09-22 04:34:58 | WARD_B_TEMP_02 | 36.6 | NORMAL
2026-09-22 04:34:58 | WARD_B_TEMP_03 | 37.3 | NORMAL
2026-09-22 04:34:58 | WARD_B_TEMP_04 | 38.4 | CRITICAL
2026-09-22 04:34:58 | WARD_B_TEMP_05 | 38.6 | CRITICAL
2026-09-22 04:34:59 | WARD_B_TEMP_01 | 38.8 | CRITICAL
2026-09-22 04:34:59 | WARD_B_TEMP_02 | 39.5 | CRITICAL
2026-09-22 04:34:59 | WARD_B_TEMP_03 | 39.4 | CRITICAL
2026-09-22 04:34:59 | WARD_B_TEMP_04 | 36.6 | NORMAL
2026-09-22 04:34:59 | WARD_B_TEMP_05 | 40.4 | CRITICAL
2026-09-22 04:35:00 | WARD_B_TEMP_01 | 35.3 | CRITICAL
2026-09-22 04:35:00 | WARD_B_TEMP_02 | 40.2 | CRITICAL
2026-09-22 04:35:00 | WARD_B_TEMP_03 | 37.4 | NORMAL
2026-09-22 04:35:00 | WARD_B_TEMP_04 | 37.8 | WARNING
2026-09-22 04:35:00 | WARD_B_TEMP_05 | 34.9 | CRITICAL
2026-09-22 04:35:01 | WARD_B_TEMP_01 | 36.3 | NORMAL
2026-09-22 04:35:01 | WARD_B_TEMP_02 | 37.4 | NORMAL
2026-09-22 04:35:01 | WARD_B_TEMP_03 | 38.8 | CRITICAL
2026-09-22 04:35:01 | WARD_B_TEMP_04 | 37.7 | WARNING
2026-09-22 04:35:01 | WARD_B_TEMP_05 | 40.3 | CRITICAL
2026-09-22 04:35:02 | WARD_B_TEMP_01 | 34.5 | CRITICAL
2026-09-22 04:35:02 | WARD_B_TEMP_02 | 39.4 | CRITICAL
2026-09-22 04:35:02 | WARD_B_TEMP_03 | 35.3 | CRITICAL
2026-09-22 04:35:02 | WARD_B_TEMP_04 | 36.1 | NORMAL
2026-09-22 04:35:02 | WARD_B_TEMP_05 | 38.8 | CRITICAL
2026-09-22 04:35:03 | WARD_B_TEMP_01 | 37.5 | WARNING
2026-09-22 04:35:03 | WARD_B_TEMP_02 | 35.2 | CRITICAL
2026-09-22 04:35:03 | WARD_B_TEMP_03 | 39.7 | CRITICAL
2026-09-22 04:35:03 | WARD_B_TEMP_04 | 34.6 | CRITICAL
2026-09-22 04:35:03 | WARD_B_TEMP_05 | 38.0 | WARNING
2026-09-22 04:35:04 | WARD_B_TEMP_01 | 35.7 | NORMAL
2026-09-22 04:35:04 | WARD_B_TEMP_02 | 35.1 | CRITICAL
2026-09-22 04:35:04 | WARD_B_TEMP_03 | 37.9 | WARNING
2026-09-22 04:35:04 | WARD_B_TEMP_04 | 37.7 | WARNING
2026-09-22 04:35:04 | WARD_B_TEMP_05 | 36.5 | NORMAL
2026-09-22 04:35:05 | WARD_B_TEMP_01 | 37.4 | NORMAL
2026-09-22 04:35:05 | WARD_B_TEMP_02 | 36.4 | NORMAL
2026-09-22 04:35:05 | WARD_B_TEMP_03 | 38.6 | CRITICAL
2026-09-22 04:35:05 | WARD_B_TEMP_04 | 37.9 | WARNING
2026-09-22 04:35:05 | WARD_B_TEMP_05 | 39.1 | CRITICAL
2026-09-22 04:35:06 | WARD_B_TEMP_01 | 38.1 | CRITICAL
2026-09-22 04:35:06 | WARD_B_TEMP_02 | 36.2 | NORMAL
2026-09-22 04:35:06 | WARD_B_TEMP_03 | 36.6 | NORMAL
2026-09-22 04:35:06 | WARD_B_TEMP_04 | 39.9 | CRITICAL
2026-09-22 04:35:06 | WARD_B_TEMP_05 | 39.3 | CRITICAL
2026-09-22 04:35:07 | WARD_B_TEMP_01 | 34.9 | CRITICAL
2026-09-22 04:35:07 | WARD_B_TEMP_02 | 36.9 | NORMAL
2026-09-22 04:35:07 | WARD_B_TEMP_03 | 39.6 | CRITICAL
2026-09-22 04:35:07 | WARD_B_TEMP_04 | 40.2 | CRITICAL
2026-09-22 04:35:07 | WARD_B_TEMP_05 | 39.5 | CRITICAL
2026-09-22 04:35:08 | WARD_B_TEMP_01 | 37.3 | NORMAL
2026-09-22 04:35:08 | WARD_B_TEMP_02 | 36.6 | NORMAL
2026-09-22 04:35:08 | WARD_B_TEMP_03 | 39.1 | CRITICAL
2026-09-22 04:35:08 | WARD_B_TEMP_04 | 38.9 | CRITICAL
2026-09-22 04:35:08 | WARD_B_TEMP_05 | 36.2 | NORMAL
2026-09-22 04:35:09 | WARD_B_TEMP_01 | 36.9 | NORMAL
2026-09-22 04:35:09 | WARD_B_TEMP_02 | 37.6 | WARNING
2026-09-22 04:35:09 | WARD_B_TEMP_03 | 35.7 | NORMAL
2026-09-22 04:35:09 | WARD_B_TEMP_04 | 39.8 | CRITICAL
2026-09-22 04:35:09 | WARD_B_TEMP_05 | 37.5 | WARNING
2026-09-22 04:35:10 | WARD_B_TEMP_01 | 36.8 | NORMAL
2026-09-22 04:35:10 | WARD_B_TEMP_02 | 40.2 | CRITICAL
2026-09-22 04:35:10 | WARD_B_TEMP_03 | 36.9 | NORMAL
2026-09-22 04:35:10 | WARD_B_TEMP_04 | 36.4 | NORMAL
2026-09-22 04:35:10 | WARD_B_TEMP_05 | 35.4 | CRITICAL
2026-09-22 04:35:11 | WARD_B_TEMP_01 | 36.4 | NORMAL
2026-09-22 04:35:11 | WARD_B_TEMP_02 | 38.2 | CRITICAL
2026-09-22 04:35:11 | WARD_B_TEMP_03 | 37.0 | NORMAL
2026-09-22 04:35:11 | WARD_B_TEMP_04 | 38.6 | CRITICAL
2026-09-22 04:35:11 | WARD_B_TEMP_05 | 38.1 | CRITICAL
2026-09-22 04:35:12 | WARD_B_TEMP_01 | 39.1 | CRITICAL
2026-09-22 04:35:12 | WARD_B_TEMP_02 | 34.6 | CRITICAL
2026-09-22 04:35:12 | WARD_B_TEMP_03 | 37.5 | WARNING
2026-09-22 04:35:12 | WARD_B_TEMP_04 | 40.3 | CRITICAL
2026-09-22 04:35:12 | WARD_B_TEMP_05 | 38.3 | CRITICAL
2026-09-22 04:35:13 | WARD_B_TEMP_01 | 37.5 | WARNING
2026-09-22 04:35:13 | WARD_B_TEMP_02 | 34.8 | CRITICAL
2026-09-22 04:35:13 | WARD_B_TEMP_03 | 39.9 | CRITICAL
2026-09-22 04:35:13 | WARD_B_TEMP_04 | 40.2 | CRITICAL
2026-09-22 04:35:13 | WARD_B_TEMP_05 | 35.0 | CRITICAL
2026-09-22 04:35:14 | WARD_B_TEMP_01 | 39.1 | CRITICAL
2026-09-22 04:35:14 | WARD_B_TEMP_02 | 36.1 | NORMAL
2026-09-22 04:35:14 | WARD_B_TEMP_03 | 37.7 | WARNING
2026-09-22 04:35:14 | WARD_B_TEMP_04 | 36.2 | NORMAL
2026-09-22 04:35:14 | WARD_B_TEMP_05 | 38.2 | CRITICAL
2026-09-22 04:35:15 | WARD_B_TEMP_01 | 36.8 | NORMAL
2026-09-22 04:35:15 | WARD_B_TEMP_02 | 39.2 | CRITICAL
2026-09-22 04:35:15 | WARD_B_TEMP_03 | 36.0 | NORMAL
2026-09-22 04:35:15 | WARD_B_TEMP_04 | 36.8 | NORMAL
2026-09-22 04:35:15 | WARD_B_TEMP_05 | 34.8 | CRITICAL
2026-09-22 04:35:16 | WARD_B_TEMP_01 | 35.9 | NORMAL
2026-09-22 04:35:16 | WARD_B_TEMP_02 | 35.7 | NORMAL
2026-09-22 04:35:16 | WARD_B_TEMP_03 | 34.8 | CRITICAL
2026-09-22 04:35:16 | WARD_B_TEMP_04 | 35.8 | NORMAL
2026-09-22 04:35:16 | WARD_B_TEMP_05 | 37.8 | WARNING
2026-09-22 04:35:17 | WARD_B_TEMP_01 | 38.5 | CRITICAL
2026-09-22 04:35:17 | WARD_B_TEMP_02 | 39.2 | CRITICAL
2026-09-22 04:35:17 | WARD_B_TEMP_03 | 36.5 | NORMAL
2026-09-22 04:35:17 | WARD_B_TEMP_04 | 37.1 | NORMAL
2026-09-22 04:35:17 | WARD_B_TEMP_05 | 35.6 | NORMAL
2026-09-22 04:35:18 | WARD_B_TEMP_01 | 37.6 | WARNING
2026-09-22 04:35:18 | WARD_B_TEMP_02 | 39.0 | CRITICAL
2026-09-22 04:35:18 | WARD_B_TEMP_03 | 37.1 | NORMAL
2026-09-22 04:35:18 | WARD_B_TEMP_04 | 37.9 | WARNING
2026-09-22 04:35:18 | WARD_B_TEMP_05 | 34.8 | CRITICAL
2026-09-22 04:35:19 | WARD_B_TEMP_01 | 38.1 | CRITICAL
2026-09-22 04:35:19 | WARD_B_TEMP_02 | 35.1 | CRITICAL
2026-09-22 04:35:19 | WARD_B_TEMP_03 | 37.8 | WARNING
2026-09-22 04:35:19 | WARD_B_TEMP_04 | 37.0 | NORMAL
2026-09-22 04:35:19 | WARD_B_TEMP_05 | 38.4 | CRITICAL
2026-09-22 04:35:20 | WARD_B_TEMP_01 | 34.7 | CRITICAL
2026-09-22 04:35:20 | WARD_B_TEMP_02 | 37.0 | NORMAL
2026-09-22 04:35:20 | WARD_B_TEMP_03 | 34.8 | CRITICAL
2026-09-22 04:35:20 | WARD_B_TEMP_04 | 36.6 | NORMAL
2026-09-22 04:35:20 | WARD_B_TEMP_05 | 36.6 | NORMAL
2026-09-22 04:35:21 | WARD_B_TEMP_01 | 38.8 | CRITICAL
2026-09-22 04:35:21 | WARD_B_TEMP_02 | 40.4 | CRITICAL
2026-09-22 04:35:21 | WARD_B_TEMP_03 | 39.1 | CRITICAL
2026-09-22 04:35:21 | WARD_B_TEMP_04 | 38.5 | CRITICAL
2026-09-22 04:35:21 | WARD_B_TEMP_05 | 39.2 | CRITICAL
2026-09-22 04:35:22 | WARD_B_TEMP_01 | 36.8 | NORMAL
2026-09-22 04:35:22 | WARD_B_TEMP_02 | 37.3 | NORMAL
2026-09-22 04:35:22 | WARD_B_TEMP_03 | 39.4 | CRITICAL
2026-09-22 04:35:22 | WARD_B_TEMP_04 | 38.1 | CRITICAL
2026-09-22 04:35:22 | WARD_B_TEMP_05 | 40.0 | CRITICAL
2026-09-22 04:35:23 | WARD_B_TEMP_01 | 35.5 | NORMAL
2026-09-22 04:35:23 | WARD_B_TEMP_02 | 35.3 | CRITICAL
2026-09-22 04:35:23 | WARD_B_TEMP_03 | 39.4 | CRITICAL
2026-09-22 04:35:23 | WARD_B_TEMP_04 | 37.4 | NORMAL
2026-09-22 04:35:23 | WARD_B_TEMP_05 | 39.5 | CRITICAL
2026-09-22 04:35:24 | WARD_B_TEMP_01 | 35.5 | NORMAL
2026-09-22 04:35:24 | WARD_B_TEMP_02 | 34.9 | CRITICAL
2026-09-22 04:35:24 | WARD_B_TEMP_03 | 39.7 | CRITICAL
2026-09-22 04:35:24 | WARD_B_TEMP_04 | 38.5 | CRITICAL
2026-09-22 04:35:24 | WARD_B_TEMP_05 | 35.0 | CRITICAL
2026-09-22 04:35:25 | WARD_B_TEMP_01 | 35.9 | NORMAL
2026-09-22 04:35:25 | WARD_B_TEMP_02 | 36.8 | NORMAL
2026-09-22 04:35:25 | WARD_B_TEMP_03 | 37.9 | WARNING
2026-09-22 04:35:25 | WARD_B_TEMP_04 | 36.8 | NORMAL
2026-09-22 04:35:25 | WARD_B_TEMP_05 | 40.3 | CRITICAL
2026-09-22 04:35:26 | WARD_B_TEMP_01 | 35.4 | CRITICAL
2026-09-22 04:35:26 | WARD_B_TEMP_02 | 35.3 | CRITICAL
2026-09-22 04:35:26 | WARD_B_TEMP_03 | 35.0 | CRITICAL
2026-09-22 04:35:26 | WARD_B_TEMP_04 | 37.5 | WARNING
2026-09-22 04:35:26 | WARD_B_TEMP_05 | 35.9 | NORMAL
2026-09-22 04:35:27 | WARD_B_TEMP_01 | 40.5 | CRITICAL
2026-09-22 04:35:27 | WARD_B_TEMP_02 | 36.8 | NORMAL
2026-09-22 04:35:27 | WARD_B_TEMP_03 | 36.2 | NORMAL
2026-09-22 04:35:27 | WARD_B_TEMP_04 | 35.8 | NORMAL
2026-09-22 04:35:27 | WARD_B_TEMP_05 | 37.6 | WARNING
2026-09-22 04:35:28 | WARD_B_TEMP_01 | 39.7 | CRITICAL
2026-09-22 04:35:28 | WARD_B_TEMP_02 | 40.2 | CRITICAL
2026-09-22 04:35:28 | WARD_B_TEMP_03 | 40.0 | CRITICAL
2026-09-22 04:35:28 | WARD_B_TEMP_04 | 35.0 | CRITICAL
2026-09-22 04:35:28 | WARD_B_TEMP_05 | 34.8 | CRITICAL
2026-09-22 04:35:29 | WARD_B_TEMP_01 | 35.0 | CRITICAL
2026-09-22 04:35:29 | WARD_B_TEMP_02 | 38.3 | CRITICAL
2026-09-22 04:35:29 | WARD_B_TEMP_03 | 39.8 | CRITICAL
2026-09-22 04:35:29 | WARD_B_TEMP_04 | 38.7 | CRITICAL
2026-09-22 04:35:29 | WARD_B_TEMP_05 | 35.0 | CRITICAL
2026-09-22 04:35:30 | WARD_B_TEMP_01 | 39.4 | CRITICAL
2026-09-22 04:35:30 | WARD_B_TEMP_02 | 39.0 | CRITICAL
2026-09-22 04:35:30 | WARD_B_TEMP_03 | 39.0 | CRITICAL
2026-09-22 04:35:30 | WARD_B_TEMP_04 | 34.8 | CRITICAL
2026-09-22 04:35:30 | WARD_B_TEMP_05 | 40.4 | CRITICAL
2026-09-22 04:35:31 | WARD_B_TEMP_01 | 35.1 | CRITICAL
2026-09-22 04:35:31 | WARD_B_TEMP_02 | 35.6 | NORMAL
2026-09-22 04:35:31 | WARD_B_TEMP_03 | 39.9 | CRITICAL
2026-09-22 04:35:31 | WARD_B_TEMP_04 | 39.2 | CRITICAL
2026-09-22 04:35:31 | WARD_B_TEMP_05 | 40.2 | CRITICAL
2026-09-22 04:35:32 | WARD_B_TEMP_01 | 35.4 | CRITICAL
2026-09-22 04:35:32 | WARD_B_TEMP_02 | 36.8 | NORMAL
2026-09-22 04:35:32 | WARD_B_TEMP_03 | 36.6 | NORMAL
2026-09-22 04:35:32 | WARD_B_TEMP_04 | 36.4 | NORMAL
2026-09-22 04:35:32 | WARD_B_TEMP_05 | 35.2 | CRITICAL
2026-09-22 04:35:33 | WARD_B_TEMP_01 | 34.5 | CRITICAL
2026-09-22 04:35:33 | WARD_B_TEMP_02 | 38.4 | CRITICAL
2026-09-22 04:35:33 | WARD_B_TEMP_03 | 38.7 | CRITICAL
2026-09-22 04:35:33 | WARD_B_TEMP_04 | 38.6 | CRITICAL
2026-09-22 04:35:33 | WARD_B_TEMP_05 | 39.8 | CRITICAL
2026-09-22 04:35:34 | WARD_B_TEMP_01 | 35.6 | NORMAL
2026-09-22 04:35:34 | WARD_B_TEMP_02 | 38.2 | CRITICAL
2026-09-22 04:35:34 | WARD_B_TEMP_03 | 40.1 | CRITICAL
2026-09-22 04:35:34 | WARD_B_TEMP_04 | 37.8 | WARNING
2026-09-22 04:35:34 | WARD_B_TEMP_05 | 38.7 | CRITICAL
2026-09-22 04:35:35 | WARD_B_TEMP_01 | 36.5 | NORMAL
2026-09-22 04:35:35 | WARD_B_TEMP_02 | 40.4 | CRITICAL
2026-09-22 04:35:35 | WARD_B_TEMP_03 | 36.7 | NORMAL
2026-09-22 04:35:35 | WARD_B_TEMP_04 | 35.3 | CRITICAL
2026-09-22 04:35:35 | WARD_B_TEMP_05 | 36.6 | NORMAL
2026-09-22 04:35:36 | WARD_B_TEMP_01 | 38.5 | CRITICAL
2026-09-22 04:35:36 | WARD_B_TEMP_02 | 34.5 | CRITICAL
2026-09-22 04:35:36 | WARD_B_TEMP_03 | 40.4 | CRITICAL
2026-09-22 04:35:36 | WARD_B_TEMP_04 | 40.4 | CRITICAL
2026-09-22 04:35:36 | WARD_B_TEMP_05 | 38.1 | CRITICAL
2026-09-22 04:35:37 | WARD_B_TEMP_01 | 38.1 | CRITICAL
2026-09-22 04:35:37 | WARD_B_TEMP_02 | 40.1 | CRITICAL
2026-09-22 04:35:37 | WARD_B_TEMP_03 | 36.6 | NORMAL
2026-09-22 04:35:37 | WARD_B_TEMP_04 | 35.7 | NORMAL
2026-09-22 04:35:37 | WARD_B_TEMP_05 | 34.9 | CRITICAL
2026-09-22 04:35:38 | WARD_B_TEMP_01 | 38.4 | CRITICAL
2026-09-22 04:35:38 | WARD_B_TEMP_02 | 39.1 | CRITICAL
2026-09-22 04:35:38 | WARD_B_TEMP_03 | 38.6 | CRITICAL
2026-09-22 04:35:38 | WARD_B_TEMP_04 | 34.7 | CRITICAL
2026-09-22 04:35:38 | WARD_B_TEMP_05 | 38.2 | CRITICAL
2026-09-22 04:35:39 | WARD_B_TEMP_01 | 37.7 | WARNING
2026-09-22 04:35:39 | WARD_B_TEMP_02 | 38.1 | CRITICAL
2026-09-22 04:35:39 | WARD_B_TEMP_03 | 39.4 | CRITICAL
2026-09-22 04:35:39 | WARD_B_TEMP_04 | 39.7 | CRITICAL
2026-09-22 04:35:39 | WARD_B_TEMP_05 | 38.3 | CRITICAL
2026-09-22 04:35:40 | WARD_B_TEMP_01 | 38.9 | CRITICAL
2026-09-22 04:35:40 | WARD_B_TEMP_02 | 39.0 | CRITICAL
2026-09-22 04:35:40 | WARD_B_TEMP_03 | 35.8 | NORMAL
2026-09-22 04:35:40 | WARD_B_TEMP_04 | 38.3 | CRITICAL
2026-09-22 04:35:40 | WARD_B_TEMP_05 | 36.3 | NORMAL
2026-09-22 04:35:41 | WARD_B_TEMP_01 | 34.7 | CRITICAL
2026-09-22 04:35:41 | WARD_B_TEMP_02 | 35.3 | CRITICAL
2026-09-22 04:35:41 | WARD_B_TEMP_03 | 35.2 | CRITICAL
2026-09-22 04:35:41 | WARD_B_TEMP_04 | 37.9 | WARNING
2026-09-22 04:35:41 | WARD_B_TEMP_05 | 40.1 | CRITICAL
2026-09-22 04:35:42 | WARD_B_TEMP_01 | 37.4 | NORMAL
2026-09-22 04:35:42 | WARD_B_TEMP_02 | 34.8 | CRITICAL
2026-09-22 04:35:42 | WARD_B_TEMP_03 | 39.1 | CRITICAL
2026-09-22 04:35:42 | WARD_B_TEMP_04 | 37.5 | WARNING
2026-09-22 04:35:42 | WARD_B_TEMP_05 | 40.4 | CRITICAL
2026-09-22 04:35:43 | WARD_B_TEMP_01 | 39.9 | CRITICAL
2026-09-22 04:35:43 | WARD_B_TEMP_02 | 38.1 | CRITICAL
2026-09-22 04:35:43 | WARD_B_TEMP_03 | 35.0 | CRITICAL
2026-09-22 04:35:43 | WARD_B_TEMP_04 | 38.0 | WARNING
2026-09-22 04:35:43 | WARD_B_TEMP_05 | 39.4 | CRITICAL
2026-09-22 04:35:44 | WARD_B_TEMP_01 | 37.8 | WARNING
2026-09-22 04:35:44 | WARD_B_TEMP_02 | 37.9 | WARNING
2026-09-22 04:35:44 | WARD_B_TEMP_03 | 39.3 | CRITICAL
2026-09-22 04:35:44 | WARD_B_TEMP_04 | 34.7 | CRITICAL
2026-09-22 04:35:44 | WARD_B_TEMP_05 | 35.8 | NORMAL
2026-09-22 04:35:45 | WARD_B_TEMP_01 | 39.2 | CRITICAL
2026-09-22 04:35:45 | WARD_B_TEMP_02 | 36.9 | NORMAL
2026-09-22 04:35:45 | WARD_B_TEMP_03 | 38.3 | CRITICAL
2026-09-22 04:35:45 | WARD_B_TEMP_04 | 35.0 | CRITICAL
2026-09-22 04:35:45 | WARD_B_TEMP_05 | 40.0 | CRITICAL
2026-09-22 04:35:46 | WARD_B_TEMP_01 | 37.2 | NORMAL
2026-09-22 04:35:46 | WARD_B_TEMP_02 | 40.3 | CRITICAL
2026-09-22 04:35:46 | WARD_B_TEMP_03 | 40.4 | CRITICAL
2026-09-22 04:35:46 | WARD_B_TEMP_04 | 39.0 | CRITICAL
2026-09-22 04:35:46 | WARD_B_TEMP_05 | 40.1 | CRITICAL
2026-09-22 04:35:47 | WARD_B_TEMP_01 | 34.8 | CRITICAL
2026-09-22 04:35:47 | WARD_B_TEMP_02 | 39.3 | CRITICAL
2026-09-22 04:35:47 | WARD_B_TEMP_03 | 35.1 | CRITICAL
2026-09-22 04:35:47 | WARD_B_TEMP_04 | 37.1 | NORMAL
2026-09-22 04:35:47 | WARD_B_TEMP_05 | 35.7 | NORMAL
2026-09-22 04:35:48 | WARD_B_TEMP_01 | 40.0 | CRITICAL
2026-09-22 04:35:48 | WARD_B_TEMP_02 | 37.2 | NORMAL
2026-09-22 04:35:48 | WARD_B_TEMP_03 | 37.3 | NORMAL
2026-09-22 04:35:48 | WARD_B_TEMP_04 | 38.2 | CRITICAL
2026-09-22 04:35:48 | WARD_B_TEMP_05 | 36.2 | NORMAL
2026-09-22 04:35:49 | WARD_B_TEMP_01 | 39.6 | CRITICAL
2026-09-22 04:35:49 | WARD_B_TEMP_02 | 38.9 | CRITICAL
2026-09-22 04:35:49 | WARD_B_TEMP_03 | 39.0 | CRITICAL
2026-09-22 04:35:49 | WARD_B_TEMP_04 | 39.9 | CRITICAL
2026-09-22 04:35:49 | WARD_B_TEMP_05 | 39.9 | CRITICAL
2026-09-22 04:35:50 | WARD_B_TEMP_01 | 38.0 | WARNING
2026-09-22 04:35:50 | WARD_B_TEMP_02 | 38.6 | CRITICAL
2026-09-22 04:35:50 | WARD_B_TEMP_03 | 34.5 | CRITICAL
2026-09-22 04:35:50 | WARD_B_TEMP_04 | 36.1 | NORMAL
2026-09-22 04:35:50 | WARD_B_TEMP_05 | 38.3 | CRITICAL
2026-09-22 04:35:51 | WARD_B_TEMP_01 | 36.9 | NORMAL
2026-09-22 04:35:51 | WARD_B_TEMP_02 | 40.3 | CRITICAL
2026-09-22 04:35:51 | WARD_B_TEMP_03 | 39.7 | CRITICAL
2026-09-22 04:35:51 | WARD_B_TEMP_04 | 35.0 | CRITICAL
2026-09-22 04:35:51 | WARD_B_TEMP_05 | 38.1 | CRITICAL
2026-09-22 04:35:52 | WARD_B_TEMP_01 | 37.8 | WARNING
2026-09-22 04:35:52 | WARD_B_TEMP_02 | 34.8 | CRITICAL
2026-09-22 04:35:52 | WARD_B_TEMP_03 | 35.9 | NORMAL
2026-09-22 04:35:52 | WARD_B_TEMP_04 | 35.8 | NORMAL
2026-09-22 04:35:52 | WARD_B_TEMP_05 | 39.6 | CRITICAL
2026-09-22 04:35:53 | WARD_B_TEMP_01 | 39.2 | CRITICAL
2026-09-22 04:35:53 | WARD_B_TEMP_02 | 36.3 | NORMAL
2026-09-22 04:35:53 | WARD_B_TEMP_03 | 37.0 | NORMAL
2026-09-22 04:35:53 | WARD_B_TEMP_04 | 39.7 | CRITICAL
2026-09-22 04:35:53 | WARD_B_TEMP_05 | 39.5 | CRITICAL
2026-09-22 04:35:54 | WARD_B_TEMP_01 | 34.6 | CRITICAL
2026-09-22 04:35:54 | WARD_B_TEMP_02 | 37.8 | WARNING
2026-09-22 04:35:54 | WARD_B_TEMP_03 | 35.6 | NORMAL
2026-09-22 04:35:54 | WARD_B_TEMP_04 | 36.5 | NORMAL
2026-09-22 04:35:54 | WARD_B_TEMP_05 | 39.6 | CRITICAL
2026-09-22 04:35:55 | WARD_B_TEMP_01 | 39.7 | CRITICAL
2026-09-22 04:35:55 | WARD_B_TEMP_02 | 34.8 | CRITICAL
2026-09-22 04:35:55 | WARD_B_TEMP_03 | 39.4 | CRITICAL
2026-09-22 04:35:55 | WARD_B_TEMP_04 | 35.0 | CRITICAL
2026-09-22 04:35:55 | WARD_B_TEMP_05 | 37.6 | WARNING
2026-09-22 04:35:56 | WARD_B_TEMP_01 | 38.8 | CRITICAL
2026-09-22 04:35:56 | WARD_B_TEMP_02 | 36.8 | NORMAL
2026-09-22 04:35:56 | WARD_B_TEMP_03 | 38.2 | CRITICAL
2026-09-22 04:35:56 | WARD_B_TEMP_04 | 36.5 | NORMAL
2026-09-22 04:35:56 | WARD_B_TEMP_05 | 35.4 | CRITICAL
2026-09-22 04:35:57 | WARD_B_TEMP_01 | 35.7 | NORMAL
2026-09-22 04:35:57 | WARD_B_TEMP_02 | 37.0 | NORMAL
2026-09-22 04:35:57 | WARD_B_TEMP_03 | 34.8 | CRITICAL
2026-09-22 04:35:57 | WARD_B_TEMP_04 | 38.2 | CRITICAL
2026-09-22 04:35:57 | WARD_B_TEMP_05 | 37.8 | WARNING
2026-09-22 04:35:58 | WARD_B_TEMP_01 | 38.6 | CRITICAL
2026-09-22 04:35:58 | WARD_B_TEMP_02 | 37.2 | NORMAL
2026-09-22 04:35:58 | WARD_B_TEMP_03 | 35.1 | CRITICAL
2026-09-22 04:35:58 | WARD_B_TEMP_04 | 34.6 | CRITICAL
2026-09-22 04:35:58 | WARD_B_TEMP_05 | 39.6 | CRITICAL
2026-09-22 04:35:59 | WARD_B_TEMP_01 | 39.4 | CRITICAL
2026-09-22 04:35:59 | WARD_B_TEMP_02 | 39.8 | CRITICAL
2026-09-22 04:35:59 | WARD_B_TEMP_03 | 35.0 | CRITICAL
2026-09-22 04:35:59 | WARD_B_TEMP_04 | 37.2 | NORMAL
2026-09-22 04:35:59 | WARD_B_TEMP_05 | 37.7 | WARNING
2026-09-22 04:36:00 | WARD_B_TEMP_01 | 40.2 | CRITICAL
2026-09-22 04:36:00 | WARD_B_TEMP_02 | 35.0 | CRITICAL
2026-09-22 04:36:00 | WARD_B_TEMP_03 | 37.5 | WARNING
2026-09-22 04:36:00 | WARD_B_TEMP_04 | 34.5 | CRITICAL
2026-09-22 04:36:00 | WARD_B_TEMP_05 | 35.3 | CRITICAL
2026-09-22 04:36:01 | WARD_B_TEMP_01 | 38.9 | CRITICAL
2026-09-22 04:36:01 | WARD_B_TEMP_02 | 37.6 | WARNING
2026-09-22 04:36:01 | WARD_B_TEMP_03 | 37.0 | NORMAL
2026-09-22 04:36:01 | WARD_B_TEMP_04 | 37.1 | NORMAL
2026-09-22 04:36:01 | WARD_B_TEMP_05 | 34.7 | CRITICAL
2026-09-22 04:36:02 | WARD_B_TEMP_01 | 36.7 | NORMAL
2026-09-22 04:36:02 | WARD_B_TEMP_02 | 38.0 | WARNING
2026-09-22 04:36:02 | WARD_B_TEMP_03 | 36.9 | NORMAL
2026-09-22 04:36:02 | WARD_B_TEMP_04 | 37.2 | NORMAL
2026-09-22 04:36:02 | WARD_B_TEMP_05 | 36.4 | NORMAL
2026-09-22 04:36:03 | WARD_B_TEMP_01 | 38.0 | WARNING
2026-09-22 04:36:03 | WARD_B_TEMP_02 | 40.0 | CRITICAL
2026-09-22 04:36:03 | WARD_B_TEMP_03 | 35.0 | CRITICAL
2026-09-22 04:36:03 | WARD_B_TEMP_04 | 40.4 | CRITICAL
2026-09-22 04:36:03 | WARD_B_TEMP_05 | 40.5 | CRITICAL
2026-09-22 04:36:04 | WARD_B_TEMP_01 | 35.7 | NORMAL
2026-09-22 04:36:04 | WARD_B_TEMP_02 | 38.8 | CRITICAL
2026-09-22 04:36:04 | WARD_B_TEMP_03 | 37.2 | NORMAL
2026-09-22 04:36:04 | WARD_B_TEMP_04 | 37.4 | NORMAL
2026-09-22 04:36:04 | WARD_B_TEMP_05 | 35.4 | CRITICAL
2026-09-22 04:36:05 | WARD_B_TEMP_01 | 37.7 | WARNING
2026-09-22 04:36:05 | WARD_B_TEMP_02 | 36.8 | NORMAL
2026-09-22 04:36:05 | WARD_B_TEMP_03 | 37.0 | NORMAL
2026-09-22 04:36:05 | WARD_B_TEMP_04 | 34.9 | CRITICAL
2026-09-22 04:36:05 | WARD_B_TEMP_05 | 37.3 | NORMAL
2026-09-22 04:36:06 | WARD_B_TEMP_01 | 38.9 | CRITICAL
2026-09-22 04:36:06 | WARD_B_TEMP_02 | 40.3 | CRITICAL
2026-09-22 04:36:06 | WARD_B_TEMP_03 | 37.8 | WARNING
2026-09-22 04:36:06 | WARD_B_TEMP_04 | 36.6 | NORMAL
2026-09-22 04:36:06 | WARD_B_TEMP_05 | 36.3 | NORMAL
2026-09-22 04:36:07 | WARD_B_TEMP_01 | 39.8 | CRITICAL
2026-09-22 04:36:07 | WARD_B_TEMP_02 | 36.0 | NORMAL
2026-09-22 04:36:07 | WARD_B_TEMP_03 | 38.2 | CRITICAL
2026-09-22 04:36:07 | WARD_B_TEMP_04 | 34.5 | CRITICAL
2026-09-22 04:36:07 | WARD_B_TEMP_05 | 36.1 | NORMAL
2026-09-22 04:36:08 | WARD_B_TEMP_01 | 36.4 | NORMAL
2026-09-22 04:36:08 | WARD_B_TEMP_02 | 35.4 | CRITICAL
2026-09-22 04:36:08 | WARD_B_TEMP_03 | 39.3 | CRITICAL
2026-09-22 04:36:08 | WARD_B_TEMP_04 | 37.1 | NORMAL
2026-09-22 04:36:08 | WARD_B_TEMP_05 | 36.2 | NORMAL
2026-09-22 04:36:09 | WARD_B_TEMP_01 | 39.7 | CRITICAL
2026-09-22 04:36:09 | WARD_B_TEMP_02 | 39.6 | CRITICAL
2026-09-22 04:36:09 | WARD_B_TEMP_03 | 34.9 | CRITICAL
2026-09-22 04:36:09 | WARD_B_TEMP_04 | 35.6 | NORMAL
2026-09-22 04:36:09 | WARD_B_TEMP_05 | 35.1 | CRITICAL
2026-09-22 04:36:10 | WARD_B_TEMP_01 | 37.0 | NORMAL
2026-09-22 04:36:10 | WARD_B_TEMP_02 | 36.2 | NORMAL
2026-09-22 04:36:10 | WARD_B_TEMP_03 | 34.6 | CRITICAL
2026-09-22 04:36:10 | WARD_B_TEMP_04 | 39.6 | CRITICAL
2026-09-22 04:36:10 | WARD_B_TEMP_05 | 35.6 | NORMAL
2026-09-22 04:36:11 | WARD_B_TEMP_01 | 36.2 | NORMAL
2026-09-22 04:36:11 | WARD_B_TEMP_02 | 40.2 | CRITICAL
2026-09-22 04:36:11 | WARD_B_TEMP_03 | 36.3 | NORMAL
2026-09-22 04:36:11 | WARD_B_TEMP_04 | 35.5 | NORMAL
2026-09-22 04:36:11 | WARD_B_TEMP_05 | 38.8 | CRITICAL
2026-09-22 04:36:12 | WARD_B_TEMP_01 | 36.0 | NORMAL
2026-09-22 04:36:12 | WARD_B_TEMP_02 | 40.1 | CRITICAL
2026-09-22 04:36:12 | WARD_B_TEMP_03 | 36.6 | NORMAL
2026-09-22 04:36:12 | WARD_B_TEMP_04 | 37.0 | NORMAL
2026-09-22 04:36:12 | WARD_B_TEMP_05 | 37.7 | WARNING
2026-09-22 04:36:13 | WARD_B_TEMP_01 | 40.4 | CRITICAL
2026-09-22 04:36:13 | WARD_B_TEMP_02 | 35.2 | CRITICAL
2026-09-22 04:36:13 | WARD_B_TEMP_03 | 35.6 | NORMAL
2026-09-22 04:36:13 | WARD_B_TEMP_04 | 38.1 | CRITICAL
2026-09-22 04:36:13 | WARD_B_TEMP_05 | 40.0 | CRITICAL
2026-09-22 04:36:14 | WARD_B_TEMP_01 | 38.2 | CRITICAL
2026-09-22 04:36:14 | WARD_B_TEMP_02 | 38.2 | CRITICAL
2026-09-22 04:36:14 | WARD_B_TEMP_03 | 39.0 | CRITICAL
2026-09-22 04:36:14 | WARD_B_TEMP_04 | 39.1 | CRITICAL
2026-09-22 04:36:14 | WARD_B_TEMP_05 | 35.6 | NORMAL
2026-09-22 04:36:15 | WARD_B_TEMP_01 | 36.6 | NORMAL
2026-09-22 04:36:15 | WARD_B_TEMP_02 | 37.5 | WARNING
2026-09-22 04:36:15 | WARD_B_TEMP_03 | 39.5 | CRITICAL
2026-09-22 04:36:15 | WARD_B_TEMP_04 | 38.8 | CRITICAL
2026-09-22 04:36:15 | WARD_B_TEMP_05 | 40.0 | CRITICAL
2026-09-22 04:36:16 | WARD_B_TEMP_01 | 34.8 | CRITICAL
2026-09-22 04:36:16 | WARD_B_TEMP_02 | 40.2 | CRITICAL
2026-09-22 04:36:16 | WARD_B_TEMP_03 | 35.4 | CRITICAL
2026-09-22 04:36:16 | WARD_B_TEMP_04 | 35.8 | NORMAL
2026-09-22 04:36:16 | WARD_B_TEMP_05 | 40.2 | CRITICAL
2026-09-22 04:36:17 | WARD_B_TEMP_01 | 36.5 | NORMAL
2026-09-22 04:36:17 | WARD_B_TEMP_02 | 37.6 | WARNING
2026-09-22 04:36:17 | WARD_B_TEMP_03 | 40.4 | CRITICAL
2026-09-22 04:36:17 | WARD_B_TEMP_04 | 34.9 | CRITICAL
2026-09-22 04:36:17 | WARD_B_TEMP_05 | 36.1 | NORMAL
2026-09-22 04:36:18 | WARD_B_TEMP_01 | 35.2 | CRITICAL
2026-09-22 04:36:18 | WARD_B_TEMP_02 | 34.6 | CRITICAL
2026-09-22 04:36:18 | WARD_B_TEMP_03 | 35.8 | NORMAL
2026-09-22 04:36:18 | WARD_B_TEMP_04 | 35.9 | NORMAL
2026-09-22 04:36:18 | WARD_B_TEMP_05 | 34.7 | CRITICAL
2026-09-22 04:36:19 | WARD_B_TEMP_01 | 35.2 | CRITICAL
2026-09-22 04:36:19 | WARD_B_TEMP_02 | 38.4 | CRITICAL
2026-09-22 04:36:19 | WARD_B_TEMP_03 | 40.4 | CRITICAL
2026-09-22 04:36:19 | WARD_B_TEMP_04 | 37.2 | NORMAL
2026-09-22 04:36:19 | WARD_B_TEMP_05 | 40.1 | CRITICAL
2026-09-22 04:36:20 | WARD_B_TEMP_01 | 39.0 | CRITICAL
2026-09-22 04:36:20 | WARD_B_TEMP_02 | 36.2 | NORMAL
2026-09-22 04:36:20 | WARD_B_TEMP_03 | 37.9 | WARNING
2026-09-22 04:36:20 | WARD_B_TEMP_04 | 37.6 | WARNING
2026-09-22 04:36:20 | WARD_B_TEMP_05 | 38.5 | CRITICAL
2026-09-22 04:36:21 | WARD_B_TEMP_01 | 37.9 | WARNING
2026-09-22 04:36:21 | WARD_B_TEMP_02 | 38.8 | CRITICAL
2026-09-22 04:36:21 | WARD_B_TEMP_03 | 35.7 | NORMAL
2026-09-22 04:36:21 | WARD_B_TEMP_04 | 36.0 | NORMAL
2026-09-22 04:36:21 | WARD_B_TEMP_05 | 40.0 | CRITICAL
2026-09-22 04:36:22 | WARD_B_TEMP_01 | 38.4 | CRITICAL
2026-09-22 04:36:22 | WARD_B_TEMP_02 | 37.7 | WARNING
2026-09-22 04:36:22 | WARD_B_TEMP_03 | 38.3 | CRITICAL
2026-09-22 04:36:22 | WARD_B_TEMP_04 | 40.5 | CRITICAL
2026-09-22 04:36:22 | WARD_B_TEMP_05 | 36.7 | NORMAL
2026-09-22 04:36:23 | WARD_B_TEMP_01 | 39.8 | CRITICAL
2026-09-22 04:36:23 | WARD_B_TEMP_02 | 35.8 | NORMAL
2026-09-22 04:36:23 | WARD_B_TEMP_03 | 37.7 | WARNING
2026-09-22 04:36:23 | WARD_B_TEMP_04 | 35.9 | NORMAL
2026-09-22 04:36:23 | WARD_B_TEMP_05 | 40.5 | CRITICAL
2026-09-22 04:36:24 | WARD_B_TEMP_01 | 39.7 | CRITICAL
2026-09-22 04:36:24 | WARD_B_TEMP_02 | 39.5 | CRITICAL
2026-09-22 04:36:24 | WARD_B_TEMP_03 | 37.8 | WARNING
2026-09-22 04:36:24 | WARD_B_TEMP_04 | 39.5 | CRITICAL
2026-09-22 04:36:24 | WARD_B_TEMP_05 | 35.1 | CRITICAL
2026-09-22 04:36:25 | WARD_B_TEMP_01 | 39.7 | CRITICAL
2026-09-22 04:36:25 | WARD_B_TEMP_02 | 40.0 | CRITICAL
2026-09-22 04:36:25 | WARD_B_TEMP_03 | 39.3 | CRITICAL
2026-09-22 04:36:25 | WARD_B_TEMP_04 | 35.0 | CRITICAL
2026-09-22 04:36:25 | WARD_B_TEMP_05 | 37.4 | NORMAL
2026-09-22 04:36:26 | WARD_B_TEMP_01 | 36.8 | NORMAL
2026-09-22 04:36:26 | WARD_B_TEMP_02 | 34.6 | CRITICAL
2026-09-22 04:36:26 | WARD_B_TEMP_03 | 35.6 | NORMAL
2026-09-22 04:36:26 | WARD_B_TEMP_04 | 35.4 | CRITICAL
2026-09-22 04:36:26 | WARD_B_TEMP_05 | 35.0 | CRITICAL
2026-09-22 04:36:27 | WARD_B_TEMP_01 | 35.8 | NORMAL
2026-09-22 04:36:27 | WARD_B_TEMP_02 | 36.3 | NORMAL
2026-09-22 04:36:27 | WARD_B_TEMP_03 | 40.4 | CRITICAL
2026-09-22 04:36:27 | WARD_B_TEMP_04 | 39.0 | CRITICAL
2026-09-22 04:36:27 | WARD_B_TEMP_05 | 38.1 | CRITICAL
2026-09-22 04:36:28 | WARD_B_TEMP_01 | 37.8 | WARNING
2026-09-22 04:36:28 | WARD_B_TEMP_02 | 38.2 | CRITICAL
2026-09-22 04:36:28 | WARD_B_TEMP_03 | 39.7 | CRITICAL
2026-09-22 04:36:28 | WARD_B_TEMP_04 | 35.9 | NORMAL
2026-09-22 04:36:28 | WARD_B_TEMP_05 | 37.7 | WARNING
2026-09-22 04:36:29 | WARD_B_TEMP_01 | 34.8 | CRITICAL
2026-09-22 04:36:29 | WARD_B_TEMP_02 | 35.3 | CRITICAL
2026-09-22 04:36:29 | WARD_B_TEMP_03 | 39.0 | CRITICAL
2026-09-22 04:36:29 | WARD_B_TEMP_04 | 36.7 | NORMAL
2026-09-22 04:36:29 | WARD_B_TEMP_05 | 35.7 | NORMAL
2026-09-22 04:36:30 | WARD_B_TEMP_01 | 38.6 | CRITICAL
2026-09-22 04:36:30 | WARD_B_TEMP_02 | 36.9 | NORMAL
2026-09-22 04:36:30 | WARD_B_TEMP_03 | 35.4 | CRITICAL
2026-09-22 04:36:30 | WARD_B_TEMP_04 | 39.5 | CRITICAL
2026-09-22 04:36:30 | WARD_B_TEMP_05 | 38.1 | CRITICAL
2026-09-22 04:36:31 | WARD_B_TEMP_01 | 35.1 | CRITICAL
2026-09-22 04:36:31 | WARD_B_TEMP_02 | 35.5 | NORMAL
2026-09-22 04:36:31 | WARD_B_TEMP_03 | 40.2 | CRITICAL
2026-09-22 04:36:31 | WARD_B_TEMP_04 | 39.6 | CRITICAL
2026-09-22 04:36:31 | WARD_B_TEMP_05 | 36.5 | NORMAL
2026-09-22 04:36:32 | WARD_B_TEMP_01 | 40.1 | CRITICAL
2026-09-22 04:36:32 | WARD_B_TEMP_02 | 35.0 | CRITICAL
2026-09-22 04:36:32 | WARD_B_TEMP_03 | 40.2 | CRITICAL
2026-09-22 04:36:32 | WARD_B_TEMP_04 | 39.5 | CRITICAL
2026-09-22 04:36:32 | WARD_B_TEMP_05 | 37.1 | NORMAL
2026-09-22 04:36:33 | WARD_B_TEMP_01 | 35.2 | CRITICAL
2026-09-22 04:36:33 | WARD_B_TEMP_02 | 35.2 | CRITICAL
2026-09-22 04:36:33 | WARD_B_TEMP_03 | 40.0 | CRITICAL
2026-09-22 04:36:33 | WARD_B_TEMP_04 | 37.4 | NORMAL
2026-09-22 04:36:33 | WARD_B_TEMP_05 | 39.0 | CRITICAL
2026-09-22 04:36:34 | WARD_B_TEMP_01 | 35.0 | CRITICAL
2026-09-22 04:36:34 | WARD_B_TEMP_02 | 35.1 | CRITICAL
2026-09-22 04:36:34 | WARD_B_TEMP_03 | 37.2 | NORMAL
2026-09-22 04:36:34 | WARD_B_TEMP_04 | 37.5 | WARNING
2026-09-22 04:36:34 | WARD_B_TEMP_05 | 38.2 | CRITICAL
2026-09-22 04:36:35 | WARD_B_TEMP_01 | 38.7 | CRITICAL
2026-09-22 04:36:35 | WARD_B_TEMP_02 | 36.6 | NORMAL
2026-09-22 04:36:35 | WARD_B_TEMP_03 | 36.0 | NORMAL
2026-09-22 04:36:35 | WARD_B_TEMP_04 | 36.9 | NORMAL
2026-09-22 04:36:35 | WARD_B_TEMP_05 | 40.0 | CRITICAL
2026-09-22 04:36:36 | WARD_B_TEMP_01 | 37.5 | WARNING
2026-09-22 04:36:36 | WARD_B_TEMP_02 | 34.6 | CRITICAL
2026-09-22 04:36:36 | WARD_B_TEMP_03 | 37.1 | NORMAL
2026-09-22 04:36:36 | WARD_B_TEMP_04 | 36.5 | NORMAL
2026-09-22 04:36:36 | WARD_B_TEMP_05 | 35.5 | NORMAL
2026-09-22 04:36:37 | WARD_B_TEMP_01 | 35.4 | CRITICAL
2026-09-22 04:36:37 | WARD_B_TEMP_02 | 39.5 | CRITICAL
2026-09-22 04:36:37 | WARD_B_TEMP_03 | 39.4 | CRITICAL
2026-09-22 04:36:37 | WARD_B_TEMP_04 | 38.0 | WARNING
2026-09-22 04:36:37 | WARD_B_TEMP_05 | 40.4 | CRITICAL
2026-09-22 04:36:38 | WARD_B_TEMP_01 | 37.8 | WARNING
2026-09-22 04:36:38 | WARD_B_TEMP_02 | 40.4 | CRITICAL
2026-09-22 04:36:38 | WARD_B_TEMP_03 | 40.3 | CRITICAL
2026-09-22 04:36:38 | WARD_B_TEMP_04 | 36.4 | NORMAL
2026-09-22 04:36:38 | WARD_B_TEMP_05 | 40.4 | CRITICAL
2026-09-22 04:36:39 | WARD_B_TEMP_01 | 39.2 | CRITICAL
2026-09-22 04:36:39 | WARD_B_TEMP_02 | 37.4 | NORMAL
2026-09-22 04:36:39 | WARD_B_TEMP_03 | 40.1 | CRITICAL
2026-09-22 04:36:39 | WARD_B_TEMP_04 | 34.5 | CRITICAL
2026-09-22 04:36:39 | WARD_B_TEMP_05 | 39.8 | CRITICAL
2026-09-22 04:36:40 | WARD_B_TEMP_01 | 40.3 | CRITICAL
2026-09-22 04:36:40 | WARD_B_TEMP_02 | 39.4 | CRITICAL
2026-09-22 04:36:40 | WARD_B_TEMP_03 | 36.4 | NORMAL
2026-09-22 04:36:40 | WARD_B_TEMP_04 | 35.5 | NORMAL
2026-09-22 04:36:40 | WARD_B_TEMP_05 | 38.0 | WARNING
2026-09-22 04:36:41 | WARD_B_TEMP_01 | 38.8 | CRITICAL
2026-09-22 04:36:41 | WARD_B_TEMP_02 | 35.9 | NORMAL
2026-09-22 04:36:41 | WARD_B_TEMP_03 | 36.6 | NORMAL
2026-09-22 04:36:41 | WARD_B_TEMP_04 | 36.4 | NORMAL
2026-09-22 04:36:41 | WARD_B_TEMP_05 | 39.8 | CRITICAL
2026-09-22 04:36:42 | WARD_B_TEMP_01 | 37.8 | WARNING
2026-09-22 04:36:42 | WARD_B_TEMP_02 | 37.7 | WARNING
2026-09-22 04:36:42 | WARD_B_TEMP_03 | 38.0 | WARNING
2026-09-22 04:36:42 | WARD_B_TEMP_04 | 35.9 | NORMAL
2026-09-22 04:36:42 | WARD_B_TEMP_05 | 35.0 | CRITICAL
2026-09-22 04:36:43 | WARD_B_TEMP_01 | 36.4 | NORMAL
2026-09-22 04:36:43 | WARD_B_TEMP_02 | 37.3 | NORMAL
2026-09-22 04:36:43 | WARD_B_TEMP_03 | 38.8 | CRITICAL
2026-09-22 04:36:43 | WARD_B_TEMP_04 | 38.0 | WARNING
2026-09-22 04:36:43 | WARD_B_TEMP_05 | 38.0 | WARNING
2026-09-22 04:36:44 | WARD_B_TEMP_01 | 38.4 | CRITICAL
2026-09-22 04:36:44 | WARD_B_TEMP_02 | 39.7 | CRITICAL
2026-09-22 04:36:44 | WARD_B_TEMP_03 | 37.1 | NORMAL
2026-09-22 04:36:44 | WARD_B_TEMP_04 | 36.2 | NORMAL
2026-09-22 04:36:44 | WARD_B_TEMP_05 | 37.7 | WARNING
2026-09-22 04:36:45 | WARD_B_TEMP_01 | 37.5 | WARNING
2026-09-22 04:36:45 | WARD_B_TEMP_02 | 36.6 | NORMAL
2026-09-22 04:36:45 | WARD_B_TEMP_03 | 40.0 | CRITICAL
2026-09-22 04:36:45 | WARD_B_TEMP_04 | 39.7 | CRITICAL
2026-09-22 04:36:45 | WARD_B_TEMP_05 | 37.2 | NORMAL
2026-09-22 04:36:46 | WARD_B_TEMP_01 | 35.3 | CRITICAL
2026-09-22 04:36:46 | WARD_B_TEMP_02 | 35.2 | CRITICAL
2026-09-22 04:36:46 | WARD_B_TEMP_03 | 39.7 | CRITICAL
2026-09-22 04:36:46 | WARD_B_TEMP_04 | 38.6 | CRITICAL
2026-09-22 04:36:46 | WARD_B_TEMP_05 | 39.9 | CRITICAL
2026-09-22 04:36:47 | WARD_B_TEMP_01 | 35.2 | CRITICAL
2026-09-22 04:36:47 | WARD_B_TEMP_02 | 37.2 | NORMAL
2026-09-22 04:36:47 | WARD_B_TEMP_03 | 34.6 | CRITICAL
2026-09-22 04:36:47 | WARD_B_TEMP_04 | 38.8 | CRITICAL
2026-09-22 04:36:47 | WARD_B_TEMP_05 | 37.6 | WARNING
2026-09-22 04:36:48 | WARD_B_TEMP_01 | 36.3 | NORMAL
2026-09-22 04:36:48 | WARD_B_TEMP_02 | 38.5 | CRITICAL
2026-09-22 04:36:48 | WARD_B_TEMP_03 | 38.7 | CRITICAL
2026-09-22 04:36:48 | WARD_B_TEMP_04 | 36.3 | NORMAL
2026-09-22 04:36:48 | WARD_B_TEMP_05 | 39.2 | CRITICAL
2026-09-22 04:36:49 | WARD_B_TEMP_01 | 38.7 | CRITICAL
2026-09-22 04:36:49 | WARD_B_TEMP_02 | 40.2 | CRITICAL
2026-09-22 04:36:49 | WARD_B_TEMP_03 | 39.5 | CRITICAL
2026-09-22 04:36:49 | WARD_B_TEMP_04 | 40.4 | CRITICAL
2026-09-22 04:36:49 | WARD_B_TEMP_05 | 38.4 | CRITICAL
2026-09-22 04:36:50 | WARD_B_TEMP_01 | 38.8 | CRITICAL
2026-09-22 04:36:50 | WARD_B_TEMP_02 | 40.2 | CRITICAL
2026-09-22 04:36:50 | WARD_B_TEMP_03 | 36.4 | NORMAL
2026-09-22 04:36:50 | WARD_B_TEMP_04 | 39.9 | CRITICAL
2026-09-22 04:36:50 | WARD_B_TEMP_05 | 35.7 | NORMAL
2026-09-22 04:36:51 | WARD_B_TEMP_01 | 39.2 | CRITICAL
2026-09-22 04:36:51 | WARD_B_TEMP_02 | 40.3 | CRITICAL
2026-09-22 04:36:51 | WARD_B_TEMP_03 | 38.3 | CRITICAL
2026-09-22 04:36:51 | WARD_B_TEMP_04 | 39.0 | CRITICAL
2026-09-22 04:36:51 | WARD_B_TEMP_05 | 39.0 | CRITICAL
2026-09-22 04:36:52 | WARD_B_TEMP_01 | 35.6 | NORMAL
2026-09-22 04:36:52 | WARD_B_TEMP_02 | 38.6 | CRITICAL
2026-09-22 04:36:52 | WARD_B_TEMP_03 | 35.8 | NORMAL
2026-09-22 04:36:52 | WARD_B_TEMP_04 | 36.4 | NORMAL
2026-09-22 04:36:52 | WARD_B_TEMP_05 | 39.9 | CRITICAL
2026-09-22 04:36:53 | WARD_B_TEMP_01 | 38.8 | CRITICAL
2026-09-22 04:36:53 | WARD_B_TEMP_02 | 37.7 | WARNING
2026-09-22 04:36:53 | WARD_B_TEMP_03 | 37.7 | WARNING
2026-09-22 04:36:53 | WARD_B_TEMP_04 | 35.0 | CRITICAL
2026-09-22 04:36:53 | WARD_B_TEMP_05 | 35.8 | NORMAL
2026-09-22 04:36:54 | WARD_B_TEMP_01 | 36.2 | NORMAL
2026-09-22 04:36:54 | WARD_B_TEMP_02 | 35.7 | NORMAL
2026-09-22 04:36:54 | WARD_B_TEMP_03 | 36.0 | NORMAL
2026-09-22 04:36:54 | WARD_B_TEMP_04 | 38.7 | CRITICAL
2026-09-22 04:36:54 | WARD_B_TEMP_05 | 38.7 | CRITICAL
2026-09-22 04:36:55 | WARD_B_TEMP_01 | 40.0 | CRITICAL
2026-09-22 04:36:55 | WARD_B_TEMP_02 | 39.8 | CRITICAL
2026-09-22 04:36:55 | WARD_B_TEMP_03 | 36.0 | NORMAL
2026-09-22 04:36:55 | WARD_B_TEMP_04 | 38.8 | CRITICAL
2026-09-22 04:36:55 | WARD_B_TEMP_05 | 40.3 | CRITICAL
2026-09-22 04:36:56 | WARD_B_TEMP_01 | 37.4 | NORMAL
2026-09-22 04:36:56 | WARD_B_TEMP_02 | 34.8 | CRITICAL
2026-09-22 04:36:56 | WARD_B_TEMP_03 | 35.1 | CRITICAL
2026-09-22 04:36:56 | WARD_B_TEMP_04 | 35.7 | NORMAL
2026-09-22 04:36:56 | WARD_B_TEMP_05 | 37.7 | WARNING
2026-09-22 04:36:57 | WARD_B_TEMP_01 | 38.7 | CRITICAL
2026-09-22 04:36:57 | WARD_B_TEMP_02 | 34.9 | CRITICAL
2026-09-22 04:36:57 | WARD_B_TEMP_03 | 40.0 | CRITICAL
2026-09-22 04:36:57 | WARD_B_TEMP_04 | 39.3 | CRITICAL
2026-09-22 04:36:57 | WARD_B_TEMP_05 | 37.8 | WARNING
2026-09-22 04:36:58 | WARD_B_TEMP_01 | 35.2 | CRITICAL
2026-09-22 04:36:58 | WARD_B_TEMP_02 | 36.6 | NORMAL
2026-09-22 04:36:58 | WARD_B_TEMP_03 | 35.6 | NORMAL
2026-09-22 04:36:58 | WARD_B_TEMP_04 | 39.0 | CRITICAL
2026-09-22 04:36:58 | WARD_B_TEMP_05 | 38.8 | CRITICAL
2026-09-22 04:36:59 | WARD_B_TEMP_01 | 34.6 | CRITICAL
2026-09-22 04:36:59 | WARD_B_TEMP_02 | 40.4 | CRITICAL
2026-09-22 04:36:59 | WARD_B_TEMP_03 | 35.6 | NORMAL
2026-09-22 04:36:59 | WARD_B_TEMP_04 | 39.1 | CRITICAL
2026-09-22 04:36:59 | WARD_B_TEMP_05 | 40.1 | CRITICAL
2026-09-22 04:37:00 | WARD_B_TEMP_01 | 38.8 | CRITICAL
2026-09-22 04:37:00 | WARD_B_TEMP_02 | 37.1 | NORMAL
2026-09-22 04:37:00 | WARD_B_TEMP_03 | 35.4 | CRITICAL
2026-09-22 04:37:00 | WARD_B_TEMP_04 | 35.9 | NORMAL
2026-09-22 04:37:00 | WARD_B_TEMP_05 | 38.7 | CRITICAL
2026-09-22 04:37:01 | WARD_B_TEMP_01 | 39.4 | CRITICAL
2026-09-22 04:37:01 | WARD_B_TEMP_02 | 39.6 | CRITICAL
2026-09-22 04:37:01 | WARD_B_TEMP_03 | 35.3 | CRITICAL
2026-09-22 04:37:01 | WARD_B_TEMP_04 | 36.4 | NORMAL
2026-09-22 04:37:01 | WARD_B_TEMP_05 | 34.7 | CRITICAL
2026-09-22 04:37:02 | WARD_B_TEMP_01 | 37.6 | WARNING
2026-09-22 04:37:02 | WARD_B_TEMP_02 | 35.7 | NORMAL
2026-09-22 04:37:02 | WARD_B_TEMP_03 | 38.1 | CRITICAL
2026-09-22 04:37:02 | WARD_B_TEMP_04 | 38.4 | CRITICAL
2026-09-22 04:37:02 | WARD_B_TEMP_05 | 37.9 | WARNING
2026-09-22 04:37:03 | WARD_B_TEMP_01 | 39.8 | CRITICAL
2026-09-22 04:37:03 | WARD_B_TEMP_02 | 36.8 | NORMAL
2026-09-22 04:37:03 | WARD_B_TEMP_03 | 37.8 | WARNING
2026-09-22 04:37:03 | WARD_B_TEMP_04 | 40.0 | CRITICAL
2026-09-22 04:37:03 | WARD_B_TEMP_05 | 39.7 | CRITICAL
2026-09-22 04:37:04 | WARD_B_TEMP_01 | 34.6 | CRITICAL
2026-09-22 04:37:04 | WARD_B_TEMP_02 | 36.4 | NORMAL
2026-09-22 04:37:04 | WARD_B_TEMP_03 | 37.8 | WARNING
2026-09-22 04:37:04 | WARD_B_TEMP_04 | 35.8 | NORMAL
2026-09-22 04:37:04 | WARD_B_TEMP_05 | 37.5 | WARNING
2026-09-22 04:37:05 | WARD_B_TEMP_01 | 35.9 | NORMAL
2026-09-22 04:37:05 | WARD_B_TEMP_02 | 37.2 | NORMAL
2026-09-22 04:37:05 | WARD_B_TEMP_03 | 37.1 | NORMAL
2026-09-22 04:37:05 | WARD_B_TEMP_04 | 37.5 | WARNING
2026-09-22 04:37:05 | WARD_B_TEMP_05 | 37.9 | WARNING
2026-09-22 04:37:06 | WARD_B_TEMP_01 | 37.2 | NORMAL
2026-09-22 04:37:06 | WARD_B_TEMP_02 | 34.7 | CRITICAL
2026-09-22 04:37:06 | WARD_B_TEMP_03 | 38.5 | CRITICAL
2026-09-22 04:37:06 | WARD_B_TEMP_04 | 36.7 | NORMAL
2026-09-22 04:37:06 | WARD_B_TEMP_05 | 39.6 | CRITICAL
2026-09-22 04:37:07 | WARD_B_TEMP_01 | 36.7 | NORMAL
2026-09-22 04:37:07 | WARD_B_TEMP_02 | 35.8 | NORMAL
2026-09-22 04:37:07 | WARD_B_TEMP_03 | 37.3 | NORMAL
2026-09-22 04:37:07 | WARD_B_TEMP_04 | 40.4 | CRITICAL
2026-09-22 04:37:07 | WARD_B_TEMP_05 | 37.8 | WARNING
2026-09-22 04:37:08 | WARD_B_TEMP_01 | 38.0 | WARNING
2026-09-22 04:37:08 | WARD_B_TEMP_02 | 38.0 | WARNING
2026-09-22 04:37:08 | WARD_B_TEMP_03 | 37.7 | WARNING
2026-09-22 04:37:08 | WARD_B_TEMP_04 | 37.6 | WARNING
2026-09-22 04:37:08 | WARD_B_TEMP_05 | 40.4 | CRITICAL
2026-09-22 04:37:09 | WARD_B_TEMP_01 | 36.3 | NORMAL
2026-09-22 04:37:09 | WARD_B_TEMP_02 | 38.4 | CRITICAL
2026-09-22 04:37:09 | WARD_B_TEMP_03 | 39.2 | CRITICAL
2026-09-22 04:37:09 | WARD_B_TEMP_04 | 35.4 | CRITICAL
2026-09-22 04:37:09 | WARD_B_TEMP_05 | 40.3 | CRITICAL
2026-09-22 04:37:10 | WARD_B_TEMP_01 | 36.1 | NORMAL
2026-09-22 04:37:10 | WARD_B_TEMP_02 | 40.0 | CRITICAL
2026-09-22 04:37:10 | WARD_B_TEMP_03 | 36.4 | NORMAL
2026-09-22 04:37:10 | WARD_B_TEMP_04 | 36.2 | NORMAL
2026-09-22 04:37:10 | WARD_B_TEMP_05 | 39.8 | CRITICAL
2026-09-22 04:37:11 | WARD_B_TEMP_01 | 34.8 | CRITICAL
2026-09-22 04:37:11 | WARD_B_TEMP_02 | 34.6 | CRITICAL
2026-09-22 04:37:11 | WARD_B_TEMP_03 | 36.3 | NORMAL
2026-09-22 04:37:11 | WARD_B_TEMP_04 | 37.8 | WARNING
2026-09-22 04:37:11 | WARD_B_TEMP_05 | 36.9 | NORMAL
2026-09-22 04:37:12 | WARD_B_TEMP_01 | 38.3 | CRITICAL
2026-09-22 04:37:12 | WARD_B_TEMP_02 | 40.2 | CRITICAL
2026-09-22 04:37:12 | WARD_B_TEMP_03 | 36.6 | NORMAL
2026-09-22 04:37:12 | WARD_B_TEMP_04 | 38.4 | CRITICAL
2026-09-22 04:37:12 | WARD_B_TEMP_05 | 39.0 | CRITICAL
2026-09-22 04:37:13 | WARD_B_TEMP_01 | 37.6 | WARNING
2026-09-22 04:37:13 | WARD_B_TEMP_02 | 35.7 | NORMAL
2026-09-22 04:37:13 | WARD_B_TEMP_03 | 37.7 | WARNING
2026-09-22 04:37:13 | WARD_B_TEMP_04 | 36.3 | NORMAL
2026-09-22 04:37:13 | WARD_B_TEMP_05 | 37.6 | WARNING
2026-09-22 04:37:14 | WARD_B_TEMP_01 | 35.6 | NORMAL
2026-09-22 04:37:14 | WARD_B_TEMP_02 | 37.1 | NORMAL
2026-09-22 04:37:14 | WARD_B_TEMP_03 | 34.8 | CRITICAL
2026-09-22 04:37:14 | WARD_B_TEMP_04 | 37.2 | NORMAL
2026-09-22 04:37:14 | WARD_B_TEMP_05 | 35.7 | NORMAL
2026-09-22 04:37:15 | WARD_B_TEMP_01 | 39.3 | CRITICAL
2026-09-22 04:37:15 | WARD_B_TEMP_02 | 36.5 | NORMAL
2026-09-22 04:37:15 | WARD_B_TEMP_03 | 38.5 | CRITICAL
2026-09-22 04:37:15 | WARD_B_TEMP_04 | 35.0 | CRITICAL
2026-09-22 04:37:15 | WARD_B_TEMP_05 | 35.3 | CRITICAL
2026-09-22 04:37:16 | WARD_B_TEMP_01 | 40.3 | CRITICAL
2026-09-22 04:37:16 | WARD_B_TEMP_02 | 39.8 | CRITICAL
2026-09-22 04:37:16 | WARD_B_TEMP_03 | 34.9 | CRITICAL
2026-09-22 04:37:16 | WARD_B_TEMP_04 | 38.0 | WARNING
2026-09-22 04:37:16 | WARD_B_TEMP_05 | 37.9 | WARNING
2026-09-22 04:37:17 | WARD_B_TEMP_01 | 38.4 | CRITICAL
2026-09-22 04:37:17 | WARD_B_TEMP_02 | 35.9 | NORMAL
2026-09-22 04:37:17 | WARD_B_TEMP_03 | 36.8 | NORMAL
2026-09-22 04:37:17 | WARD_B_TEMP_04 | 37.3 | NORMAL
2026-09-22 04:37:17 | WARD_B_TEMP_05 | 36.2 | NORMAL
2026-09-22 04:37:18 | WARD_B_TEMP_01 | 38.5 | CRITICAL
2026-09-22 04:37:18 | WARD_B_TEMP_02 | 36.2 | NORMAL
2026-09-22 04:37:18 | WARD_B_TEMP_03 | 38.8 | CRITICAL
2026-09-22 04:37:18 | WARD_B_TEMP_04 | 34.8 | CRITICAL
2026-09-22 04:37:18 | WARD_B_TEMP_05 | 37.9 | WARNING
2026-09-22 04:37:19 | WARD_B_TEMP_01 | 38.2 | CRITICAL
2026-09-22 04:37:19 | WARD_B_TEMP_02 | 39.8 | CRITICAL
2026-09-22 04:37:19 | WARD_B_TEMP_03 | 38.8 | CRITICAL
2026-09-22 04:37:19 | WARD_B_TEMP_04 | 38.8 | CRITICAL
2026-09-22 04:37:19 | WARD_B_TEMP_05 | 36.4 | NORMAL
2026-09-22 04:37:20 | WARD_B_TEMP_01 | 40.4 | CRITICAL
2026-09-22 04:37:20 | WARD_B_TEMP_02 | 36.3 | NORMAL
2026-09-22 04:37:20 | WARD_B_TEMP_03 | 37.2 | NORMAL
2026-09-22 04:37:20 | WARD_B_TEMP_04 | 35.0 | CRITICAL
2026-09-22 04:37:20 | WARD_B_TEMP_05 | 37.1 | NORMAL
2026-09-22 04:37:21 | WARD_B_TEMP_01 | 38.3 | CRITICAL
2026-09-22 04:37:21 | WARD_B_TEMP_02 | 36.1 | NORMAL
2026-09-22 04:37:21 | WARD_B_TEMP_03 | 38.0 | WARNING
2026-09-22 04:37:21 | WARD_B_TEMP_04 | 36.8 | NORMAL
2026-09-22 04:37:21 | WARD_B_TEMP_05 | 34.8 | CRITICAL
2026-09-22 04:37:22 | WARD_B_TEMP_01 | 38.9 | CRITICAL
2026-09-22 04:37:22 | WARD_B_TEMP_02 | 35.7 | NORMAL
2026-09-22 04:37:22 | WARD_B_TEMP_03 | 37.0 | NORMAL
2026-09-22 04:37:22 | WARD_B_TEMP_04 | 36.5 | NORMAL
2026-09-22 04:37:22 | WARD_B_TEMP_05 | 38.1 | CRITICAL
2026-09-22 04:37:23 | WARD_B_TEMP_01 | 36.3 | NORMAL
2026-09-22 04:37:23 | WARD_B_TEMP_02 | 40.3 | CRITICAL
2026-09-22 04:37:23 | WARD_B_TEMP_03 | 40.1 | CRITICAL
2026-09-22 04:37:23 | WARD_B_TEMP_04 | 39.3 | CRITICAL
2026-09-22 04:37:23 | WARD_B_TEMP_05 | 39.2 | CRITICAL
2026-09-22 04:37:24 | WARD_B_TEMP_01 | 37.7 | WARNING
2026-09-22 04:37:24 | WARD_B_TEMP_02 | 37.8 | WARNING
2026-09-22 04:37:24 | WARD_B_TEMP_03 | 37.9 | WARNING
2026-09-22 04:37:24 | WARD_B_TEMP_04 | 38.9 | CRITICAL
2026-09-22 04:37:24 | WARD_B_TEMP_05 | 40.3 | CRITICAL
2026-09-22 04:37:25 | WARD_B_TEMP_01 | 39.4 | CRITICAL
2026-09-22 04:37:25 | WARD_B_TEMP_02 | 34.8 | CRITICAL
2026-09-22 04:37:25 | WARD_B_TEMP_03 | 38.0 | WARNING
2026-09-22 04:37:25 | WARD_B_TEMP_04 | 39.6 | CRITICAL
2026-09-22 04:37:25 | WARD_B_TEMP_05 | 36.2 | NORMAL
2026-09-22 04:37:26 | WARD_B_TEMP_01 | 38.4 | CRITICAL
2026-09-22 04:37:26 | WARD_B_TEMP_02 | 35.0 | CRITICAL
2026-09-22 04:37:26 | WARD_B_TEMP_03 | 36.5 | NORMAL
2026-09-22 04:37:26 | WARD_B_TEMP_04 | 37.2 | NORMAL
2026-09-22 04:37:26 | WARD_B_TEMP_05 | 37.5 | WARNING
2026-09-22 04:37:27 | WARD_B_TEMP_01 | 38.4 | CRITICAL
2026-09-22 04:37:27 | WARD_B_TEMP_02 | 34.9 | CRITICAL
2026-09-22 04:37:27 | WARD_B_TEMP_03 | 34.9 | CRITICAL
2026-09-22 04:37:27 | WARD_B_TEMP_04 | 40.0 | CRITICAL
2026-09-22 04:37:27 | WARD_B_TEMP_05 | 35.1 | CRITICAL
2026-09-22 04:37:28 | WARD_B_TEMP_01 | 39.8 | CRITICAL
2026-09-22 04:37:28 | WARD_B_TEMP_02 | 39.8 | CRITICAL
2026-09-22 04:37:28 | WARD_B_TEMP_03 | 39.4 | CRITICAL
2026-09-22 04:37:28 | WARD_B_TEMP_04 | 38.7 | CRITICAL
2026-09-22 04:37:28 | WARD_B_TEMP_05 | 37.8 | WARNING
2026-09-22 04:37:29 | WARD_B_TEMP_01 | 40.2 | CRITICAL
2026-09-22 04:37:29 | WARD_B_TEMP_02 | 38.5 | CRITICAL
2026-09-22 04:37:29 | WARD_B_TEMP_03 | 39.2 | CRITICAL
2026-09-22 04:37:29 | WARD_B_TEMP_04 | 38.9 | CRITICAL
2026-09-22 04:37:29 | WARD_B_TEMP_05 | 35.0 | CRITICAL
2026-09-22 04:37:30 | WARD_B_TEMP_01 | 39.3 | CRITICAL
2026-09-22 04:37:30 | WARD_B_TEMP_02 | 39.1 | CRITICAL
2026-09-22 04:37:30 | WARD_B_TEMP_03 | 36.7 | NORMAL
2026-09-22 04:37:30 | WARD_B_TEMP_04 | 34.6 | CRITICAL
2026-09-22 04:37:30 | WARD_B_TEMP_05 | 38.9 | CRITICAL
2026-09-22 04:37:31 | WARD_B_TEMP_01 | 35.1 | CRITICAL
2026-09-22 04:37:31 | WARD_B_TEMP_02 | 38.1 | CRITICAL
2026-09-22 04:37:31 | WARD_B_TEMP_03 | 35.2 | CRITICAL
2026-09-22 04:37:31 | WARD_B_TEMP_04 | 39.2 | CRITICAL
2026-09-22 04:37:31 | WARD_B_TEMP_05 | 34.8 | CRITICAL
2026-09-22 04:37:32 | WARD_B_TEMP_01 | 39.1 | CRITICAL
2026-09-22 04:37:32 | WARD_B_TEMP_02 | 36.7 | NORMAL
2026-09-22 04:37:32 | WARD_B_TEMP_03 | 39.5 | CRITICAL
2026-09-22 04:37:32 | WARD_B_TEMP_04 | 40.4 | CRITICAL
2026-09-22 04:37:32 | WARD_B_TEMP_05 | 40.1 | CRITICAL
2026-09-22 04:37:33 | WARD_B_TEMP_01 | 39.6 | CRITICAL
2026-09-22 04:37:33 | WARD_B_TEMP_02 | 38.0 | WARNING
2026-09-22 04:37:33 | WARD_B_TEMP_03 | 36.9 | NORMAL
2026-09-22 04:37:33 | WARD_B_TEMP_04 | 40.3 | CRITICAL
2026-09-22 04:37:33 | WARD_B_TEMP_05 | 37.3 | NORMAL
2026-09-22 04:37:34 | WARD_B_TEMP_01 | 35.1 | CRITICAL
2026-09-22 04:37:34 | WARD_B_TEMP_02 | 39.3 | CRITICAL
2026-09-22 04:37:34 | WARD_B_TEMP_03 | 36.1 | NORMAL
2026-09-22 04:37:34 | WARD_B_TEMP_04 | 35.7 | NORMAL
2026-09-22 04:37:34 | WARD_B_TEMP_05 | 34.9 | CRITICAL
2026-09-22 04:37:35 | WARD_B_TEMP_01 | 38.7 | CRITICAL
2026-09-22 04:37:35 | WARD_B_TEMP_02 | 40.1 | CRITICAL
2026-09-22 04:37:35 | WARD_B_TEMP_03 | 38.2 | CRITICAL
2026-09-22 04:37:35 | WARD_B_TEMP_04 | 39.1 | CRITICAL
2026-09-22 04:37:35 | WARD_B_TEMP_05 | 35.9 | NORMAL
2026-09-22 04:37:36 | WARD_B_TEMP_01 | 36.6 | NORMAL
2026-09-22 04:37:36 | WARD_B_TEMP_02 | 34.6 | CRITICAL
2026-09-22 04:37:36 | WARD_B_TEMP_03 | 37.6 | WARNING
2026-09-22 04:37:36 | WARD_B_TEMP_04 | 35.9 | NORMAL
2026-09-22 04:37:36 | WARD_B_TEMP_05 | 38.8 | CRITICAL
2026-09-22 04:37:37 | WARD_B_TEMP_01 | 36.6 | NORMAL
2026-09-22 04:37:37 | WARD_B_TEMP_02 | 38.1 | CRITICAL
2026-09-22 04:37:37 | WARD_B_TEMP_03 | 36.6 | NORMAL
2026-09-22 04:37:37 | WARD_B_TEMP_04 | 37.9 | WARNING
2026-09-22 04:37:37 | WARD_B_TEMP_05 | 36.1 | NORMAL
2026-09-22 04:37:38 | WARD_B_TEMP_01 | 35.5 | NORMAL
2026-09-22 04:37:38 | WARD_B_TEMP_02 | 39.6 | CRITICAL
2026-09-22 04:37:38 | WARD_B_TEMP_03 | 38.3 | CRITICAL
2026-09-22 04:37:38 | WARD_B_TEMP_04 | 39.6 | CRITICAL
2026-09-22 04:37:38 | WARD_B_TEMP_05 | 38.7 | CRITICAL
2026-09-22 04:37:39 | WARD_B_TEMP_01 | 37.9 | WARNING
2026-09-22 04:37:39 | WARD_B_TEMP_02 | 40.1 | CRITICAL
2026-09-22 04:37:39 | WARD_B_TEMP_03 | 38.8 | CRITICAL
2026-09-22 04:37:39 | WARD_B_TEMP_04 | 38.4 | CRITICAL
2026-09-22 04:37:39 | WARD_B_TEMP_05 | 35.5 | NORMAL
2026-09-22 04:37:40 | WARD_B_TEMP_01 | 37.4 | NORMAL
2026-09-22 04:37:40 | WARD_B_TEMP_02 | 34.7 | CRITICAL
2026-09-22 04:37:40 | WARD_B_TEMP_03 | 38.1 | CRITICAL
2026-09-22 04:37:40 | WARD_B_TEMP_04 | 35.4 | CRITICAL
2026-09-22 04:37:40 | WARD_B_TEMP_05 | 36.4 | NORMAL
2026-09-22 04:37:41 | WARD_B_TEMP_01 | 36.4 | NORMAL
2026-09-22 04:37:41 | WARD_B_TEMP_02 | 37.0 | NORMAL
2026-09-22 04:37:41 | WARD_B_TEMP_03 | 38.6 | CRITICAL
2026-09-22 04:37:41 | WARD_B_TEMP_04 | 35.3 | CRITICAL
2026-09-22 04:37:41 | WARD_B_TEMP_05 | 36.3 | NORMAL
2026-09-22 04:37:42 | WARD_B_TEMP_01 | 37.6 | WARNING
2026-09-22 04:37:42 | WARD_B_TEMP_02 | 38.9 | CRITICAL
2026-09-22 04:37:42 | WARD_B_TEMP_03 | 39.1 | CRITICAL
2026-09-22 04:37:42 | WARD_B_TEMP_04 | 39.5 | CRITICAL
2026-09-22 04:37:42 | WARD_B_TEMP_05 | 37.5 | WARNING
2026-09-22 04:37:43 | WARD_B_TEMP_01 | 38.3 | CRITICAL
2026-09-22 04:37:43 | WARD_B_TEMP_02 | 39.6 | CRITICAL
2026-09-22 04:37:43 | WARD_B_TEMP_03 | 39.6 | CRITICAL
2026-09-22 04:37:43 | WARD_B_TEMP_04 | 38.0 | WARNING
2026-09-22 04:37:43 | WARD_B_TEMP_05 | 37.0 | NORMAL
2026-09-22 04:37:44 | WARD_B_TEMP_01 | 38.7 | CRITICAL
2026-09-22 04:37:44 | WARD_B_TEMP_02 | 35.7 | NORMAL
2026-09-22 04:37:44 | WARD_B_TEMP_03 | 37.3 | NORMAL
2026-09-22 04:37:44 | WARD_B_TEMP_04 | 34.8 | CRITICAL
2026-09-22 04:37:44 | WARD_B_TEMP_05 | 38.7 | CRITICAL
2026-09-22 04:37:45 | WARD_B_TEMP_01 | 36.8 | NORMAL
2026-09-22 04:37:45 | WARD_B_TEMP_02 | 39.9 | CRITICAL
2026-09-22 04:37:45 | WARD_B_TEMP_03 | 35.8 | NORMAL
2026-09-22 04:37:45 | WARD_B_TEMP_04 | 40.4 | CRITICAL
2026-09-22 04:37:45 | WARD_B_TEMP_05 | 40.2 | CRITICAL
2026-09-22 04:37:46 | WARD_B_TEMP_01 | 34.6 | CRITICAL
2026-09-22 04:37:46 | WARD_B_TEMP_02 | 39.2 | CRITICAL
2026-09-22 04:37:46 | WARD_B_TEMP_03 | 38.7 | CRITICAL
2026-09-22 04:37:46 | WARD_B_TEMP_04 | 35.4 | CRITICAL
2026-09-22 04:37:46 | WARD_B_TEMP_05 | 39.1 | CRITICAL
2026-09-22 04:37:47 | WARD_B_TEMP_01 | 40.0 | CRITICAL
2026-09-22 04:37:47 | WARD_B_TEMP_02 | 39.6 | CRITICAL
2026-09-22 04:37:47 | WARD_B_TEMP_03 | 39.5 | CRITICAL
2026-09-22 04:37:47 | WARD_B_TEMP_04 | 38.7 | CRITICAL
2026-09-22 04:37:47 | WARD_B_TEMP_05 | 39.1 | CRITICAL
2026-09-22 04:37:48 | WARD_B_TEMP_01 | 35.2 | CRITICAL
2026-09-22 04:37:48 | WARD_B_TEMP_02 | 38.3 | CRITICAL
2026-09-22 04:37:48 | WARD_B_TEMP_03 | 39.8 | CRITICAL
2026-09-22 04:37:48 | WARD_B_TEMP_04 | 36.3 | NORMAL
2026-09-22 04:37:48 | WARD_B_TEMP_05 | 37.9 | WARNING
2026-09-22 04:37:49 | WARD_B_TEMP_01 | 37.2 | NORMAL
2026-09-22 04:37:49 | WARD_B_TEMP_02 | 38.1 | CRITICAL
2026-09-22 04:37:49 | WARD_B_TEMP_03 | 40.5 | CRITICAL
2026-09-22 04:37:49 | WARD_B_TEMP_04 | 40.5 | CRITICAL
2026-09-22 04:37:49 | WARD_B_TEMP_05 | 35.0 | CRITICAL
2026-09-22 04:37:50 | WARD_B_TEMP_01 | 40.1 | CRITICAL
2026-09-22 04:37:50 | WARD_B_TEMP_02 | 37.0 | NORMAL
2026-09-22 04:37:50 | WARD_B_TEMP_03 | 39.5 | CRITICAL
2026-09-22 04:37:50 | WARD_B_TEMP_04 | 37.3 | NORMAL
2026-09-22 04:37:50 | WARD_B_TEMP_05 | 36.6 | NORMAL
2026-09-22 04:37:51 | WARD_B_TEMP_01 | 39.3 | CRITICAL
2026-09-22 04:37:51 | WARD_B_TEMP_02 | 35.0 | CRITICAL
2026-09-22 04:37:51 | WARD_B_TEMP_03 | 34.6 | CRITICAL
2026-09-22 04:37:51 | WARD_B_TEMP_04 | 36.4 | NORMAL
2026-09-22 04:37:51 | WARD_B_TEMP_05 | 38.5 | CRITICAL
2026-09-22 04:37:52 | WARD_B_TEMP_01 | 36.5 | NORMAL
2026-09-22 04:37:52 | WARD_B_TEMP_02 | 38.5 | CRITICAL
2026-09-22 04:37:52 | WARD_B_TEMP_03 | 36.3 | NORMAL
2026-09-22 04:37:52 | WARD_B_TEMP_04 | 40.1 | CRITICAL
2026-09-22 04:37:52 | WARD_B_TEMP_05 | 38.2 | CRITICAL
2026-09-22 04:37:53 | WARD_B_TEMP_01 | 36.2 | NORMAL
2026-09-22 04:37:53 | WARD_B_TEMP_02 | 36.9 | NORMAL
2026-09-22 04:37:53 | WARD_B_TEMP_03 | 38.1 | CRITICAL
2026-09-22 04:37:53 | WARD_B_TEMP_04 | 37.6 | WARNING
2026-09-22 04:37:53 | WARD_B_TEMP_05 | 39.4 | CRITICAL
2026-09-22 04:37:54 | WARD_B_TEMP_01 | 39.1 | CRITICAL
2026-09-22 04:37:54 | WARD_B_TEMP_02 | 38.0 | WARNING
2026-09-22 04:37:54 | WARD_B_TEMP_03 | 36.5 | NORMAL
2026-09-22 04:37:54 | WARD_B_TEMP_04 | 35.5 | NORMAL
2026-09-22 04:37:54 | WARD_B_TEMP_05 | 38.8 | CRITICAL
2026-09-22 04:37:55 | WARD_B_TEMP_01 | 38.2 | CRITICAL
2026-09-22 04:37:55 | WARD_B_TEMP_02 | 37.5 | WARNING
2026-09-22 04:37:55 | WARD_B_TEMP_03 | 37.2 | NORMAL
2026-09-22 04:37:55 | WARD_B_TEMP_04 | 37.0 | NORMAL
2026-09-22 04:37:55 | WARD_B_TEMP_05 | 37.4 | NORMAL
2026-09-22 04:37:56 | WARD_B_TEMP_01 | 37.3 | NORMAL
2026-09-22 04:37:56 | WARD_B_TEMP_02 | 39.5 | CRITICAL
2026-09-22 04:37:56 | WARD_B_TEMP_03 | 38.2 | CRITICAL
2026-09-22 04:37:56 | WARD_B_TEMP_04 | 35.6 | NORMAL
2026-09-22 04:37:56 | WARD_B_TEMP_05 | 38.2 | CRITICAL
2026-09-22 04:37:57 | WARD_B_TEMP_01 | 38.4 | CRITICAL
2026-09-22 04:37:57 | WARD_B_TEMP_02 | 39.0 | CRITICAL
2026-09-22 04:37:57 | WARD_B_TEMP_03 | 39.5 | CRITICAL
2026-09-22 04:37:57 | WARD_B_TEMP_04 | 38.1 | CRITICAL
2026-09-22 04:37:57 | WARD_B_TEMP_05 | 35.7 | NORMAL
2026-09-22 04:37:58 | WARD_B_TEMP_01 | 39.9 | CRITICAL
2026-09-22 04:37:58 | WARD_B_TEMP_02 | 34.7 | CRITICAL
2026-09-22 04:37:58 | WARD_B_TEMP_03 | 38.7 | CRITICAL
2026-09-22 04:37:58 | WARD_B_TEMP_04 | 34.5 | CRITICAL
2026-09-22 04:37:58 | WARD_B_TEMP_05 | 37.4 | NORMAL
2026-09-22 04:37:59 | WARD_B_TEMP_01 | 36.1 | NORMAL
2026-09-22 04:37:59 | WARD_B_TEMP_02 | 38.8 | CRITICAL
2026-09-22 04:37:59 | WARD_B_TEMP_03 | 35.2 | CRITICAL
2026-09-22 04:37:59 | WARD_B_TEMP_04 | 39.9 | CRITICAL
2026-09-22 04:37:59 | WARD_B_TEMP_05 | 36.8 | NORMAL
2026-09-22 04:38:00 | WARD_B_TEMP_01 | 37.8 | WARNING
2026-09-22 04:38:00 | WARD_B_TEMP_02 | 39.1 | CRITICAL
2026-09-22 04:38:00 | WARD_B_TEMP_03 | 39.7 | CRITICAL
2026-09-22 04:38:00 | WARD_B_TEMP_04 | 36.5 | NORMAL
2026-09-22 04:38:00 | WARD_B_TEMP_05 | 36.6 | NORMAL
2026-09-22 04:38:01 | WARD_B_TEMP_01 | 39.2 | CRITICAL
2026-09-22 04:38:01 | WARD_B_TEMP_02 | 38.9 | CRITICAL
2026-09-22 04:38:01 | WARD_B_TEMP_03 | 37.4 | NORMAL
2026-09-22 04:38:01 | WARD_B_TEMP_04 | 38.3 | CRITICAL
2026-09-22 04:38:01 | WARD_B_TEMP_05 | 37.5 | WARNING
2026-09-22 04:38:02 | WARD_B_TEMP_01 | 35.7 | NORMAL
2026-09-22 04:38:02 | WARD_B_TEMP_02 | 35.8 | NORMAL
2026-09-22 04:38:02 | WARD_B_TEMP_03 | 34.6 | CRITICAL
2026-09-22 04:38:02 | WARD_B_TEMP_04 | 35.6 | NORMAL
2026-09-22 04:38:02 | WARD_B_TEMP_05 | 35.9 | NORMAL
2026-09-22 04:38:03 | WARD_B_TEMP_01 | 40.2 | CRITICAL
2026-09-22 04:38:03 | WARD_B_TEMP_02 | 37.8 | WARNING
2026-09-22 04:38:03 | WARD_B_TEMP_03 | 38.5 | CRITICAL
2026-09-22 04:38:03 | WARD_B_TEMP_04 | 34.9 | CRITICAL
2026-09-22 04:38:03 | WARD_B_TEMP_05 | 37.2 | NORMAL
2026-09-22 04:38:04 | WARD_B_TEMP_01 | 36.2 | NORMAL
2026-09-22 04:38:04 | WARD_B_TEMP_02 | 34.6 | CRITICAL
2026-09-22 04:38:04 | WARD_B_TEMP_03 | 39.3 | CRITICAL
2026-09-22 04:38:04 | WARD_B_TEMP_04 | 38.9 | CRITICAL
2026-09-22 04:38:04 | WARD_B_TEMP_05 | 37.3 | NORMAL
2026-09-22 04:38:05 | WARD_B_TEMP_01 | 38.2 | CRITICAL
2026-09-22 04:38:05 | WARD_B_TEMP_02 | 36.8 | NORMAL
2026-09-22 04:38:05 | WARD_B_TEMP_03 | 39.3 | CRITICAL
2026-09-22 04:38:05 | WARD_B_TEMP_04 | 36.2 | NORMAL
2026-09-22 04:38:05 | WARD_B_TEMP_05 | 36.2 | NORMAL
2026-09-22 04:38:06 | WARD_B_TEMP_01 | 37.9 | WARNING
2026-09-22 04:38:06 | WARD_B_TEMP_02 | 36.2 | NORMAL
2026-09-22 04:38:06 | WARD_B_TEMP_03 | 39.2 | CRITICAL
2026-09-22 04:38:06 | WARD_B_TEMP_04 | 40.1 | CRITICAL
2026-09-22 04:38:06 | WARD_B_TEMP_05 | 39.8 | CRITICAL
2026-09-22 04:38:07 | WARD_B_TEMP_01 | 39.6 | CRITICAL
2026-09-22 04:38:07 | WARD_B_TEMP_02 | 40.5 | CRITICAL
2026-09-22 04:38:07 | WARD_B_TEMP_03 | 40.3 | CRITICAL
2026-09-22 04:38:07 | WARD_B_TEMP_04 | 36.0 | NORMAL
2026-09-22 04:38:07 | WARD_B_TEMP_05 | 37.8 | WARNING
2026-09-22 04:38:08 | WARD_B_TEMP_01 | 38.5 | CRITICAL
2026-09-22 04:38:08 | WARD_B_TEMP_02 | 35.9 | NORMAL
2026-09-22 04:38:08 | WARD_B_TEMP_03 | 38.8 | CRITICAL
2026-09-22 04:38:08 | WARD_B_TEMP_04 | 37.5 | WARNING
2026-09-22 04:38:08 | WARD_B_TEMP_05 | 37.1 | NORMAL
2026-09-22 04:38:09 | WARD_B_TEMP_01 | 35.2 | CRITICAL
2026-09-22 04:38:09 | WARD_B_TEMP_02 | 39.7 | CRITICAL
2026-09-22 04:38:09 | WARD_B_TEMP_03 | 34.8 | CRITICAL
2026-09-22 04:38:09 | WARD_B_TEMP_04 | 37.4 | NORMAL
2026-09-22 04:38:09 | WARD_B_TEMP_05 | 36.3 | NORMAL
2026-09-22 04:38:10 | WARD_B_TEMP_01 | 40.2 | CRITICAL
2026-09-22 04:38:10 | WARD_B_TEMP_02 | 37.9 | WARNING
2026-09-22 04:38:10 | WARD_B_TEMP_03 | 37.3 | NORMAL
2026-09-22 04:38:10 | WARD_B_TEMP_04 | 39.2 | CRITICAL
2026-09-22 04:38:10 | WARD_B_TEMP_05 | 39.9 | CRITICAL
2026-09-22 04:38:11 | WARD_B_TEMP_01 | 39.9 | CRITICAL
2026-09-22 04:38:11 | WARD_B_TEMP_02 | 38.6 | CRITICAL
2026-09-22 04:38:11 | WARD_B_TEMP_03 | 40.3 | CRITICAL
2026-09-22 04:38:11 | WARD_B_TEMP_04 | 35.3 | CRITICAL
2026-09-22 04:38:11 | WARD_B_TEMP_05 | 35.9 | NORMAL
2026-09-22 04:38:12 | WARD_B_TEMP_01 | 36.8 | NORMAL
2026-09-22 04:38:12 | WARD_B_TEMP_02 | 35.7 | NORMAL
2026-09-22 04:38:12 | WARD_B_TEMP_03 | 36.3 | NORMAL
2026-09-22 04:38:12 | WARD_B_TEMP_04 | 36.6 | NORMAL
2026-09-22 04:38:12 | WARD_B_TEMP_05 | 39.9 | CRITICAL
2026-09-22 04:38:13 | WARD_B_TEMP_01 | 40.0 | CRITICAL
2026-09-22 04:38:13 | WARD_B_TEMP_02 | 37.0 | NORMAL
2026-09-22 04:38:13 | WARD_B_TEMP_03 | 39.7 | CRITICAL
2026-09-22 04:38:13 | WARD_B_TEMP_04 | 38.7 | CRITICAL
2026-09-22 04:38:13 | WARD_B_TEMP_05 | 37.8 | WARNING
2026-09-22 04:38:14 | WARD_B_TEMP_01 | 39.4 | CRITICAL
2026-09-22 04:38:14 | WARD_B_TEMP_02 | 35.0 | CRITICAL
2026-09-22 04:38:14 | WARD_B_TEMP_03 | 34.7 | CRITICAL
2026-09-22 04:38:14 | WARD_B_TEMP_04 | 39.8 | CRITICAL
2026-09-22 04:38:14 | WARD_B_TEMP_05 | 36.5 | NORMAL
2026-09-22 04:38:15 | WARD_B_TEMP_01 | 35.8 | NORMAL
2026-09-22 04:38:15 | WARD_B_TEMP_02 | 36.7 | NORMAL
2026-09-22 04:38:15 | WARD_B_TEMP_03 | 37.7 | WARNING
2026-09-22 04:38:15 | WARD_B_TEMP_04 | 37.0 | NORMAL
2026-09-22 04:38:15 | WARD_B_TEMP_05 | 37.1 | NORMAL
2026-09-22 04:38:16 | WARD_B_TEMP_01 | 38.6 | CRITICAL
2026-09-22 04:38:16 | WARD_B_TEMP_02 | 37.8 | WARNING
2026-09-22 04:38:16 | WARD_B_TEMP_03 | 34.6 | CRITICAL
2026-09-22 04:38:16 | WARD_B_TEMP_04 | 39.0 | CRITICAL
2026-09-22 04:38:16 | WARD_B_TEMP_05 | 38.3 | CRITICAL
2026-09-22 04:38:17 | WARD_B_TEMP_01 | 37.2 | NORMAL
2026-09-22 04:38:17 | WARD_B_TEMP_02 | 34.6 | CRITICAL
2026-09-22 04:38:17 | WARD_B_TEMP_03 | 36.5 | NORMAL
2026-09-22 04:38:17 | WARD_B_TEMP_04 | 40.3 | CRITICAL
2026-09-22 04:38:17 | WARD_B_TEMP_05 | 36.4 | NORMAL
2026-09-22 04:38:18 | WARD_B_TEMP_01 | 36.6 | NORMAL
2026-09-22 04:38:18 | WARD_B_TEMP_02 | 38.8 | CRITICAL
2026-09-22 04:38:18 | WARD_B_TEMP_03 | 37.0 | NORMAL
2026-09-22 04:38:18 | WARD_B_TEMP_04 | 35.9 | NORMAL
2026-09-22 04:38:18 | WARD_B_TEMP_05 | 38.6 | CRITICAL
2026-09-22 04:38:19 | WARD_B_TEMP_01 | 36.6 | NORMAL
2026-09-22 04:38:19 | WARD_B_TEMP_02 | 36.4 | NORMAL
2026-09-22 04:38:19 | WARD_B_TEMP_03 | 35.6 | NORMAL
2026-09-22 04:38:19 | WARD_B_TEMP_04 | 39.0 | CRITICAL
2026-09-22 04:38:19 | WARD_B_TEMP_05 | 36.4 | NORMAL
2026-09-22 04:38:20 | WARD_B_TEMP_01 | 40.0 | CRITICAL
2026-09-22 04:38:20 | WARD_B_TEMP_02 | 36.2 | NORMAL
2026-09-22 04:38:20 | WARD_B_TEMP_03 | 37.5 | WARNING
2026-09-22 04:38:20 | WARD_B_TEMP_04 | 40.2 | CRITICAL
2026-09-22 04:38:20 | WARD_B_TEMP_05 | 36.4 | NORMAL
2026-09-22 04:38:21 | WARD_B_TEMP_01 | 40.3 | CRITICAL
2026-09-22 04:38:21 | WARD_B_TEMP_02 | 35.3 | CRITICAL
2026-09-22 04:38:21 | WARD_B_TEMP_03 | 39.1 | CRITICAL
2026-09-22 04:38:21 | WARD_B_TEMP_04 | 37.0 | NORMAL
2026-09-22 04:38:21 | WARD_B_TEMP_05 | 37.7 | WARNING
2026-09-22 04:38:22 | WARD_B_TEMP_01 | 40.1 | CRITICAL
2026-09-22 04:38:22 | WARD_B_TEMP_02 | 40.4 | CRITICAL
2026-09-22 04:38:22 | WARD_B_TEMP_03 | 38.5 | CRITICAL
2026-09-22 04:38:22 | WARD_B_TEMP_04 | 40.5 | CRITICAL
2026-09-22 04:38:22 | WARD_B_TEMP_05 | 37.8 | WARNING
2026-09-22 04:38:23 | WARD_B_TEMP_01 | 38.4 | CRITICAL
2026-09-22 04:38:23 | WARD_B_TEMP_02 | 37.1 | NORMAL
2026-09-22 04:38:23 | WARD_B_TEMP_03 | 36.2 | NORMAL
2026-09-22 04:38:23 | WARD_B_TEMP_04 | 37.7 | WARNING
2026-09-22 04:38:23 | WARD_B_TEMP_05 | 38.9 | CRITICAL
2026-09-22 04:38:24 | WARD_B_TEMP_01 | 39.8 | CRITICAL
2026-09-22 04:38:24 | WARD_B_TEMP_02 | 34.6 | CRITICAL
2026-09-22 04:38:24 | WARD_B_TEMP_03 | 36.2 | NORMAL
2026-09-22 04:38:24 | WARD_B_TEMP_04 | 40.4 | CRITICAL
2026-09-22 04:38:24 | WARD_B_TEMP_05 | 36.3 | NORMAL
2026-09-22 04:38:25 | WARD_B_TEMP_01 | 38.1 | CRITICAL
2026-09-22 04:38:25 | WARD_B_TEMP_02 | 36.1 | NORMAL
2026-09-22 04:38:25 | WARD_B_TEMP_03 | 39.4 | CRITICAL
2026-09-22 04:38:25 | WARD_B_TEMP_04 | 35.1 | CRITICAL
2026-09-22 04:38:25 | WARD_B_TEMP_05 | 36.0 | NORMAL
2026-09-22 04:38:26 | WARD_B_TEMP_01 | 38.5 | CRITICAL
2026-09-22 04:38:26 | WARD_B_TEMP_02 | 37.1 | NORMAL
2026-09-22 04:38:26 | WARD_B_TEMP_03 | 39.1 | CRITICAL
2026-09-22 04:38:26 | WARD_B_TEMP_04 | 36.0 | NORMAL
2026-09-22 04:38:26 | WARD_B_TEMP_05 | 36.0 | NORMAL
2026-09-22 04:38:27 | WARD_B_TEMP_01 | 37.0 | NORMAL
2026-09-22 04:38:27 | WARD_B_TEMP_02 | 39.2 | CRITICAL
2026-09-22 04:38:27 | WARD_B_TEMP_03 | 35.1 | CRITICAL
2026-09-22 04:38:27 | WARD_B_TEMP_04 | 38.2 | CRITICAL
2026-09-22 04:38:27 | WARD_B_TEMP_05 | 39.6 | CRITICAL
2026-09-22 04:38:28 | WARD_B_TEMP_01 | 35.6 | NORMAL
2026-09-22 04:38:28 | WARD_B_TEMP_02 | 39.0 | CRITICAL
2026-09-22 04:38:28 | WARD_B_TEMP_03 | 35.9 | NORMAL
2026-09-22 04:38:28 | WARD_B_TEMP_04 | 38.8 | CRITICAL
2026-09-22 04:38:28 | WARD_B_TEMP_05 | 39.9 | CRITICAL
2026-09-22 04:38:29 | WARD_B_TEMP_01 | 39.6 | CRITICAL
2026-09-22 04:38:29 | WARD_B_TEMP_02 | 38.8 | CRITICAL
2026-09-22 04:38:29 | WARD_B_TEMP_03 | 36.9 | NORMAL
2026-09-22 04:38:29 | WARD_B_TEMP_04 | 37.9 | WARNING
2026-09-22 04:38:29 | WARD_B_TEMP_05 | 35.1 | CRITICAL
2026-09-22 04:38:30 | WARD_B_TEMP_01 | 38.5 | CRITICAL
2026-09-22 04:38:30 | WARD_B_TEMP_02 | 38.4 | CRITICAL
2026-09-22 04:38:30 | WARD_B_TEMP_03 | 37.8 | WARNING
2026-09-22 04:38:30 | WARD_B_TEMP_04 | 34.9 | CRITICAL
2026-09-22 04:38:30 | WARD_B_TEMP_05 | 37.1 | NORMAL
2026-09-22 04:38:31 | WARD_B_TEMP_01 | 37.9 | WARNING
2026-09-22 04:38:31 | WARD_B_TEMP_02 | 35.8 | NORMAL
2026-09-22 04:38:31 | WARD_B_TEMP_03 | 37.6 | WARNING
2026-09-22 04:38:31 | WARD_B_TEMP_04 | 34.7 | CRITICAL
2026-09-22 04:38:31 | WARD_B_TEMP_05 | 36.3 | NORMAL
2026-09-22 04:38:32 | WARD_B_TEMP_01 | 38.0 | WARNING
2026-09-22 04:38:32 | WARD_B_TEMP_02 | 40.4 | CRITICAL
2026-09-22 04:38:32 | WARD_B_TEMP_03 | 35.9 | NORMAL
2026-09-22 04:38:32 | WARD_B_TEMP_04 | 37.5 | WARNING
2026-09-22 04:38:32 | WARD_B_TEMP_05 | 35.1 | CRITICAL
2026-09-22 04:38:33 | WARD_B_TEMP_01 | 35.9 | NORMAL
2026-09-22 04:38:33 | WARD_B_TEMP_02 | 35.8 | NORMAL
2026-09-22 04:38:33 | WARD_B_TEMP_03 | 38.6 | CRITICAL
2026-09-22 04:38:33 | WARD_B_TEMP_04 | 37.1 | NORMAL
2026-09-22 04:38:33 | WARD_B_TEMP_05 | 36.9 | NORMAL
2026-09-22 04:38:34 | WARD_B_TEMP_01 | 39.4 | CRITICAL
2026-09-22 04:38:34 | WARD_B_TEMP_02 | 37.8 | WARNING
2026-09-22 04:38:34 | WARD_B_TEMP_03 | 37.5 | WARNING
2026-09-22 04:38:34 | WARD_B_TEMP_04 | 39.3 | CRITICAL
2026-09-22 04:38:34 | WARD_B_TEMP_05 | 35.6 | NORMAL
2026-09-22 04:38:35 | WARD_B_TEMP_01 | 34.9 | CRITICAL
2026-09-22 04:38:35 | WARD_B_TEMP_02 | 39.1 | CRITICAL
2026-09-22 04:38:35 | WARD_B_TEMP_03 | 38.1 | CRITICAL
2026-09-22 04:38:35 | WARD_B_TEMP_04 | 39.8 | CRITICAL
2026-09-22 04:38:35 | WARD_B_TEMP_05 | 34.5 | CRITICAL
2026-09-22 04:38:36 | WARD_B_TEMP_01 | 39.5 | CRITICAL
2026-09-22 04:38:36 | WARD_B_TEMP_02 | 38.9 | CRITICAL
2026-09-22 04:38:36 | WARD_B_TEMP_03 | 37.6 | WARNING
2026-09-22 04:38:36 | WARD_B_TEMP_04 | 36.0 | NORMAL
2026-09-22 04:38:36 | WARD_B_TEMP_05 | 37.3 | NORMAL
2026-09-22 04:38:37 | WARD_B_TEMP_01 | 38.0 | WARNING
2026-09-22 04:38:37 | WARD_B_TEMP_02 | 40.3 | CRITICAL
2026-09-22 04:38:37 | WARD_B_TEMP_03 | 39.0 | CRITICAL
2026-09-22 04:38:37 | WARD_B_TEMP_04 | 36.9 | NORMAL
2026-09-22 04:38:37 | WARD_B_TEMP_05 | 40.1 | CRITICAL
2026-09-22 04:38:38 | WARD_B_TEMP_01 | 35.5 | NORMAL
2026-09-22 04:38:38 | WARD_B_TEMP_02 | 35.3 | CRITICAL
2026-09-22 04:38:38 | WARD_B_TEMP_03 | 36.0 | NORMAL
2026-09-22 04:38:38 | WARD_B_TEMP_04 | 39.5 | CRITICAL
2026-09-22 04:38:38 | WARD_B_TEMP_05 | 35.8 | NORMAL
2026-09-22 04:38:39 | WARD_B_TEMP_01 | 34.7 | CRITICAL
2026-09-22 04:38:39 | WARD_B_TEMP_02 | 35.3 | CRITICAL
2026-09-22 04:38:39 | WARD_B_TEMP_03 | 38.8 | CRITICAL
2026-09-22 04:38:39 | WARD_B_TEMP_04 | 36.8 | NORMAL
2026-09-22 04:38:39 | WARD_B_TEMP_05 | 35.9 | NORMAL
2026-09-22 04:38:40 | WARD_B_TEMP_01 | 39.6 | CRITICAL
2026-09-22 04:38:40 | WARD_B_TEMP_02 | 36.8 | NORMAL
2026-09-22 04:38:40 | WARD_B_TEMP_03 | 35.5 | NORMAL
2026-09-22 04:38:40 | WARD_B_TEMP_04 | 39.5 | CRITICAL
2026-09-22 04:38:40 | WARD_B_TEMP_05 | 34.7 | CRITICAL
2026-09-22 04:38:41 | WARD_B_TEMP_01 | 38.4 | CRITICAL
2026-09-22 04:38:41 | WARD_B_TEMP_02 | 40.4 | CRITICAL
2026-09-22 04:38:41 | WARD_B_TEMP_03 | 36.8 | NORMAL
2026-09-22 04:38:41 | WARD_B_TEMP_04 | 35.4 | CRITICAL
2026-09-22 04:38:41 | WARD_B_TEMP_05 | 36.1 | NORMAL
2026-09-22 04:38:42 | WARD_B_TEMP_01 | 39.1 | CRITICAL
2026-09-22 04:38:42 | WARD_B_TEMP_02 | 38.5 | CRITICAL
2026-09-22 04:38:42 | WARD_B_TEMP_03 | 37.1 | NORMAL
2026-09-22 04:38:42 | WARD_B_TEMP_04 | 37.5 | WARNING
2026-09-22 04:38:42 | WARD_B_TEMP_05 | 40.0 | CRITICAL
2026-09-22 04:38:43 | WARD_B_TEMP_01 | 40.3 | CRITICAL
2026-09-22 04:38:43 | WARD_B_TEMP_02 | 35.0 | CRITICAL
2026-09-22 04:38:43 | WARD_B_TEMP_03 | 35.7 | NORMAL
2026-09-22 04:38:43 | WARD_B_TEMP_04 | 36.8 | NORMAL
2026-09-22 04:38:43 | WARD_B_TEMP_05 | 37.2 | NORMAL
2026-09-22 04:38:44 | WARD_B_TEMP_01 | 35.9 | NORMAL
2026-09-22 04:38:44 | WARD_B_TEMP_02 | 34.5 | CRITICAL
2026-09-22 04:38:44 | WARD_B_TEMP_03 | 34.8 | CRITICAL
2026-09-22 04:38:44 | WARD_B_TEMP_04 | 39.5 | CRITICAL
2026-09-22 04:38:44 | WARD_B_TEMP_05 | 39.3 | CRITICAL
2026-09-22 04:38:45 | WARD_B_TEMP_01 | 37.9 | WARNING
2026-09-22 04:38:45 | WARD_B_TEMP_02 | 39.2 | CRITICAL
2026-09-22 04:38:45 | WARD_B_TEMP_03 | 39.5 | CRITICAL
2026-09-22 04:38:45 | WARD_B_TEMP_04 | 38.8 | CRITICAL
2026-09-22 04:38:45 | WARD_B_TEMP_05 | 39.9 | CRITICAL
2026-09-22 04:38:46 | WARD_B_TEMP_01 | 36.0 | NORMAL
2026-09-22 04:38:46 | WARD_B_TEMP_02 | 40.4 | CRITICAL
2026-09-22 04:38:46 | WARD_B_TEMP_03 | 38.8 | CRITICAL
2026-09-22 04:38:46 | WARD_B_TEMP_04 | 38.9 | CRITICAL
2026-09-22 04:38:46 | WARD_B_TEMP_05 | 37.9 | WARNING
2026-09-22 04:38:47 | WARD_B_TEMP_01 | 36.1 | NORMAL
2026-09-22 04:38:47 | WARD_B_TEMP_02 | 37.8 | WARNING
2026-09-22 04:38:47 | WARD_B_TEMP_03 | 38.5 | CRITICAL
2026-09-22 04:38:47 | WARD_B_TEMP_04 | 36.7 | NORMAL
2026-09-22 04:38:47 | WARD_B_TEMP_05 | 36.2 | NORMAL
2026-09-22 04:38:48 | WARD_B_TEMP_01 | 37.5 | WARNING
2026-09-22 04:38:48 | WARD_B_TEMP_02 | 35.8 | NORMAL
2026-09-22 04:38:48 | WARD_B_TEMP_03 | 39.2 | CRITICAL
2026-09-22 04:38:48 | WARD_B_TEMP_04 | 40.3 | CRITICAL
2026-09-22 04:38:48 | WARD_B_TEMP_05 | 37.2 | NORMAL
2026-09-22 04:38:49 | WARD_B_TEMP_01 | 35.7 | NORMAL
2026-09-22 04:38:49 | WARD_B_TEMP_02 | 35.6 | NORMAL
2026-09-22 04:38:49 | WARD_B_TEMP_03 | 36.8 | NORMAL
2026-09-22 04:38:49 | WARD_B_TEMP_04 | 36.9 | NORMAL
2026-09-22 04:38:49 | WARD_B_TEMP_05 | 40.4 | CRITICAL
2026-09-22 04:38:50 | WARD_B_TEMP_01 | 37.3 | NORMAL
2026-09-22 04:38:50 | WARD_B_TEMP_02 | 39.5 | CRITICAL
2026-09-22 04:38:50 | WARD_B_TEMP_03 | 35.7 | NORMAL
2026-09-22 04:38:50 | WARD_B_TEMP_04 | 35.9 | NORMAL
2026-09-22 04:38:50 | WARD_B_TEMP_05 | 37.1 | NORMAL
2026-09-22 04:38:51 | WARD_B_TEMP_01 | 35.9 | NORMAL
2026-09-22 04:38:51 | WARD_B_TEMP_02 | 39.4 | CRITICAL
2026-09-22 04:38:51 | WARD_B_TEMP_03 | 37.0 | NORMAL
2026-09-22 04:38:51 | WARD_B_TEMP_04 | 36.7 | NORMAL
2026-09-22 04:38:51 | WARD_B_TEMP_05 | 37.4 | NORMAL
2026-09-22 04:38:52 | WARD_B_TEMP_01 | 38.0 | WARNING
2026-09-22 04:38:52 | WARD_B_TEMP_02 | 40.1 | CRITICAL
2026-09-22 04:38:52 | WARD_B_TEMP_03 | 38.5 | CRITICAL
2026-09-22 04:38:52 | WARD_B_TEMP_04 | 35.2 | CRITICAL
2026-09-22 04:38:52 | WARD_B_TEMP_05 | 37.5 | WARNING
2026-09-22 04:38:53 | WARD_B_TEMP_01 | 36.5 | NORMAL
2026-09-22 04:38:53 | WARD_B_TEMP_02 | 38.7 | CRITICAL
2026-09-22 04:38:53 | WARD_B_TEMP_03 | 35.9 | NORMAL
2026-09-22 04:38:53 | WARD_B_TEMP_04 | 38.2 | CRITICAL
2026-09-22 04:38:53 | WARD_B_TEMP_05 | 35.2 | CRITICAL
2026-09-22 04:38:54 | WARD_B_TEMP_01 | 35.6 | NORMAL
2026-09-22 04:38:54 | WARD_B_TEMP_02 | 38.6 | CRITICAL
2026-09-22 04:38:54 | WARD_B_TEMP_03 | 39.2 | CRITICAL
2026-09-22 04:38:54 | WARD_B_TEMP_04 | 38.0 | WARNING
2026-09-22 04:38:54 | WARD_B_TEMP_05 | 39.8 | CRITICAL
2026-09-22 04:38:55 | WARD_B_TEMP_01 | 37.8 | WARNING
2026-09-22 04:38:55 | WARD_B_TEMP_02 | 36.3 | NORMAL
2026-09-22 04:38:55 | WARD_B_TEMP_03 | 38.3 | CRITICAL
2026-09-22 04:38:55 | WARD_B_TEMP_04 | 35.7 | NORMAL
2026-09-22 04:38:55 | WARD_B_TEMP_05 | 35.3 | CRITICAL
2026-09-22 04:38:56 | WARD_B_TEMP_01 | 39.4 | CRITICAL
2026-09-22 04:38:56 | WARD_B_TEMP_02 | 39.2 | CRITICAL
2026-09-22 04:38:56 | WARD_B_TEMP_03 | 36.6 | NORMAL
2026-09-22 04:38:56 | WARD_B_TEMP_04 | 39.9 | CRITICAL
2026-09-22 04:38:56 | WARD_B_TEMP_05 | 36.0 | NORMAL
2026-09-22 04:38:57 | WARD_B_TEMP_01 | 38.0 | WARNING
2026-09-22 04:38:57 | WARD_B_TEMP_02 | 35.9 | NORMAL
2026-09-22 04:38:57 | WARD_B_TEMP_03 | 38.7 | CRITICAL
2026-09-22 04:38:57 | WARD_B_TEMP_04 | 38.4 | CRITICAL
2026-09-22 04:38:57 | WARD_B_TEMP_05 | 34.7 | CRITICAL
2026-09-22 04:38:58 | WARD_B_TEMP_01 | 38.8 | CRITICAL
2026-09-22 04:38:58 | WARD_B_TEMP_02 | 38.6 | CRITICAL
2026-09-22 04:38:58 | WARD_B_TEMP_03 | 36.5 | NORMAL
2026-09-22 04:38:58 | WARD_B_TEMP_04 | 35.5 | NORMAL
2026-09-22 04:38:58 | WARD_B_TEMP_05 | 38.1 | CRITICAL
2026-09-22 04:38:59 | WARD_B_TEMP_01 | 37.7 | WARNING
2026-09-22 04:38:59 | WARD_B_TEMP_02 | 37.8 | WARNING
2026-09-22 04:38:59 | WARD_B_TEMP_03 | 37.8 | WARNING
2026-09-22 04:38:59 | WARD_B_TEMP_04 | 34.9 | CRITICAL
2026-09-22 04:38:59 | WARD_B_TEMP_05 | 39.3 | CRITICAL
2026-09-22 04:39:00 | WARD_B_TEMP_01 | 35.9 | NORMAL
2026-09-22 04:39:00 | WARD_B_TEMP_02 | 35.9 | NORMAL
2026-09-22 04:39:00 | WARD_B_TEMP_03 | 36.9 | NORMAL
2026-09-22 04:39:00 | WARD_B_TEMP_04 | 35.6 | NORMAL
2026-09-22 04:39:00 | WARD_B_TEMP_05 | 36.1 | NORMAL
2026-09-22 04:39:01 | WARD_B_TEMP_01 | 38.1 | CRITICAL
2026-09-22 04:39:01 | WARD_B_TEMP_02 | 38.8 | CRITICAL
2026-09-22 04:39:01 | WARD_B_TEMP_03 | 40.1 | CRITICAL
2026-09-22 04:39:01 | WARD_B_TEMP_04 | 37.6 | WARNING
2026-09-22 04:39:01 | WARD_B_TEMP_05 | 40.3 | CRITICAL
2026-09-22 04:39:02 | WARD_B_TEMP_01 | 40.5 | CRITICAL
2026-09-22 04:39:02 | WARD_B_TEMP_02 | 39.1 | CRITICAL
2026-09-22 04:39:02 | WARD_B_TEMP_03 | 35.6 | NORMAL
2026-09-22 04:39:02 | WARD_B_TEMP_04 | 38.0 | WARNING
2026-09-22 04:39:02 | WARD_B_TEMP_05 | 39.3 | CRITICAL
2026-09-22 04:39:03 | WARD_B_TEMP_01 | 35.4 | CRITICAL
2026-09-22 04:39:03 | WARD_B_TEMP_02 | 38.2 | CRITICAL
2026-09-22 04:39:03 | WARD_B_TEMP_03 | 37.9 | WARNING
2026-09-22 04:39:03 | WARD_B_TEMP_04 | 39.0 | CRITICAL
2026-09-22 04:39:03 | WARD_B_TEMP_05 | 37.2 | NORMAL
2026-09-22 04:39:04 | WARD_B_TEMP_01 | 34.9 | CRITICAL
2026-09-22 04:39:04 | WARD_B_TEMP_02 | 35.7 | NORMAL
2026-09-22 04:39:04 | WARD_B_TEMP_03 | 39.7 | CRITICAL
2026-09-22 04:39:04 | WARD_B_TEMP_04 | 38.6 | CRITICAL
2026-09-22 04:39:04 | WARD_B_TEMP_05 | 38.7 | CRITICAL
2026-09-22 04:39:05 | WARD_B_TEMP_01 | 38.0 | WARNING
2026-09-22 04:39:05 | WARD_B_TEMP_02 | 35.4 | CRITICAL
2026-09-22 04:39:05 | WARD_B_TEMP_03 | 36.4 | NORMAL
2026-09-22 04:39:05 | WARD_B_TEMP_04 | 37.6 | WARNING
2026-09-22 04:39:05 | WARD_B_TEMP_05 | 40.4 | CRITICAL
2026-09-22 04:39:06 | WARD_B_TEMP_01 | 39.7 | CRITICAL
2026-09-22 04:39:06 | WARD_B_TEMP_02 | 36.5 | NORMAL
2026-09-22 04:39:06 | WARD_B_TEMP_03 | 35.1 | CRITICAL
2026-09-22 04:39:06 | WARD_B_TEMP_04 | 38.0 | WARNING
2026-09-22 04:39:06 | WARD_B_TEMP_05 | 38.2 | CRITICAL
2026-09-22 04:39:07 | WARD_B_TEMP_01 | 35.6 | NORMAL
2026-09-22 04:39:07 | WARD_B_TEMP_02 | 40.0 | CRITICAL
2026-09-22 04:39:07 | WARD_B_TEMP_03 | 35.1 | CRITICAL
2026-09-22 04:39:07 | WARD_B_TEMP_04 | 39.7 | CRITICAL
2026-09-22 04:39:07 | WARD_B_TEMP_05 | 38.0 | WARNING
2026-09-22 04:39:08 | WARD_B_TEMP_01 | 36.8 | NORMAL
2026-09-22 04:39:08 | WARD_B_TEMP_02 | 38.0 | WARNING
2026-09-22 04:39:08 | WARD_B_TEMP_03 | 40.4 | CRITICAL
2026-09-22 04:39:08 | WARD_B_TEMP_04 | 37.9 | WARNING
2026-09-22 04:39:08 | WARD_B_TEMP_05 | 40.0 | CRITICAL
2026-09-22 04:39:09 | WARD_B_TEMP_01 | 37.7 | WARNING
2026-09-22 04:39:09 | WARD_B_TEMP_02 | 38.4 | CRITICAL
2026-09-22 04:39:09 | WARD_B_TEMP_03 | 38.8 | CRITICAL
2026-09-22 04:39:09 | WARD_B_TEMP_04 | 38.9 | CRITICAL
2026-09-22 04:39:09 | WARD_B_TEMP_05 | 38.0 | WARNING
2026-09-22 04:39:10 | WARD_B_TEMP_01 | 36.5 | NORMAL
2026-09-22 04:39:10 | WARD_B_TEMP_02 | 37.6 | WARNING
2026-09-22 04:39:10 | WARD_B_TEMP_03 | 36.4 | NORMAL
2026-09-22 04:39:10 | WARD_B_TEMP_04 | 40.1 | CRITICAL
2026-09-22 04:39:10 | WARD_B_TEMP_05 | 36.3 | NORMAL
2026-09-22 04:39:11 | WARD_B_TEMP_01 | 39.7 | CRITICAL
2026-09-22 04:39:11 | WARD_B_TEMP_02 | 36.1 | NORMAL
2026-09-22 04:39:11 | WARD_B_TEMP_03 | 39.1 | CRITICAL
2026-09-22 04:39:11 | WARD_B_TEMP_04 | 38.4 | CRITICAL
2026-09-22 04:39:11 | WARD_B_TEMP_05 | 36.3 | NORMAL
2026-09-22 04:39:12 | WARD_B_TEMP_01 | 37.9 | WARNING
2026-09-22 04:39:12 | WARD_B_TEMP_02 | 37.3 | NORMAL
2026-09-22 04:39:12 | WARD_B_TEMP_03 | 36.4 | NORMAL
2026-09-22 04:39:12 | WARD_B_TEMP_04 | 38.7 | CRITICAL
2026-09-22 04:39:12 | WARD_B_TEMP_05 | 38.4 | CRITICAL
2026-09-22 04:39:13 | WARD_B_TEMP_01 | 38.9 | CRITICAL
2026-09-22 04:39:13 | WARD_B_TEMP_02 | 35.0 | CRITICAL
2026-09-22 04:39:13 | WARD_B_TEMP_03 | 35.1 | CRITICAL
2026-09-22 04:39:13 | WARD_B_TEMP_04 | 40.1 | CRITICAL
2026-09-22 04:39:13 | WARD_B_TEMP_05 | 38.7 | CRITICAL
2026-09-22 04:39:14 | WARD_B_TEMP_01 | 36.2 | NORMAL
2026-09-22 04:39:14 | WARD_B_TEMP_02 | 36.2 | NORMAL
2026-09-22 04:39:14 | WARD_B_TEMP_03 | 37.4 | NORMAL
2026-09-22 04:39:14 | WARD_B_TEMP_04 | 40.2 | CRITICAL
2026-09-22 04:39:14 | WARD_B_TEMP_05 | 38.0 | WARNING
2026-09-22 04:39:15 | WARD_B_TEMP_01 | 40.3 | CRITICAL
2026-09-22 04:39:15 | WARD_B_TEMP_02 | 36.1 | NORMAL
2026-09-22 04:39:15 | WARD_B_TEMP_03 | 40.4 | CRITICAL
2026-09-22 04:39:15 | WARD_B_TEMP_04 | 36.3 | NORMAL
2026-09-22 04:39:15 | WARD_B_TEMP_05 | 40.3 | CRITICAL
2026-09-22 04:39:16 | WARD_B_TEMP_01 | 36.6 | NORMAL
2026-09-22 04:39:16 | WARD_B_TEMP_02 | 37.8 | WARNING
2026-09-22 04:39:16 | WARD_B_TEMP_03 | 35.3 | CRITICAL
2026-09-22 04:39:16 | WARD_B_TEMP_04 | 40.4 | CRITICAL
2026-09-22 04:39:16 | WARD_B_TEMP_05 | 39.8 | CRITICAL
2026-09-22 04:39:17 | WARD_B_TEMP_01 | 36.7 | NORMAL
2026-09-22 04:39:17 | WARD_B_TEMP_02 | 38.0 | WARNING
2026-09-22 04:39:17 | WARD_B_TEMP_03 | 35.4 | CRITICAL
2026-09-22 04:39:17 | WARD_B_TEMP_04 | 37.5 | WARNING
2026-09-22 04:39:17 | WARD_B_TEMP_05 | 39.1 | CRITICAL
2026-09-22 04:39:18 | WARD_B_TEMP_01 | 40.2 | CRITICAL
2026-09-22 04:39:18 | WARD_B_TEMP_02 | 37.5 | WARNING
2026-09-22 04:39:18 | WARD_B_TEMP_03 | 34.9 | CRITICAL
2026-09-22 04:39:18 | WARD_B_TEMP_04 | 39.5 | CRITICAL
2026-09-22 04:39:18 | WARD_B_TEMP_05 | 37.0 | NORMAL
2026-09-22 04:39:19 | WARD_B_TEMP_01 | 38.6 | CRITICAL
2026-09-22 04:39:19 | WARD_B_TEMP_02 | 38.3 | CRITICAL
2026-09-22 04:39:19 | WARD_B_TEMP_03 | 35.0 | CRITICAL
2026-09-22 04:39:19 | WARD_B_TEMP_04 | 40.0 | CRITICAL
2026-09-22 04:39:19 | WARD_B_TEMP_05 | 38.4 | CRITICAL
2026-09-22 04:39:20 | WARD_B_TEMP_01 | 40.1 | CRITICAL
2026-09-22 04:39:20 | WARD_B_TEMP_02 | 36.5 | NORMAL
2026-09-22 04:39:20 | WARD_B_TEMP_03 | 36.7 | NORMAL
2026-09-22 04:39:20 | WARD_B_TEMP_04 | 36.3 | NORMAL
2026-09-22 04:39:20 | WARD_B_TEMP_05 | 36.5 | NORMAL
2026-09-22 04:39:21 | WARD_B_TEMP_01 | 38.9 | CRITICAL
2026-09-22 04:39:21 | WARD_B_TEMP_02 | 35.5 | NORMAL
2026-09-22 04:39:21 | WARD_B_TEMP_03 | 36.1 | NORMAL
2026-09-22 04:39:21 | WARD_B_TEMP_04 | 39.8 | CRITICAL
2026-09-22 04:39:21 | WARD_B_TEMP_05 | 35.1 | CRITICAL
2026-09-22 04:39:22 | WARD_B_TEMP_01 | 37.0 | NORMAL
2026-09-22 04:39:22 | WARD_B_TEMP_02 | 39.4 | CRITICAL
2026-09-22 04:39:22 | WARD_B_TEMP_03 | 38.4 | CRITICAL
2026-09-22 04:39:22 | WARD_B_TEMP_04 | 36.3 | NORMAL
2026-09-22 04:39:22 | WARD_B_TEMP_05 | 39.8 | CRITICAL
2026-09-22 04:39:23 | WARD_B_TEMP_01 | 40.1 | CRITICAL
2026-09-22 04:39:23 | WARD_B_TEMP_02 | 36.2 | NORMAL
2026-09-22 04:39:23 | WARD_B_TEMP_03 | 36.3 | NORMAL
2026-09-22 04:39:23 | WARD_B_TEMP_04 | 36.3 | NORMAL
2026-09-22 04:39:23 | WARD_B_TEMP_05 | 38.7 | CRITICAL
2026-09-22 04:39:24 | WARD_B_TEMP_01 | 34.6 | CRITICAL
2026-09-22 04:39:24 | WARD_B_TEMP_02 | 39.7 | CRITICAL
2026-09-22 04:39:24 | WARD_B_TEMP_03 | 36.2 | NORMAL
2026-09-22 04:39:24 | WARD_B_TEMP_04 | 39.9 | CRITICAL
2026-09-22 04:39:24 | WARD_B_TEMP_05 | 37.8 | WARNING
2026-09-22 04:39:25 | WARD_B_TEMP_01 | 38.9 | CRITICAL
2026-09-22 04:39:25 | WARD_B_TEMP_02 | 40.0 | CRITICAL
2026-09-22 04:39:25 | WARD_B_TEMP_03 | 40.4 | CRITICAL
2026-09-22 04:39:25 | WARD_B_TEMP_04 | 39.2 | CRITICAL
2026-09-22 04:39:25 | WARD_B_TEMP_05 | 39.0 | CRITICAL
2026-09-22 04:39:26 | WARD_B_TEMP_01 | 39.1 | CRITICAL
2026-09-22 04:39:26 | WARD_B_TEMP_02 | 37.8 | WARNING
2026-09-22 04:39:26 | WARD_B_TEMP_03 | 35.1 | CRITICAL
2026-09-22 04:39:26 | WARD_B_TEMP_04 | 35.6 | NORMAL
2026-09-22 04:39:26 | WARD_B_TEMP_05 | 39.1 | CRITICAL
2026-09-22 04:39:27 | WARD_B_TEMP_01 | 36.9 | NORMAL
2026-09-22 04:39:27 | WARD_B_TEMP_02 | 34.8 | CRITICAL
2026-09-22 04:39:27 | WARD_B_TEMP_03 | 40.4 | CRITICAL
2026-09-22 04:39:27 | WARD_B_TEMP_04 | 40.3 | CRITICAL
2026-09-22 04:39:27 | WARD_B_TEMP_05 | 37.7 | WARNING
2026-09-22 04:39:28 | WARD_B_TEMP_01 | 40.0 | CRITICAL
2026-09-22 04:39:28 | WARD_B_TEMP_02 | 38.0 | WARNING
2026-09-22 04:39:28 | WARD_B_TEMP_03 | 39.6 | CRITICAL
2026-09-22 04:39:28 | WARD_B_TEMP_04 | 36.1 | NORMAL
2026-09-22 04:39:28 | WARD_B_TEMP_05 | 35.7 | NORMAL
2026-09-22 04:39:29 | WARD_B_TEMP_01 | 37.0 | NORMAL
2026-09-22 04:39:29 | WARD_B_TEMP_02 | 36.6 | NORMAL
2026-09-22 04:39:29 | WARD_B_TEMP_03 | 37.3 | NORMAL
2026-09-22 04:39:29 | WARD_B_TEMP_04 | 35.6 | NORMAL
2026-09-22 04:39:29 | WARD_B_TEMP_05 | 34.6 | CRITICAL
2026-09-22 04:39:30 | WARD_B_TEMP_01 | 35.7 | NORMAL
2026-09-22 04:39:30 | WARD_B_TEMP_02 | 37.5 | WARNING
2026-09-22 04:39:30 | WARD_B_TEMP_03 | 35.1 | CRITICAL
2026-09-22 04:39:30 | WARD_B_TEMP_04 | 37.6 | WARNING
2026-09-22 04:39:30 | WARD_B_TEMP_05 | 37.8 | WARNING
2026-09-22 04:39:31 | WARD_B_TEMP_01 | 36.2 | NORMAL
2026-09-22 04:39:31 | WARD_B_TEMP_02 | 37.7 | WARNING
2026-09-22 04:39:31 | WARD_B_TEMP_03 | 38.4 | CRITICAL
2026-09-22 04:39:31 | WARD_B_TEMP_04 | 40.3 | CRITICAL
2026-09-22 04:39:31 | WARD_B_TEMP_05 | 39.2 | CRITICAL
2026-09-22 04:39:32 | WARD_B_TEMP_01 | 37.7 | WARNING
2026-09-22 04:39:32 | WARD_B_TEMP_02 | 37.5 | WARNING
2026-09-22 04:39:32 | WARD_B_TEMP_03 | 35.3 | CRITICAL
2026-09-22 04:39:32 | WARD_B_TEMP_04 | 39.6 | CRITICAL
2026-09-22 04:39:32 | WARD_B_TEMP_05 | 35.2 | CRITICAL
2026-09-22 04:39:33 | WARD_B_TEMP_01 | 36.2 | NORMAL
2026-09-22 04:39:33 | WARD_B_TEMP_02 | 38.8 | CRITICAL
2026-09-22 04:39:33 | WARD_B_TEMP_03 | 40.3 | CRITICAL
2026-09-22 04:39:33 | WARD_B_TEMP_04 | 34.8 | CRITICAL
2026-09-22 04:39:33 | WARD_B_TEMP_05 | 38.7 | CRITICAL
2026-09-22 04:39:34 | WARD_B_TEMP_01 | 40.1 | CRITICAL
2026-09-22 04:39:34 | WARD_B_TEMP_02 | 36.3 | NORMAL
2026-09-22 04:39:34 | WARD_B_TEMP_03 | 35.8 | NORMAL
2026-09-22 04:39:34 | WARD_B_TEMP_04 | 37.5 | WARNING
2026-09-22 04:39:34 | WARD_B_TEMP_05 | 37.9 | WARNING
2026-09-22 04:39:35 | WARD_B_TEMP_01 | 36.5 | NORMAL
2026-09-22 04:39:35 | WARD_B_TEMP_02 | 35.0 | CRITICAL
2026-09-22 04:39:35 | WARD_B_TEMP_03 | 35.2 | CRITICAL
2026-09-22 04:39:35 | WARD_B_TEMP_04 | 37.0 | NORMAL
2026-09-22 04:39:35 | WARD_B_TEMP_05 | 35.7 | NORMAL
2026-09-22 04:39:36 | WARD_B_TEMP_01 | 39.7 | CRITICAL
2026-09-22 04:39:36 | WARD_B_TEMP_02 | 36.2 | NORMAL
2026-09-22 04:39:36 | WARD_B_TEMP_03 | 37.8 | WARNING
2026-09-22 04:39:36 | WARD_B_TEMP_04 | 38.3 | CRITICAL
2026-09-22 04:39:36 | WARD_B_TEMP_05 | 39.4 | CRITICAL
2026-09-22 04:39:37 | WARD_B_TEMP_01 | 35.7 | NORMAL
2026-09-22 04:39:37 | WARD_B_TEMP_02 | 37.4 | NORMAL
2026-09-22 04:39:37 | WARD_B_TEMP_03 | 36.3 | NORMAL
2026-09-22 04:39:37 | WARD_B_TEMP_04 | 37.2 | NORMAL
2026-09-22 04:39:37 | WARD_B_TEMP_05 | 38.8 | CRITICAL
2026-09-22 04:39:38 | WARD_B_TEMP_01 | 39.4 | CRITICAL
2026-09-22 04:39:38 | WARD_B_TEMP_02 | 35.3 | CRITICAL
2026-09-22 04:39:38 | WARD_B_TEMP_03 | 38.4 | CRITICAL
2026-09-22 04:39:38 | WARD_B_TEMP_04 | 39.1 | CRITICAL
2026-09-22 04:39:38 | WARD_B_TEMP_05 | 37.7 | WARNING
2026-09-22 04:39:39 | WARD_B_TEMP_01 | 35.7 | NORMAL
2026-09-22 04:39:39 | WARD_B_TEMP_02 | 38.2 | CRITICAL
2026-09-22 04:39:39 | WARD_B_TEMP_03 | 37.6 | WARNING
2026-09-22 04:39:39 | WARD_B_TEMP_04 | 40.1 | CRITICAL
2026-09-22 04:39:39 | WARD_B_TEMP_05 | 39.5 | CRITICAL
2026-09-22 04:39:40 | WARD_B_TEMP_01 | 37.9 | WARNING
2026-09-22 04:39:40 | WARD_B_TEMP_02 | 38.9 | CRITICAL
2026-09-22 04:39:40 | WARD_B_TEMP_03 | 36.3 | NORMAL
2026-09-22 04:39:40 | WARD_B_TEMP_04 | 39.5 | CRITICAL
2026-09-22 04:39:40 | WARD_B_TEMP_05 | 38.1 | CRITICAL
2026-09-22 04:39:41 | WARD_B_TEMP_01 | 36.6 | NORMAL
2026-09-22 04:39:41 | WARD_B_TEMP_02 | 36.3 | NORMAL
2026-09-22 04:39:41 | WARD_B_TEMP_03 | 36.7 | NORMAL
2026-09-22 04:39:41 | WARD_B_TEMP_04 | 40.4 | CRITICAL
2026-09-22 04:39:41 | WARD_B_TEMP_05 | 35.8 | NORMAL
2026-09-22 04:39:42 | WARD_B_TEMP_01 | 35.9 | NORMAL
2026-09-22 04:39:42 | WARD_B_TEMP_02 | 40.3 | CRITICAL
2026-09-22 04:39:42 | WARD_B_TEMP_03 | 35.5 | NORMAL
2026-09-22 04:39:42 | WARD_B_TEMP_04 | 37.4 | NORMAL
2026-09-22 04:39:42 | WARD_B_TEMP_05 | 35.1 | CRITICAL
2026-09-22 04:39:43 | WARD_B_TEMP_01 | 37.9 | WARNING
2026-09-22 04:39:43 | WARD_B_TEMP_02 | 34.7 | CRITICAL
2026-09-22 04:39:43 | WARD_B_TEMP_03 | 38.1 | CRITICAL
2026-09-22 04:39:43 | WARD_B_TEMP_04 | 39.3 | CRITICAL
2026-09-22 04:39:43 | WARD_B_TEMP_05 | 35.1 | CRITICAL
2026-09-22 04:39:44 | WARD_B_TEMP_01 | 37.1 | NORMAL
2026-09-22 04:39:44 | WARD_B_TEMP_02 | 35.7 | NORMAL
2026-09-22 04:39:44 | WARD_B_TEMP_03 | 37.8 | WARNING
2026-09-22 04:39:44 | WARD_B_TEMP_04 | 34.6 | CRITICAL
2026-09-22 04:39:44 | WARD_B_TEMP_05 | 38.1 | CRITICAL
2026-09-22 04:39:45 | WARD_B_TEMP_01 | 37.7 | WARNING
2026-09-22 04:39:45 | WARD_B_TEMP_02 | 38.9 | CRITICAL
2026-09-22 04:39:45 | WARD_B_TEMP_03 | 36.9 | NORMAL
2026-09-22 04:39:45 | WARD_B_TEMP_04 | 35.2 | CRITICAL
2026-09-22 04:39:45 | WARD_B_TEMP_05 | 37.9 | WARNING
2026-09-22 04:39:46 | WARD_B_TEMP_01 | 38.8 | CRITICAL
2026-09-22 04:39:46 | WARD_B_TEMP_02 | 40.0 | CRITICAL
2026-09-22 04:39:46 | WARD_B_TEMP_03 | 35.5 | NORMAL
2026-09-22 04:39:46 | WARD_B_TEMP_04 | 38.5 | CRITICAL
2026-09-22 04:39:46 | WARD_B_TEMP_05 | 35.3 | CRITICAL
2026-09-22 04:39:47 | WARD_B_TEMP_01 | 35.2 | CRITICAL
2026-09-22 04:39:47 | WARD_B_TEMP_02 | 39.6 | CRITICAL
2026-09-22 04:39:47 | WARD_B_TEMP_03 | 39.6 | CRITICAL
2026-09-22 04:39:47 | WARD_B_TEMP_04 | 39.6 | CRITICAL
2026-09-22 04:39:47 | WARD_B_TEMP_05 | 35.9 | NORMAL
2026-09-22 04:39:48 | WARD_B_TEMP_01 | 39.5 | CRITICAL
2026-09-22 04:39:48 | WARD_B_TEMP_02 | 36.6 | NORMAL
2026-09-22 04:39:48 | WARD_B_TEMP_03 | 34.6 | CRITICAL
2026-09-22 04:39:48 | WARD_B_TEMP_04 | 37.9 | WARNING
2026-09-22 04:39:48 | WARD_B_TEMP_05 | 37.1 | NORMAL
2026-09-22 04:39:49 | WARD_B_TEMP_01 | 37.3 | NORMAL
2026-09-22 04:39:49 | WARD_B_TEMP_02 | 34.5 | CRITICAL
2026-09-22 04:39:49 | WARD_B_TEMP_03 | 38.5 | CRITICAL
2026-09-22 04:39:49 | WARD_B_TEMP_04 | 36.7 | NORMAL
2026-09-22 04:39:49 | WARD_B_TEMP_05 | 38.4 | CRITICAL
2026-09-22 04:39:50 | WARD_B_TEMP_01 | 36.0 | NORMAL
2026-09-22 04:39:50 | WARD_B_TEMP_02 | 38.6 | CRITICAL
2026-09-22 04:39:50 | WARD_B_TEMP_03 | 35.7 | NORMAL
2026-09-22 04:39:50 | WARD_B_TEMP_04 | 38.3 | CRITICAL
2026-09-22 04:39:50 | WARD_B_TEMP_05 | 36.2 | NORMAL
2026-09-22 04:39:51 | WARD_B_TEMP_01 | 35.2 | CRITICAL
2026-09-22 04:39:51 | WARD_B_TEMP_02 | 36.7 | NORMAL
2026-09-22 04:39:51 | WARD_B_TEMP_03 | 38.1 | CRITICAL
2026-09-22 04:39:51 | WARD_B_TEMP_04 | 35.2 | CRITICAL
2026-09-22 04:39:51 | WARD_B_TEMP_05 | 38.0 | WARNING
2026-09-22 04:39:52 | WARD_B_TEMP_01 | 39.6 | CRITICAL
2026-09-22 04:39:52 | WARD_B_TEMP_02 | 40.3 | CRITICAL
2026-09-22 04:39:52 | WARD_B_TEMP_03 | 36.1 | NORMAL
2026-09-22 04:39:52 | WARD_B_TEMP_04 | 39.0 | CRITICAL
2026-09-22 04:39:52 | WARD_B_TEMP_05 | 36.9 | NORMAL
2026-09-22 04:39:53 | WARD_B_TEMP_01 | 37.1 | NORMAL
2026-09-22 04:39:53 | WARD_B_TEMP_02 | 35.5 | NORMAL
2026-09-22 04:39:53 | WARD_B_TEMP_03 | 35.7 | NORMAL
2026-09-22 04:39:53 | WARD_B_TEMP_04 | 36.1 | NORMAL
2026-09-22 04:39:53 | WARD_B_TEMP_05 | 39.8 | CRITICAL
2026-09-22 04:39:54 | WARD_B_TEMP_01 | 39.3 | CRITICAL
2026-09-22 04:39:54 | WARD_B_TEMP_02 | 37.9 | WARNING
2026-09-22 04:39:54 | WARD_B_TEMP_03 | 39.2 | CRITICAL
2026-09-22 04:39:54 | WARD_B_TEMP_04 | 36.3 | NORMAL
2026-09-22 04:39:54 | WARD_B_TEMP_05 | 38.1 | CRITICAL
2026-09-22 04:39:55 | WARD_B_TEMP_01 | 36.0 | NORMAL
2026-09-22 04:39:55 | WARD_B_TEMP_02 | 36.6 | NORMAL
2026-09-22 04:39:55 | WARD_B_TEMP_03 | 37.7 | WARNING
2026-09-22 04:39:55 | WARD_B_TEMP_04 | 36.4 | NORMAL
2026-09-22 04:39:55 | WARD_B_TEMP_05 | 40.3 | CRITICAL
2026-09-22 04:39:56 | WARD_B_TEMP_01 | 35.4 | CRITICAL
2026-09-22 04:39:56 | WARD_B_TEMP_02 | 37.0 | NORMAL
2026-09-22 04:39:56 | WARD_B_TEMP_03 | 37.6 | WARNING
2026-09-22 04:39:56 | WARD_B_TEMP_04 | 38.4 | CRITICAL
2026-09-22 04:39:56 | WARD_B_TEMP_05 | 38.6 | CRITICAL
2026-09-22 04:39:57 | WARD_B_TEMP_01 | 36.1 | NORMAL
2026-09-22 04:39:57 | WARD_B_TEMP_02 | 35.2 | CRITICAL
2026-09-22 04:39:57 | WARD_B_TEMP_03 | 35.8 | NORMAL
2026-09-22 04:39:57 | WARD_B_TEMP_04 | 38.7 | CRITICAL
2026-09-22 04:39:57 | WARD_B_TEMP_05 | 35.1 | CRITICAL
2026-09-22 04:39:58 | WARD_B_TEMP_01 | 36.0 | NORMAL
2026-09-22 04:39:58 | WARD_B_TEMP_02 | 35.2 | CRITICAL
2026-09-22 04:39:58 | WARD_B_TEMP_03 | 36.1 | NORMAL
2026-09-22 04:39:58 | WARD_B_TEMP_04 | 35.3 | CRITICAL
2026-09-22 04:39:58 | WARD_B_TEMP_05 | 34.6 | CRITICAL
2026-09-22 04:39:59 | WARD_B_TEMP_01 | 37.2 | NORMAL
2026-09-22 04:39:59 | WARD_B_TEMP_02 | 40.0 | CRITICAL
2026-09-22 04:39:59 | WARD_B_TEMP_03 | 38.2 | CRITICAL
2026-09-22 04:39:59 | WARD_B_TEMP_04 | 38.2 | CRITICAL
2026-09-22 04:39:59 | WARD_B_TEMP_05 | 36.0 | NORMAL
2026-09-22 04:40:00 | WARD_B_TEMP_01 | 39.8 | CRITICAL
2026-09-22 04:40:00 | WARD_B_TEMP_02 | 37.6 | WARNING
2026-09-22 04:40:00 | WARD_B_TEMP_03 | 36.3 | NORMAL
2026-09-22 04:40:00 | WARD_B_TEMP_04 | 37.0 | NORMAL
2026-09-22 04:40:00 | WARD_B_TEMP_05 | 39.6 | CRITICAL
2026-09-22 04:40:01 | WARD_B_TEMP_01 | 40.2 | CRITICAL
2026-09-22 04:40:01 | WARD_B_TEMP_02 | 37.9 | WARNING
2026-09-22 04:40:01 | WARD_B_TEMP_03 | 40.2 | CRITICAL
2026-09-22 04:40:01 | WARD_B_TEMP_04 | 37.7 | WARNING
2026-09-22 04:40:01 | WARD_B_TEMP_05 | 36.0 | NORMAL
2026-09-22 04:40:02 | WARD_B_TEMP_01 | 38.3 | CRITICAL
2026-09-22 04:40:02 | WARD_B_TEMP_02 | 35.9 | NORMAL
2026-09-22 04:40:02 | WARD_B_TEMP_03 | 38.2 | CRITICAL
2026-09-22 04:40:02 | WARD_B_TEMP_04 | 38.3 | CRITICAL
2026-09-22 04:40:02 | WARD_B_TEMP_05 | 40.1 | CRITICAL
2026-09-22 04:40:03 | WARD_B_TEMP_01 | 39.4 | CRITICAL
2026-09-22 04:40:03 | WARD_B_TEMP_02 | 40.4 | CRITICAL
2026-09-22 04:40:03 | WARD_B_TEMP_03 | 39.8 | CRITICAL
2026-09-22 04:40:03 | WARD_B_TEMP_04 | 40.3 | CRITICAL
2026-09-22 04:40:03 | WARD_B_TEMP_05 | 34.8 | CRITICAL
2026-09-22 04:40:04 | WARD_B_TEMP_01 | 37.3 | NORMAL
2026-09-22 04:40:04 | WARD_B_TEMP_02 | 38.1 | CRITICAL
2026-09-22 04:40:04 | WARD_B_TEMP_03 | 34.6 | CRITICAL
2026-09-22 04:40:04 | WARD_B_TEMP_04 | 34.5 | CRITICAL
2026-09-22 04:40:04 | WARD_B_TEMP_05 | 35.8 | NORMAL
2026-09-22 04:40:05 | WARD_B_TEMP_01 | 36.2 | NORMAL
2026-09-22 04:40:05 | WARD_B_TEMP_02 | 36.1 | NORMAL
2026-09-22 04:40:05 | WARD_B_TEMP_03 | 38.9 | CRITICAL
2026-09-22 04:40:05 | WARD_B_TEMP_04 | 38.6 | CRITICAL
2026-09-22 04:40:05 | WARD_B_TEMP_05 | 35.2 | CRITICAL
2026-09-22 04:40:06 | WARD_B_TEMP_01 | 35.0 | CRITICAL
2026-09-22 04:40:06 | WARD_B_TEMP_02 | 37.0 | NORMAL
2026-09-22 04:40:06 | WARD_B_TEMP_03 | 36.5 | NORMAL
2026-09-22 04:40:06 | WARD_B_TEMP_04 | 36.2 | NORMAL
2026-09-22 04:40:06 | WARD_B_TEMP_05 | 37.1 | NORMAL
2026-09-22 04:40:07 | WARD_B_TEMP_01 | 36.7 | NORMAL
2026-09-22 04:40:07 | WARD_B_TEMP_02 | 34.7 | CRITICAL
2026-09-22 04:40:07 | WARD_B_TEMP_03 | 36.1 | NORMAL
2026-09-22 04:40:07 | WARD_B_TEMP_04 | 37.9 | WARNING
2026-09-22 04:40:07 | WARD_B_TEMP_05 | 37.9 | WARNING
2026-09-22 04:40:08 | WARD_B_TEMP_01 | 36.0 | NORMAL
2026-09-22 04:40:08 | WARD_B_TEMP_02 | 39.5 | CRITICAL
2026-09-22 04:40:08 | WARD_B_TEMP_03 | 36.4 | NORMAL
2026-09-22 04:40:08 | WARD_B_TEMP_04 | 38.8 | CRITICAL
2026-09-22 04:40:08 | WARD_B_TEMP_05 | 38.2 | CRITICAL
2026-09-22 04:40:09 | WARD_B_TEMP_01 | 40.5 | CRITICAL
2026-09-22 04:40:09 | WARD_B_TEMP_02 | 38.0 | WARNING
2026-09-22 04:40:09 | WARD_B_TEMP_03 | 40.4 | CRITICAL
2026-09-22 04:40:09 | WARD_B_TEMP_04 | 39.4 | CRITICAL
2026-09-22 04:40:09 | WARD_B_TEMP_05 | 36.5 | NORMAL
2026-09-22 04:40:10 | WARD_B_TEMP_01 | 38.3 | CRITICAL
2026-09-22 04:40:10 | WARD_B_TEMP_02 | 37.2 | NORMAL
2026-09-22 04:40:10 | WARD_B_TEMP_03 | 38.6 | CRITICAL
2026-09-22 04:40:10 | WARD_B_TEMP_04 | 37.6 | WARNING
2026-09-22 04:40:10 | WARD_B_TEMP_05 | 38.9 | CRITICAL
2026-09-22 04:40:11 | WARD_B_TEMP_01 | 40.3 | CRITICAL
2026-09-22 04:40:11 | WARD_B_TEMP_02 | 38.1 | CRITICAL
2026-09-22 04:40:11 | WARD_B_TEMP_03 | 35.9 | NORMAL
2026-09-22 04:40:11 | WARD_B_TEMP_04 | 36.5 | NORMAL
2026-09-22 04:40:11 | WARD_B_TEMP_05 | 36.7 | NORMAL
2026-09-22 04:40:12 | WARD_B_TEMP_01 | 38.7 | CRITICAL
2026-09-22 04:40:12 | WARD_B_TEMP_02 | 37.3 | NORMAL
2026-09-22 04:40:12 | WARD_B_TEMP_03 | 40.5 | CRITICAL
2026-09-22 04:40:12 | WARD_B_TEMP_04 | 38.5 | CRITICAL
2026-09-22 04:40:12 | WARD_B_TEMP_05 | 38.8 | CRITICAL
2026-09-22 04:40:13 | WARD_B_TEMP_01 | 39.7 | CRITICAL
2026-09-22 04:40:13 | WARD_B_TEMP_02 | 35.7 | NORMAL
2026-09-22 04:40:13 | WARD_B_TEMP_03 | 38.6 | CRITICAL
2026-09-22 04:40:13 | WARD_B_TEMP_04 | 39.9 | CRITICAL
2026-09-22 04:40:13 | WARD_B_TEMP_05 | 38.0 | WARNING
2026-09-22 04:40:14 | WARD_B_TEMP_01 | 35.8 | NORMAL
2026-09-22 04:40:14 | WARD_B_TEMP_02 | 35.4 | CRITICAL
2026-09-22 04:40:14 | WARD_B_TEMP_03 | 36.9 | NORMAL
2026-09-22 04:40:14 | WARD_B_TEMP_04 | 38.6 | CRITICAL
2026-09-22 04:40:14 | WARD_B_TEMP_05 | 36.3 | NORMAL
2026-09-22 04:40:15 | WARD_B_TEMP_01 | 35.1 | CRITICAL
2026-09-22 04:40:15 | WARD_B_TEMP_02 | 38.9 | CRITICAL
2026-09-22 04:40:15 | WARD_B_TEMP_03 | 37.8 | WARNING
2026-09-22 04:40:15 | WARD_B_TEMP_04 | 36.6 | NORMAL
2026-09-22 04:40:15 | WARD_B_TEMP_05 | 38.6 | CRITICAL
2026-09-22 04:40:16 | WARD_B_TEMP_01 | 38.6 | CRITICAL
2026-09-22 04:40:16 | WARD_B_TEMP_02 | 34.6 | CRITICAL
2026-09-22 04:40:16 | WARD_B_TEMP_03 | 38.7 | CRITICAL
2026-09-22 04:40:16 | WARD_B_TEMP_04 | 35.5 | NORMAL
2026-09-22 04:40:16 | WARD_B_TEMP_05 | 36.2 | NORMAL
2026-09-22 04:40:17 | WARD_B_TEMP_01 | 35.4 | CRITICAL
2026-09-22 04:40:17 | WARD_B_TEMP_02 | 39.3 | CRITICAL
2026-09-22 04:40:17 | WARD_B_TEMP_03 | 36.7 | NORMAL
2026-09-22 04:40:17 | WARD_B_TEMP_04 | 39.6 | CRITICAL
2026-09-22 04:40:17 | WARD_B_TEMP_05 | 36.6 | NORMAL
2026-09-22 04:40:18 | WARD_B_TEMP_01 | 35.8 | NORMAL
2026-09-22 04:40:18 | WARD_B_TEMP_02 | 36.6 | NORMAL
2026-09-22 04:40:18 | WARD_B_TEMP_03 | 39.4 | CRITICAL
2026-09-22 04:40:18 | WARD_B_TEMP_04 | 39.1 | CRITICAL
2026-09-22 04:40:18 | WARD_B_TEMP_05 | 35.3 | CRITICAL
2026-09-22 04:40:19 | WARD_B_TEMP_01 | 40.0 | CRITICAL
2026-09-22 04:40:19 | WARD_B_TEMP_02 | 38.8 | CRITICAL
2026-09-22 04:40:19 | WARD_B_TEMP_03 | 37.9 | WARNING
2026-09-22 04:40:19 | WARD_B_TEMP_04 | 35.1 | CRITICAL
2026-09-22 04:40:19 | WARD_B_TEMP_05 | 37.1 | NORMAL
2026-09-22 04:40:20 | WARD_B_TEMP_01 | 39.4 | CRITICAL
2026-09-22 04:40:20 | WARD_B_TEMP_02 | 40.4 | CRITICAL
2026-09-22 04:40:20 | WARD_B_TEMP_03 | 37.8 | WARNING
2026-09-22 04:40:20 | WARD_B_TEMP_04 | 35.6 | NORMAL
2026-09-22 04:40:20 | WARD_B_TEMP_05 | 37.1 | NORMAL
2026-09-22 04:40:21 | WARD_B_TEMP_01 | 37.0 | NORMAL
2026-09-22 04:40:21 | WARD_B_TEMP_02 | 36.9 | NORMAL
2026-09-22 04:40:21 | WARD_B_TEMP_03 | 35.3 | CRITICAL
2026-09-22 04:40:21 | WARD_B_TEMP_04 | 35.0 | CRITICAL
2026-09-22 04:40:21 | WARD_B_TEMP_05 | 37.0 | NORMAL
2026-09-22 04:40:22 | WARD_B_TEMP_01 | 40.0 | CRITICAL
2026-09-22 04:40:22 | WARD_B_TEMP_02 | 39.9 | CRITICAL
2026-09-22 04:40:22 | WARD_B_TEMP_03 | 36.6 | NORMAL
2026-09-22 04:40:22 | WARD_B_TEMP_04 | 37.7 | WARNING
2026-09-22 04:40:22 | WARD_B_TEMP_05 | 35.2 | CRITICAL
2026-09-22 04:40:23 | WARD_B_TEMP_01 | 36.4 | NORMAL
2026-09-22 04:40:23 | WARD_B_TEMP_02 | 38.7 | CRITICAL
2026-09-22 04:40:23 | WARD_B_TEMP_03 | 35.3 | CRITICAL
2026-09-22 04:40:23 | WARD_B_TEMP_04 | 39.8 | CRITICAL
2026-09-22 04:40:23 | WARD_B_TEMP_05 | 36.6 | NORMAL
2026-09-22 04:40:24 | WARD_B_TEMP_01 | 39.2 | CRITICAL
2026-09-22 04:40:24 | WARD_B_TEMP_02 | 35.4 | CRITICAL
2026-09-22 04:40:24 | WARD_B_TEMP_03 | 38.8 | CRITICAL
2026-09-22 04:40:24 | WARD_B_TEMP_04 | 36.8 | NORMAL
2026-09-22 04:40:24 | WARD_B_TEMP_05 | 36.0 | NORMAL
2026-09-22 04:40:25 | WARD_B_TEMP_01 | 39.2 | CRITICAL
2026-09-22 04:40:25 | WARD_B_TEMP_02 | 34.8 | CRITICAL
2026-09-22 04:40:25 | WARD_B_TEMP_03 | 35.0 | CRITICAL
2026-09-22 04:40:25 | WARD_B_TEMP_04 | 38.2 | CRITICAL
2026-09-22 04:40:25 | WARD_B_TEMP_05 | 35.0 | CRITICAL
2026-09-22 04:40:26 | WARD_B_TEMP_01 | 40.2 | CRITICAL
2026-09-22 04:40:26 | WARD_B_TEMP_02 | 34.6 | CRITICAL
2026-09-22 04:40:26 | WARD_B_TEMP_03 | 35.8 | NORMAL
2026-09-22 04:40:26 | WARD_B_TEMP_04 | 35.2 | CRITICAL
2026-09-22 04:40:26 | WARD_B_TEMP_05 | 37.2 | NORMAL
2026-09-22 04:40:27 | WARD_B_TEMP_01 | 35.5 | NORMAL
2026-09-22 04:40:27 | WARD_B_TEMP_02 | 40.1 | CRITICAL
2026-09-22 04:40:27 | WARD_B_TEMP_03 | 40.0 | CRITICAL
2026-09-22 04:40:27 | WARD_B_TEMP_04 | 40.1 | CRITICAL
2026-09-22 04:40:27 | WARD_B_TEMP_05 | 38.4 | CRITICAL
2026-09-22 04:40:28 | WARD_B_TEMP_01 | 35.3 | CRITICAL
2026-09-22 04:40:28 | WARD_B_TEMP_02 | 35.5 | NORMAL
2026-09-22 04:40:28 | WARD_B_TEMP_03 | 36.7 | NORMAL
2026-09-22 04:40:28 | WARD_B_TEMP_04 | 35.8 | NORMAL
2026-09-22 04:40:28 | WARD_B_TEMP_05 | 35.9 | NORMAL
2026-09-22 04:40:29 | WARD_B_TEMP_01 | 34.9 | CRITICAL
2026-09-22 04:40:29 | WARD_B_TEMP_02 | 37.4 | NORMAL
2026-09-22 04:40:29 | WARD_B_TEMP_03 | 36.5 | NORMAL
2026-09-22 04:40:29 | WARD_B_TEMP_04 | 36.8 | NORMAL
2026-09-22 04:40:29 | WARD_B_TEMP_05 | 36.9 | NORMAL
2026-09-22 04:40:30 | WARD_B_TEMP_01 | 37.0 | NORMAL
2026-09-22 04:40:30 | WARD_B_TEMP_02 | 40.3 | CRITICAL
2026-09-22 04:40:30 | WARD_B_TEMP_03 | 38.9 | CRITICAL
2026-09-22 04:40:30 | WARD_B_TEMP_04 | 38.2 | CRITICAL
2026-09-22 04:40:30 | WARD_B_TEMP_05 | 38.0 | WARNING
2026-09-22 04:40:31 | WARD_B_TEMP_01 | 39.0 | CRITICAL
2026-09-22 04:40:31 | WARD_B_TEMP_02 | 35.6 | NORMAL
2026-09-22 04:40:31 | WARD_B_TEMP_03 | 37.3 | NORMAL
2026-09-22 04:40:31 | WARD_B_TEMP_04 | 37.6 | WARNING
2026-09-22 04:40:31 | WARD_B_TEMP_05 | 36.9 | NORMAL
2026-09-22 04:40:32 | WARD_B_TEMP_01 | 37.1 | NORMAL
2026-09-22 04:40:32 | WARD_B_TEMP_02 | 36.5 | NORMAL
2026-09-22 04:40:32 | WARD_B_TEMP_03 | 40.0 | CRITICAL
2026-09-22 04:40:32 | WARD_B_TEMP_04 | 36.6 | NORMAL
2026-09-22 04:40:32 | WARD_B_TEMP_05 | 37.2 | NORMAL
2026-09-22 04:40:33 | WARD_B_TEMP_01 | 34.6 | CRITICAL
2026-09-22 04:40:33 | WARD_B_TEMP_02 | 35.8 | NORMAL
2026-09-22 04:40:33 | WARD_B_TEMP_03 | 36.9 | NORMAL
2026-09-22 04:40:33 | WARD_B_TEMP_04 | 35.9 | NORMAL
2026-09-22 04:40:33 | WARD_B_TEMP_05 | 35.5 | NORMAL
2026-09-22 04:40:34 | WARD_B_TEMP_01 | 35.7 | NORMAL
2026-09-22 04:40:34 | WARD_B_TEMP_02 | 38.5 | CRITICAL
2026-09-22 04:40:34 | WARD_B_TEMP_03 | 35.5 | NORMAL
2026-09-22 04:40:34 | WARD_B_TEMP_04 | 37.4 | NORMAL
2026-09-22 04:40:34 | WARD_B_TEMP_05 | 40.3 | CRITICAL
2026-09-22 04:40:35 | WARD_B_TEMP_01 | 39.2 | CRITICAL
2026-09-22 04:40:35 | WARD_B_TEMP_02 | 37.0 | NORMAL
2026-09-22 04:40:35 | WARD_B_TEMP_03 | 39.4 | CRITICAL
2026-09-22 04:40:35 | WARD_B_TEMP_04 | 38.4 | CRITICAL
2026-09-22 04:40:35 | WARD_B_TEMP_05 | 36.8 | NORMAL
2026-09-22 04:40:36 | WARD_B_TEMP_01 | 36.9 | NORMAL
2026-09-22 04:40:36 | WARD_B_TEMP_02 | 38.2 | CRITICAL
2026-09-22 04:40:36 | WARD_B_TEMP_03 | 36.6 | NORMAL
2026-09-22 04:40:36 | WARD_B_TEMP_04 | 39.5 | CRITICAL
2026-09-22 04:40:36 | WARD_B_TEMP_05 | 36.8 | NORMAL
2026-09-22 04:40:37 | WARD_B_TEMP_01 | 40.3 | CRITICAL
2026-09-22 04:40:37 | WARD_B_TEMP_02 | 40.0 | CRITICAL
2026-09-22 04:40:37 | WARD_B_TEMP_03 | 39.1 | CRITICAL
2026-09-22 04:40:37 | WARD_B_TEMP_04 | 35.1 | CRITICAL
2026-09-22 04:40:37 | WARD_B_TEMP_05 | 35.4 | CRITICAL
2026-09-22 04:40:38 | WARD_B_TEMP_01 | 40.0 | CRITICAL
2026-09-22 04:40:38 | WARD_B_TEMP_02 | 35.4 | CRITICAL
2026-09-22 04:40:38 | WARD_B_TEMP_03 | 39.7 | CRITICAL
2026-09-22 04:40:38 | WARD_B_TEMP_04 | 37.5 | WARNING
2026-09-22 04:40:38 | WARD_B_TEMP_05 | 35.7 | NORMAL
2026-09-22 04:40:39 | WARD_B_TEMP_01 | 36.8 | NORMAL
2026-09-22 04:40:39 | WARD_B_TEMP_02 | 36.4 | NORMAL
2026-09-22 04:40:39 | WARD_B_TEMP_03 | 40.2 | CRITICAL
2026-09-22 04:40:39 | WARD_B_TEMP_04 | 36.3 | NORMAL
2026-09-22 04:40:39 | WARD_B_TEMP_05 | 38.3 | CRITICAL
2026-09-22 04:40:40 | WARD_B_TEMP_01 | 40.1 | CRITICAL
2026-09-22 04:40:40 | WARD_B_TEMP_02 | 37.0 | NORMAL
2026-09-22 04:40:40 | WARD_B_TEMP_03 | 38.0 | WARNING
2026-09-22 04:40:40 | WARD_B_TEMP_04 | 34.9 | CRITICAL
2026-09-22 04:40:40 | WARD_B_TEMP_05 | 34.7 | CRITICAL
2026-09-22 04:40:41 | WARD_B_TEMP_01 | 34.6 | CRITICAL
2026-09-22 04:40:41 | WARD_B_TEMP_02 | 40.3 | CRITICAL
2026-09-22 04:40:41 | WARD_B_TEMP_03 | 38.6 | CRITICAL
2026-09-22 04:40:41 | WARD_B_TEMP_04 | 38.6 | CRITICAL
2026-09-22 04:40:41 | WARD_B_TEMP_05 | 40.3 | CRITICAL
2026-09-22 04:40:42 | WARD_B_TEMP_01 | 38.5 | CRITICAL
2026-09-22 04:40:42 | WARD_B_TEMP_02 | 39.9 | CRITICAL
2026-09-22 04:40:42 | WARD_B_TEMP_03 | 36.2 | NORMAL
2026-09-22 04:40:42 | WARD_B_TEMP_04 | 35.0 | CRITICAL
2026-09-22 04:40:42 | WARD_B_TEMP_05 | 38.8 | CRITICAL
2026-09-22 04:40:43 | WARD_B_TEMP_01 | 36.4 | NORMAL
2026-09-22 04:40:43 | WARD_B_TEMP_02 | 37.9 | WARNING
2026-09-22 04:40:43 | WARD_B_TEMP_03 | 39.3 | CRITICAL
2026-09-22 04:40:43 | WARD_B_TEMP_04 | 37.6 | WARNING
2026-09-22 04:40:43 | WARD_B_TEMP_05 | 36.7 | NORMAL
2026-09-22 04:40:44 | WARD_B_TEMP_01 | 38.8 | CRITICAL
2026-09-22 04:40:44 | WARD_B_TEMP_02 | 38.2 | CRITICAL
2026-09-22 04:40:44 | WARD_B_TEMP_03 | 36.4 | NORMAL
2026-09-22 04:40:44 | WARD_B_TEMP_04 | 35.3 | CRITICAL
2026-09-22 04:40:44 | WARD_B_TEMP_05 | 38.8 | CRITICAL
2026-09-22 04:40:45 | WARD_B_TEMP_01 | 38.4 | CRITICAL
2026-09-22 04:40:45 | WARD_B_TEMP_02 | 38.0 | WARNING
2026-09-22 04:40:45 | WARD_B_TEMP_03 | 35.5 | NORMAL
2026-09-22 04:40:45 | WARD_B_TEMP_04 | 37.8 | WARNING
2026-09-22 04:40:45 | WARD_B_TEMP_05 | 39.6 | CRITICAL
2026-09-22 04:40:46 | WARD_B_TEMP_01 | 37.8 | WARNING
2026-09-22 04:40:46 | WARD_B_TEMP_02 | 34.9 | CRITICAL
2026-09-22 04:40:46 | WARD_B_TEMP_03 | 38.5 | CRITICAL
2026-09-22 04:40:46 | WARD_B_TEMP_04 | 37.8 | WARNING
2026-09-22 04:40:46 | WARD_B_TEMP_05 | 34.7 | CRITICAL
2026-09-22 04:40:47 | WARD_B_TEMP_01 | 38.0 | WARNING
2026-09-22 04:40:47 | WARD_B_TEMP_02 | 36.4 | NORMAL
2026-09-22 04:40:47 | WARD_B_TEMP_03 | 40.0 | CRITICAL
2026-09-22 04:40:47 | WARD_B_TEMP_04 | 37.1 | NORMAL
2026-09-22 04:40:47 | WARD_B_TEMP_05 | 39.9 | CRITICAL
2026-09-22 04:40:48 | WARD_B_TEMP_01 | 37.1 | NORMAL
2026-09-22 04:40:48 | WARD_B_TEMP_02 | 35.0 | CRITICAL
2026-09-22 04:40:48 | WARD_B_TEMP_03 | 39.4 | CRITICAL
2026-09-22 04:40:48 | WARD_B_TEMP_04 | 39.3 | CRITICAL
2026-09-22 04:40:48 | WARD_B_TEMP_05 | 38.5 | CRITICAL
2026-09-22 04:40:49 | WARD_B_TEMP_01 | 37.9 | WARNING
2026-09-22 04:40:49 | WARD_B_TEMP_02 | 36.0 | NORMAL
2026-09-22 04:40:49 | WARD_B_TEMP_03 | 39.7 | CRITICAL
2026-09-22 04:40:49 | WARD_B_TEMP_04 | 35.8 | NORMAL
2026-09-22 04:40:49 | WARD_B_TEMP_05 | 35.5 | NORMAL
2026-09-22 04:40:50 | WARD_B_TEMP_01 | 35.6 | NORMAL
2026-09-22 04:40:50 | WARD_B_TEMP_02 | 36.6 | NORMAL
2026-09-22 04:40:50 | WARD_B_TEMP_03 | 38.9 | CRITICAL
2026-09-22 04:40:50 | WARD_B_TEMP_04 | 34.5 | CRITICAL
2026-09-22 04:40:50 | WARD_B_TEMP_05 | 36.4 | NORMAL
2026-09-22 04:40:51 | WARD_B_TEMP_01 | 40.5 | CRITICAL
2026-09-22 04:40:51 | WARD_B_TEMP_02 | 38.9 | CRITICAL
2026-09-22 04:40:51 | WARD_B_TEMP_03 | 35.5 | NORMAL
2026-09-22 04:40:51 | WARD_B_TEMP_04 | 36.6 | NORMAL
2026-09-22 04:40:51 | WARD_B_TEMP_05 | 36.0 | NORMAL
2026-09-22 04:40:52 | WARD_B_TEMP_01 | 36.9 | NORMAL
2026-09-22 04:40:52 | WARD_B_TEMP_02 | 37.9 | WARNING
2026-09-22 04:40:52 | WARD_B_TEMP_03 | 38.2 | CRITICAL
2026-09-22 04:40:52 | WARD_B_TEMP_04 | 35.3 | CRITICAL
2026-09-22 04:40:52 | WARD_B_TEMP_05 | 39.0 | CRITICAL
2026-09-22 04:40:53 | WARD_B_TEMP_01 | 37.5 | WARNING
2026-09-22 04:40:53 | WARD_B_TEMP_02 | 36.7 | NORMAL
2026-09-22 04:40:53 | WARD_B_TEMP_03 | 35.7 | NORMAL
2026-09-22 04:40:53 | WARD_B_TEMP_04 | 37.1 | NORMAL
2026-09-22 04:40:53 | WARD_B_TEMP_05 | 38.6 | CRITICAL
2026-09-22 04:40:54 | WARD_B_TEMP_01 | 40.5 | CRITICAL
2026-09-22 04:40:54 | WARD_B_TEMP_02 | 37.3 | NORMAL
2026-09-22 04:40:54 | WARD_B_TEMP_03 | 37.0 | NORMAL
2026-09-22 04:40:54 | WARD_B_TEMP_04 | 34.7 | CRITICAL
2026-09-22 04:40:54 | WARD_B_TEMP_05 | 37.3 | NORMAL
2026-09-22 04:40:55 | WARD_B_TEMP_01 | 39.5 | CRITICAL
2026-09-22 04:40:55 | WARD_B_TEMP_02 | 35.4 | CRITICAL
2026-09-22 04:40:55 | WARD_B_TEMP_03 | 39.1 | CRITICAL
2026-09-22 04:40:55 | WARD_B_TEMP_04 | 39.1 | CRITICAL
2026-09-22 04:40:55 | WARD_B_TEMP_05 | 40.4 | CRITICAL
2026-09-22 04:40:56 | WARD_B_TEMP_01 | 39.9 | CRITICAL
2026-09-22 04:40:56 | WARD_B_TEMP_02 | 39.6 | CRITICAL
2026-09-22 04:40:56 | WARD_B_TEMP_03 | 37.3 | NORMAL
2026-09-22 04:40:56 | WARD_B_TEMP_04 | 40.2 | CRITICAL
2026-09-22 04:40:56 | WARD_B_TEMP_05 | 37.7 | WARNING
2026-09-22 04:40:57 | WARD_B_TEMP_01 | 38.7 | CRITICAL
2026-09-22 04:40:57 | WARD_B_TEMP_02 | 36.7 | NORMAL
2026-09-22 04:40:57 | WARD_B_TEMP_03 | 37.6 | WARNING
2026-09-22 04:40:57 | WARD_B_TEMP_04 | 38.0 | WARNING
2026-09-22 04:40:57 | WARD_B_TEMP_05 | 35.7 | NORMAL
2026-09-22 04:40:58 | WARD_B_TEMP_01 | 36.1 | NORMAL
2026-09-22 04:40:58 | WARD_B_TEMP_02 | 39.1 | CRITICAL
2026-09-22 04:40:58 | WARD_B_TEMP_03 | 36.0 | NORMAL
2026-09-22 04:40:58 | WARD_B_TEMP_04 | 37.1 | NORMAL
2026-09-22 04:40:58 | WARD_B_TEMP_05 | 37.7 | WARNING
2026-09-22 04:40:59 | WARD_B_TEMP_01 | 38.5 | CRITICAL
2026-09-22 04:40:59 | WARD_B_TEMP_02 | 36.8 | NORMAL
2026-09-22 04:40:59 | WARD_B_TEMP_03 | 38.0 | WARNING
2026-09-22 04:40:59 | WARD_B_TEMP_04 | 39.7 | CRITICAL
2026-09-22 04:40:59 | WARD_B_TEMP_05 | 36.2 | NORMAL
2026-09-22 04:41:00 | WARD_B_TEMP_01 | 40.0 | CRITICAL
2026-09-22 04:41:00 | WARD_B_TEMP_02 | 39.4 | CRITICAL
2026-09-22 04:41:00 | WARD_B_TEMP_03 | 36.2 | NORMAL
2026-09-22 04:41:00 | WARD_B_TEMP_04 | 40.4 | CRITICAL
2026-09-22 04:41:00 | WARD_B_TEMP_05 | 36.6 | NORMAL
2026-09-22 04:41:01 | WARD_B_TEMP_01 | 38.9 | CRITICAL
2026-09-22 04:41:01 | WARD_B_TEMP_02 | 38.0 | WARNING
2026-09-22 04:41:01 | WARD_B_TEMP_03 | 35.6 | NORMAL
2026-09-22 04:41:01 | WARD_B_TEMP_04 | 38.0 | WARNING
2026-09-22 04:41:01 | WARD_B_TEMP_05 | 34.6 | CRITICAL
2026-09-22 04:41:02 | WARD_B_TEMP_01 | 39.1 | CRITICAL
2026-09-22 04:41:02 | WARD_B_TEMP_02 | 37.3 | NORMAL
2026-09-22 04:41:02 | WARD_B_TEMP_03 | 35.0 | CRITICAL
2026-09-22 04:41:02 | WARD_B_TEMP_04 | 38.4 | CRITICAL
2026-09-22 04:41:02 | WARD_B_TEMP_05 | 39.1 | CRITICAL
2026-09-22 04:41:03 | WARD_B_TEMP_01 | 35.2 | CRITICAL
2026-09-22 04:41:03 | WARD_B_TEMP_02 | 37.3 | NORMAL
2026-09-22 04:41:03 | WARD_B_TEMP_03 | 37.0 | NORMAL
2026-09-22 04:41:03 | WARD_B_TEMP_04 | 37.3 | NORMAL
2026-09-22 04:41:03 | WARD_B_TEMP_05 | 37.5 | WARNING
2026-09-22 04:41:04 | WARD_B_TEMP_01 | 37.9 | WARNING
2026-09-22 04:41:04 | WARD_B_TEMP_02 | 35.1 | CRITICAL
2026-09-22 04:41:04 | WARD_B_TEMP_03 | 39.1 | CRITICAL
2026-09-22 04:41:04 | WARD_B_TEMP_04 | 35.9 | NORMAL
2026-09-22 04:41:04 | WARD_B_TEMP_05 | 40.2 | CRITICAL
2026-09-22 04:41:05 | WARD_B_TEMP_01 | 35.9 | NORMAL
2026-09-22 04:41:05 | WARD_B_TEMP_02 | 35.1 | CRITICAL
2026-09-22 04:41:05 | WARD_B_TEMP_03 | 38.3 | CRITICAL
2026-09-22 04:41:05 | WARD_B_TEMP_04 | 35.9 | NORMAL
2026-09-22 04:41:05 | WARD_B_TEMP_05 | 35.6 | NORMAL
2026-09-22 04:41:06 | WARD_B_TEMP_01 | 37.1 | NORMAL
2026-09-22 04:41:06 | WARD_B_TEMP_02 | 36.7 | NORMAL
2026-09-22 04:41:06 | WARD_B_TEMP_03 | 37.5 | WARNING
2026-09-22 04:41:06 | WARD_B_TEMP_04 | 38.7 | CRITICAL
2026-09-22 04:41:06 | WARD_B_TEMP_05 | 35.5 | NORMAL
2026-09-22 04:41:07 | WARD_B_TEMP_01 | 37.4 | NORMAL
2026-09-22 04:41:07 | WARD_B_TEMP_02 | 38.4 | CRITICAL
2026-09-22 04:41:07 | WARD_B_TEMP_03 | 36.8 | NORMAL
2026-09-22 04:41:07 | WARD_B_TEMP_04 | 38.3 | CRITICAL
2026-09-22 04:41:07 | WARD_B_TEMP_05 | 38.7 | CRITICAL
2026-09-22 04:41:08 | WARD_B_TEMP_01 | 38.8 | CRITICAL
2026-09-22 04:41:08 | WARD_B_TEMP_02 | 35.4 | CRITICAL
2026-09-22 04:41:08 | WARD_B_TEMP_03 | 36.4 | NORMAL
2026-09-22 04:41:08 | WARD_B_TEMP_04 | 39.9 | CRITICAL
2026-09-22 04:41:08 | WARD_B_TEMP_05 | 35.6 | NORMAL
2026-09-22 04:41:09 | WARD_B_TEMP_01 | 39.8 | CRITICAL
2026-09-22 04:41:09 | WARD_B_TEMP_02 | 36.0 | NORMAL
2026-09-22 04:41:09 | WARD_B_TEMP_03 | 36.1 | NORMAL
2026-09-22 04:41:09 | WARD_B_TEMP_04 | 38.4 | CRITICAL
2026-09-22 04:41:09 | WARD_B_TEMP_05 | 36.9 | NORMAL
2026-09-22 04:41:10 | WARD_B_TEMP_01 | 35.0 | CRITICAL
2026-09-22 04:41:10 | WARD_B_TEMP_02 | 37.9 | WARNING
2026-09-22 04:41:10 | WARD_B_TEMP_03 | 36.4 | NORMAL
2026-09-22 04:41:10 | WARD_B_TEMP_04 | 40.2 | CRITICAL
2026-09-22 04:41:10 | WARD_B_TEMP_05 | 34.5 | CRITICAL
2026-09-22 04:41:11 | WARD_B_TEMP_01 | 35.3 | CRITICAL
2026-09-22 04:41:11 | WARD_B_TEMP_02 | 35.5 | NORMAL
2026-09-22 04:41:11 | WARD_B_TEMP_03 | 36.0 | NORMAL
2026-09-22 04:41:11 | WARD_B_TEMP_04 | 34.6 | CRITICAL
2026-09-22 04:41:11 | WARD_B_TEMP_05 | 39.9 | CRITICAL
2026-09-22 04:41:12 | WARD_B_TEMP_01 | 38.8 | CRITICAL
2026-09-22 04:41:12 | WARD_B_TEMP_02 | 39.2 | CRITICAL
2026-09-22 04:41:12 | WARD_B_TEMP_03 | 37.0 | NORMAL
2026-09-22 04:41:12 | WARD_B_TEMP_04 | 34.8 | CRITICAL
2026-09-22 04:41:12 | WARD_B_TEMP_05 | 36.6 | NORMAL
2026-09-22 04:41:13 | WARD_B_TEMP_01 | 37.9 | WARNING
2026-09-22 04:41:13 | WARD_B_TEMP_02 | 37.0 | NORMAL
2026-09-22 04:41:13 | WARD_B_TEMP_03 | 38.2 | CRITICAL
2026-09-22 04:41:13 | WARD_B_TEMP_04 | 37.3 | NORMAL
2026-09-22 04:41:13 | WARD_B_TEMP_05 | 40.2 | CRITICAL
2026-09-22 04:41:14 | WARD_B_TEMP_01 | 39.7 | CRITICAL
2026-09-22 04:41:14 | WARD_B_TEMP_02 | 40.3 | CRITICAL
2026-09-22 04:41:14 | WARD_B_TEMP_03 | 34.6 | CRITICAL
2026-09-22 04:41:14 | WARD_B_TEMP_04 | 40.2 | CRITICAL
2026-09-22 04:41:14 | WARD_B_TEMP_05 | 40.2 | CRITICAL
2026-09-22 04:41:15 | WARD_B_TEMP_01 | 37.6 | WARNING
2026-09-22 04:41:15 | WARD_B_TEMP_02 | 40.0 | CRITICAL
2026-09-22 04:41:15 | WARD_B_TEMP_03 | 39.1 | CRITICAL
2026-09-22 04:41:15 | WARD_B_TEMP_04 | 36.7 | NORMAL
2026-09-22 04:41:15 | WARD_B_TEMP_05 | 39.7 | CRITICAL
2026-09-22 04:41:16 | WARD_B_TEMP_01 | 37.1 | NORMAL
2026-09-22 04:41:16 | WARD_B_TEMP_02 | 38.2 | CRITICAL
2026-09-22 04:41:16 | WARD_B_TEMP_03 | 37.2 | NORMAL
2026-09-22 04:41:16 | WARD_B_TEMP_04 | 35.3 | CRITICAL
2026-09-22 04:41:16 | WARD_B_TEMP_05 | 38.0 | WARNING
2026-09-22 04:41:17 | WARD_B_TEMP_01 | 36.9 | NORMAL
2026-09-22 04:41:17 | WARD_B_TEMP_02 | 34.6 | CRITICAL
2026-09-22 04:41:17 | WARD_B_TEMP_03 | 39.0 | CRITICAL
2026-09-22 04:41:17 | WARD_B_TEMP_04 | 36.6 | NORMAL
2026-09-22 04:41:17 | WARD_B_TEMP_05 | 38.7 | CRITICAL
2026-09-22 04:41:18 | WARD_B_TEMP_01 | 39.6 | CRITICAL
2026-09-22 04:41:18 | WARD_B_TEMP_02 | 36.8 | NORMAL
2026-09-22 04:41:18 | WARD_B_TEMP_03 | 36.5 | NORMAL
2026-09-22 04:41:18 | WARD_B_TEMP_04 | 36.0 | NORMAL
2026-09-22 04:41:18 | WARD_B_TEMP_05 | 35.4 | CRITICAL
2026-09-22 04:41:19 | WARD_B_TEMP_01 | 36.1 | NORMAL
2026-09-22 04:41:19 | WARD_B_TEMP_02 | 38.8 | CRITICAL
2026-09-22 04:41:19 | WARD_B_TEMP_03 | 39.9 | CRITICAL
2026-09-22 04:41:19 | WARD_B_TEMP_04 | 35.8 | NORMAL
2026-09-22 04:41:19 | WARD_B_TEMP_05 | 39.0 | CRITICAL
2026-09-22 04:41:20 | WARD_B_TEMP_01 | 38.3 | CRITICAL
2026-09-22 04:41:20 | WARD_B_TEMP_02 | 40.4 | CRITICAL
2026-09-22 04:41:20 | WARD_B_TEMP_03 | 37.1 | NORMAL
2026-09-22 04:41:20 | WARD_B_TEMP_04 | 35.6 | NORMAL
2026-09-22 04:41:20 | WARD_B_TEMP_05 | 39.6 | CRITICAL
2026-09-22 04:41:21 | WARD_B_TEMP_01 | 38.9 | CRITICAL
2026-09-22 04:41:21 | WARD_B_TEMP_02 | 37.1 | NORMAL
2026-09-22 04:41:21 | WARD_B_TEMP_03 | 39.6 | CRITICAL
2026-09-22 04:41:21 | WARD_B_TEMP_04 | 37.6 | WARNING
2026-09-22 04:41:21 | WARD_B_TEMP_05 | 38.6 | CRITICAL
2026-09-22 04:41:22 | WARD_B_TEMP_01 | 36.8 | NORMAL
2026-09-22 04:41:22 | WARD_B_TEMP_02 | 36.7 | NORMAL
2026-09-22 04:41:22 | WARD_B_TEMP_03 | 37.0 | NORMAL
2026-09-22 04:41:22 | WARD_B_TEMP_04 | 37.9 | WARNING
2026-09-22 04:41:22 | WARD_B_TEMP_05 | 38.3 | CRITICAL
2026-09-22 04:41:23 | WARD_B_TEMP_01 | 37.9 | WARNING
2026-09-22 04:41:23 | WARD_B_TEMP_02 | 40.3 | CRITICAL
2026-09-22 04:41:23 | WARD_B_TEMP_03 | 38.3 | CRITICAL
2026-09-22 04:41:23 | WARD_B_TEMP_04 | 38.8 | CRITICAL
2026-09-22 04:41:23 | WARD_B_TEMP_05 | 36.7 | NORMAL
2026-09-22 04:41:24 | WARD_B_TEMP_01 | 35.1 | CRITICAL
2026-09-22 04:41:24 | WARD_B_TEMP_02 | 40.3 | CRITICAL
2026-09-22 04:41:24 | WARD_B_TEMP_03 | 40.1 | CRITICAL
2026-09-22 04:41:24 | WARD_B_TEMP_04 | 38.0 | WARNING
2026-09-22 04:41:24 | WARD_B_TEMP_05 | 40.0 | CRITICAL
2026-09-22 04:41:25 | WARD_B_TEMP_01 | 34.9 | CRITICAL
2026-09-22 04:41:25 | WARD_B_TEMP_02 | 37.2 | NORMAL
2026-09-22 04:41:25 | WARD_B_TEMP_03 | 40.0 | CRITICAL
2026-09-22 04:41:25 | WARD_B_TEMP_04 | 38.0 | WARNING
2026-09-22 04:41:25 | WARD_B_TEMP_05 | 34.8 | CRITICAL
2026-09-22 04:41:26 | WARD_B_TEMP_01 | 38.2 | CRITICAL
2026-09-22 04:41:26 | WARD_B_TEMP_02 | 37.5 | WARNING
2026-09-22 04:41:26 | WARD_B_TEMP_03 | 37.6 | WARNING
2026-09-22 04:41:26 | WARD_B_TEMP_04 | 36.7 | NORMAL
2026-09-22 04:41:26 | WARD_B_TEMP_05 | 34.9 | CRITICAL
2026-09-22 04:41:27 | WARD_B_TEMP_01 | 38.0 | WARNING
2026-09-22 04:41:27 | WARD_B_TEMP_02 | 38.7 | CRITICAL
2026-09-22 04:41:27 | WARD_B_TEMP_03 | 38.2 | CRITICAL
2026-09-22 04:41:27 | WARD_B_TEMP_04 | 37.6 | WARNING
2026-09-22 04:41:27 | WARD_B_TEMP_05 | 37.9 | WARNING
2026-09-22 04:41:28 | WARD_B_TEMP_01 | 38.9 | CRITICAL
2026-09-22 04:41:28 | WARD_B_TEMP_02 | 34.6 | CRITICAL
2026-09-22 04:41:28 | WARD_B_TEMP_03 | 37.3 | NORMAL
2026-09-22 04:41:28 | WARD_B_TEMP_04 | 40.5 | CRITICAL
2026-09-22 04:41:28 | WARD_B_TEMP_05 | 38.7 | CRITICAL
2026-09-22 04:41:29 | WARD_B_TEMP_01 | 37.5 | WARNING
2026-09-22 04:41:29 | WARD_B_TEMP_02 | 38.6 | CRITICAL
2026-09-22 04:41:29 | WARD_B_TEMP_03 | 35.4 | CRITICAL
2026-09-22 04:41:29 | WARD_B_TEMP_04 | 35.1 | CRITICAL
2026-09-22 04:41:29 | WARD_B_TEMP_05 | 37.0 | NORMAL
2026-09-22 04:41:30 | WARD_B_TEMP_01 | 35.8 | NORMAL
2026-09-22 04:41:30 | WARD_B_TEMP_02 | 40.2 | CRITICAL
2026-09-22 04:41:30 | WARD_B_TEMP_03 | 39.9 | CRITICAL
2026-09-22 04:41:30 | WARD_B_TEMP_04 | 38.0 | WARNING
2026-09-22 04:41:30 | WARD_B_TEMP_05 | 39.3 | CRITICAL
2026-09-22 04:41:31 | WARD_B_TEMP_01 | 40.3 | CRITICAL
2026-09-22 04:41:31 | WARD_B_TEMP_02 | 38.0 | WARNING
2026-09-22 04:41:31 | WARD_B_TEMP_03 | 35.3 | CRITICAL
2026-09-22 04:41:31 | WARD_B_TEMP_04 | 40.0 | CRITICAL
2026-09-22 04:41:31 | WARD_B_TEMP_05 | 38.4 | CRITICAL
2026-09-22 04:41:32 | WARD_B_TEMP_01 | 36.5 | NORMAL
2026-09-22 04:41:32 | WARD_B_TEMP_02 | 39.6 | CRITICAL
2026-09-22 04:41:32 | WARD_B_TEMP_03 | 36.4 | NORMAL
2026-09-22 04:41:32 | WARD_B_TEMP_04 | 37.2 | NORMAL
2026-09-22 04:41:32 | WARD_B_TEMP_05 | 40.4 | CRITICAL
2026-09-22 04:41:33 | WARD_B_TEMP_01 | 36.1 | NORMAL
2026-09-22 04:41:33 | WARD_B_TEMP_02 | 37.0 | NORMAL
2026-09-22 04:41:33 | WARD_B_TEMP_03 | 34.7 | CRITICAL
2026-09-22 04:41:33 | WARD_B_TEMP_04 | 37.0 | NORMAL
2026-09-22 04:41:33 | WARD_B_TEMP_05 | 37.4 | NORMAL
2026-09-22 04:41:34 | WARD_B_TEMP_01 | 37.9 | WARNING
2026-09-22 04:41:34 | WARD_B_TEMP_02 | 35.0 | CRITICAL
2026-09-22 04:41:34 | WARD_B_TEMP_03 | 36.6 | NORMAL
2026-09-22 04:41:34 | WARD_B_TEMP_04 | 38.3 | CRITICAL
2026-09-22 04:41:34 | WARD_B_TEMP_05 | 40.0 | CRITICAL
2026-09-22 04:41:35 | WARD_B_TEMP_01 | 35.5 | NORMAL
2026-09-22 04:41:35 | WARD_B_TEMP_02 | 39.1 | CRITICAL
2026-09-22 04:41:35 | WARD_B_TEMP_03 | 37.8 | WARNING
2026-09-22 04:41:35 | WARD_B_TEMP_04 | 39.8 | CRITICAL
2026-09-22 04:41:35 | WARD_B_TEMP_05 | 39.9 | CRITICAL
2026-09-22 04:41:36 | WARD_B_TEMP_01 | 34.6 | CRITICAL
2026-09-22 04:41:36 | WARD_B_TEMP_02 | 35.2 | CRITICAL
2026-09-22 04:41:36 | WARD_B_TEMP_03 | 37.5 | WARNING
2026-09-22 04:41:36 | WARD_B_TEMP_04 | 39.7 | CRITICAL
2026-09-22 04:41:36 | WARD_B_TEMP_05 | 34.9 | CRITICAL
2026-09-22 04:41:37 | WARD_B_TEMP_01 | 35.0 | CRITICAL
2026-09-22 04:41:37 | WARD_B_TEMP_02 | 40.4 | CRITICAL
2026-09-22 04:41:37 | WARD_B_TEMP_03 | 39.5 | CRITICAL
2026-09-22 04:41:37 | WARD_B_TEMP_04 | 35.4 | CRITICAL
2026-09-22 04:41:37 | WARD_B_TEMP_05 | 35.0 | CRITICAL
2026-09-22 04:41:38 | WARD_B_TEMP_01 | 39.1 | CRITICAL
2026-09-22 04:41:38 | WARD_B_TEMP_02 | 38.6 | CRITICAL
2026-09-22 04:41:38 | WARD_B_TEMP_03 | 38.3 | CRITICAL
2026-09-22 04:41:38 | WARD_B_TEMP_04 | 39.4 | CRITICAL
2026-09-22 04:41:38 | WARD_B_TEMP_05 | 36.3 | NORMAL
2026-09-22 04:41:39 | WARD_B_TEMP_01 | 39.8 | CRITICAL
2026-09-22 04:41:39 | WARD_B_TEMP_02 | 38.6 | CRITICAL
2026-09-22 04:41:39 | WARD_B_TEMP_03 | 35.3 | CRITICAL
2026-09-22 04:41:39 | WARD_B_TEMP_04 | 39.3 | CRITICAL
2026-09-22 04:41:39 | WARD_B_TEMP_05 | 37.0 | NORMAL
2026-09-22 04:41:40 | WARD_B_TEMP_01 | 34.5 | CRITICAL
2026-09-22 04:41:40 | WARD_B_TEMP_02 | 35.7 | NORMAL
2026-09-22 04:41:40 | WARD_B_TEMP_03 | 35.6 | NORMAL
2026-09-22 04:41:40 | WARD_B_TEMP_04 | 37.5 | WARNING
2026-09-22 04:41:40 | WARD_B_TEMP_05 | 40.4 | CRITICAL
2026-09-22 04:41:41 | WARD_B_TEMP_01 | 39.5 | CRITICAL
2026-09-22 04:41:41 | WARD_B_TEMP_02 | 40.0 | CRITICAL
2026-09-22 04:41:41 | WARD_B_TEMP_03 | 39.4 | CRITICAL
2026-09-22 04:41:41 | WARD_B_TEMP_04 | 38.8 | CRITICAL
2026-09-22 04:41:41 | WARD_B_TEMP_05 | 39.9 | CRITICAL
2026-09-22 04:41:42 | WARD_B_TEMP_01 | 36.1 | NORMAL
2026-09-22 04:41:42 | WARD_B_TEMP_02 | 36.4 | NORMAL
2026-09-22 04:41:42 | WARD_B_TEMP_03 | 40.0 | CRITICAL
2026-09-22 04:41:42 | WARD_B_TEMP_04 | 35.5 | NORMAL
2026-09-22 04:41:42 | WARD_B_TEMP_05 | 35.8 | NORMAL
2026-09-22 04:41:43 | WARD_B_TEMP_01 | 40.2 | CRITICAL
2026-09-22 04:41:43 | WARD_B_TEMP_02 | 36.0 | NORMAL
2026-09-22 04:41:43 | WARD_B_TEMP_03 | 38.3 | CRITICAL
2026-09-22 04:41:43 | WARD_B_TEMP_04 | 39.8 | CRITICAL
2026-09-22 04:41:43 | WARD_B_TEMP_05 | 35.0 | CRITICAL
2026-09-22 04:41:44 | WARD_B_TEMP_01 | 37.7 | WARNING
2026-09-22 04:41:44 | WARD_B_TEMP_02 | 40.0 | CRITICAL
2026-09-22 04:41:44 | WARD_B_TEMP_03 | 36.1 | NORMAL
2026-09-22 04:41:44 | WARD_B_TEMP_04 | 35.1 | CRITICAL
2026-09-22 04:41:44 | WARD_B_TEMP_05 | 36.1 | NORMAL
2026-09-22 04:41:45 | WARD_B_TEMP_01 | 38.1 | CRITICAL
2026-09-22 04:41:45 | WARD_B_TEMP_02 | 34.6 | CRITICAL
2026-09-22 04:41:45 | WARD_B_TEMP_03 | 38.4 | CRITICAL
2026-09-22 04:41:45 | WARD_B_TEMP_04 | 36.4 | NORMAL
2026-09-22 04:41:45 | WARD_B_TEMP_05 | 37.3 | NORMAL
2026-09-22 04:41:46 | WARD_B_TEMP_01 | 36.7 | NORMAL
2026-09-22 04:41:46 | WARD_B_TEMP_02 | 35.2 | CRITICAL
2026-09-22 04:41:46 | WARD_B_TEMP_03 | 36.7 | NORMAL
2026-09-22 04:41:46 | WARD_B_TEMP_04 | 37.2 | NORMAL
2026-09-22 04:41:46 | WARD_B_TEMP_05 | 40.1 | CRITICAL
2026-09-22 04:41:47 | WARD_B_TEMP_01 | 38.5 | CRITICAL
2026-09-22 04:41:47 | WARD_B_TEMP_02 | 35.9 | NORMAL
2026-09-22 04:41:47 | WARD_B_TEMP_03 | 39.4 | CRITICAL
2026-09-22 04:41:47 | WARD_B_TEMP_04 | 36.1 | NORMAL
2026-09-22 04:41:47 | WARD_B_TEMP_05 | 34.9 | CRITICAL
2026-09-22 04:41:48 | WARD_B_TEMP_01 | 39.1 | CRITICAL
2026-09-22 04:41:48 | WARD_B_TEMP_02 | 36.5 | NORMAL
2026-09-22 04:41:48 | WARD_B_TEMP_03 | 35.3 | CRITICAL
2026-09-22 04:41:48 | WARD_B_TEMP_04 | 40.1 | CRITICAL
2026-09-22 04:41:48 | WARD_B_TEMP_05 | 35.8 | NORMAL
2026-09-22 04:41:49 | WARD_B_TEMP_01 | 39.5 | CRITICAL
2026-09-22 04:41:49 | WARD_B_TEMP_02 | 39.3 | CRITICAL
2026-09-22 04:41:49 | WARD_B_TEMP_03 | 37.1 | NORMAL
2026-09-22 04:41:49 | WARD_B_TEMP_04 | 37.7 | WARNING
2026-09-22 04:41:49 | WARD_B_TEMP_05 | 38.3 | CRITICAL
2026-09-22 04:41:50 | WARD_B_TEMP_01 | 38.7 | CRITICAL
2026-09-22 04:41:50 | WARD_B_TEMP_02 | 34.6 | CRITICAL
2026-09-22 04:41:50 | WARD_B_TEMP_03 | 38.4 | CRITICAL
2026-09-22 04:41:50 | WARD_B_TEMP_04 | 39.1 | CRITICAL
2026-09-22 04:41:50 | WARD_B_TEMP_05 | 39.1 | CRITICAL
2026-09-22 04:41:51 | WARD_B_TEMP_01 | 38.1 | CRITICAL
2026-09-22 04:41:51 | WARD_B_TEMP_02 | 35.2 | CRITICAL
2026-09-22 04:41:51 | WARD_B_TEMP_03 | 40.4 | CRITICAL
2026-09-22 04:41:51 | WARD_B_TEMP_04 | 34.8 | CRITICAL
2026-09-22 04:41:51 | WARD_B_TEMP_05 | 36.9 | NORMAL
2026-09-22 04:41:52 | WARD_B_TEMP_01 | 39.4 | CRITICAL
2026-09-22 04:41:52 | WARD_B_TEMP_02 | 40.2 | CRITICAL
2026-09-22 04:41:52 | WARD_B_TEMP_03 | 35.5 | NORMAL
2026-09-22 04:41:52 | WARD_B_TEMP_04 | 39.5 | CRITICAL
2026-09-22 04:41:52 | WARD_B_TEMP_05 | 40.1 | CRITICAL
2026-09-22 04:41:53 | WARD_B_TEMP_01 | 35.1 | CRITICAL
2026-09-22 04:41:53 | WARD_B_TEMP_02 | 39.8 | CRITICAL
2026-09-22 04:41:53 | WARD_B_TEMP_03 | 36.1 | NORMAL
2026-09-22 04:41:53 | WARD_B_TEMP_04 | 36.6 | NORMAL
2026-09-22 04:41:53 | WARD_B_TEMP_05 | 35.2 | CRITICAL
2026-09-22 04:41:54 | WARD_B_TEMP_01 | 37.6 | WARNING
2026-09-22 04:41:54 | WARD_B_TEMP_02 | 36.8 | NORMAL
2026-09-22 04:41:54 | WARD_B_TEMP_03 | 39.2 | CRITICAL
2026-09-22 04:41:54 | WARD_B_TEMP_04 | 36.7 | NORMAL
2026-09-22 04:41:54 | WARD_B_TEMP_05 | 34.6 | CRITICAL
2026-09-22 04:41:55 | WARD_B_TEMP_01 | 37.9 | WARNING
2026-09-22 04:41:55 | WARD_B_TEMP_02 | 39.0 | CRITICAL
2026-09-22 04:41:55 | WARD_B_TEMP_03 | 37.5 | WARNING
2026-09-22 04:41:55 | WARD_B_TEMP_04 | 39.4 | CRITICAL
2026-09-22 04:41:55 | WARD_B_TEMP_05 | 36.2 | NORMAL
2026-09-22 04:41:56 | WARD_B_TEMP_01 | 38.0 | WARNING
2026-09-22 04:41:56 | WARD_B_TEMP_02 | 39.5 | CRITICAL
2026-09-22 04:41:56 | WARD_B_TEMP_03 | 35.4 | CRITICAL
2026-09-22 04:41:56 | WARD_B_TEMP_04 | 35.6 | NORMAL
2026-09-22 04:41:56 | WARD_B_TEMP_05 | 34.9 | CRITICAL
2026-09-22 04:41:57 | WARD_B_TEMP_01 | 37.5 | WARNING
2026-09-22 04:41:57 | WARD_B_TEMP_02 | 37.4 | NORMAL
2026-09-22 04:41:57 | WARD_B_TEMP_03 | 37.3 | NORMAL
2026-09-22 04:41:57 | WARD_B_TEMP_04 | 39.4 | CRITICAL
2026-09-22 04:41:57 | WARD_B_TEMP_05 | 36.5 | NORMAL
2026-09-22 04:41:58 | WARD_B_TEMP_01 | 38.9 | CRITICAL
2026-09-22 04:41:58 | WARD_B_TEMP_02 | 37.4 | NORMAL
2026-09-22 04:41:58 | WARD_B_TEMP_03 | 38.7 | CRITICAL
2026-09-22 04:41:58 | WARD_B_TEMP_04 | 40.0 | CRITICAL
2026-09-22 04:41:58 | WARD_B_TEMP_05 | 38.9 | CRITICAL
2026-09-22 04:41:59 | WARD_B_TEMP_01 | 35.8 | NORMAL
2026-09-22 04:41:59 | WARD_B_TEMP_02 | 39.7 | CRITICAL
2026-09-22 04:41:59 | WARD_B_TEMP_03 | 35.8 | NORMAL
2026-09-22 04:41:59 | WARD_B_TEMP_04 | 36.7 | NORMAL
2026-09-22 04:41:59 | WARD_B_TEMP_05 | 38.1 | CRITICAL
2026-09-22 04:42:00 | WARD_B_TEMP_01 | 39.8 | CRITICAL
2026-09-22 04:42:00 | WARD_B_TEMP_02 | 34.9 | CRITICAL
2026-09-22 04:42:00 | WARD_B_TEMP_03 | 40.3 | CRITICAL
2026-09-22 04:42:00 | WARD_B_TEMP_04 | 39.4 | CRITICAL
2026-09-22 04:42:00 | WARD_B_TEMP_05 | 39.0 | CRITICAL
2026-09-22 04:42:01 | WARD_B_TEMP_01 | 39.8 | CRITICAL
2026-09-22 04:42:01 | WARD_B_TEMP_02 | 35.5 | NORMAL
2026-09-22 04:42:01 | WARD_B_TEMP_03 | 40.4 | CRITICAL
2026-09-22 04:42:01 | WARD_B_TEMP_04 | 38.9 | CRITICAL
2026-09-22 04:42:01 | WARD_B_TEMP_05 | 36.8 | NORMAL
2026-09-22 04:42:02 | WARD_B_TEMP_01 | 39.0 | CRITICAL
2026-09-22 04:42:02 | WARD_B_TEMP_02 | 37.8 | WARNING
2026-09-22 04:42:02 | WARD_B_TEMP_03 | 35.6 | NORMAL
2026-09-22 04:42:02 | WARD_B_TEMP_04 | 37.8 | WARNING
2026-09-22 04:42:02 | WARD_B_TEMP_05 | 40.1 | CRITICAL
2026-09-22 04:42:03 | WARD_B_TEMP_01 | 40.4 | CRITICAL
2026-09-22 04:42:03 | WARD_B_TEMP_02 | 36.5 | NORMAL
2026-09-22 04:42:03 | WARD_B_TEMP_03 | 36.6 | NORMAL
2026-09-22 04:42:03 | WARD_B_TEMP_04 | 38.0 | WARNING
2026-09-22 04:42:03 | WARD_B_TEMP_05 | 40.4 | CRITICAL
2026-09-22 04:42:04 | WARD_B_TEMP_01 | 39.8 | CRITICAL
2026-09-22 04:42:04 | WARD_B_TEMP_02 | 37.8 | WARNING
2026-09-22 04:42:04 | WARD_B_TEMP_03 | 38.3 | CRITICAL
2026-09-22 04:42:04 | WARD_B_TEMP_04 | 39.9 | CRITICAL
2026-09-22 04:42:04 | WARD_B_TEMP_05 | 36.0 | NORMAL
2026-09-22 04:42:05 | WARD_B_TEMP_01 | 38.9 | CRITICAL
2026-09-22 04:42:05 | WARD_B_TEMP_02 | 36.5 | NORMAL
2026-09-22 04:42:05 | WARD_B_TEMP_03 | 36.2 | NORMAL
2026-09-22 04:42:05 | WARD_B_TEMP_04 | 34.6 | CRITICAL
2026-09-22 04:42:05 | WARD_B_TEMP_05 | 38.1 | CRITICAL
2026-09-22 04:42:06 | WARD_B_TEMP_01 | 38.7 | CRITICAL
2026-09-22 04:42:06 | WARD_B_TEMP_02 | 36.5 | NORMAL
2026-09-22 04:42:06 | WARD_B_TEMP_03 | 35.1 | CRITICAL
2026-09-22 04:42:06 | WARD_B_TEMP_04 | 37.2 | NORMAL
2026-09-22 04:42:06 | WARD_B_TEMP_05 | 39.6 | CRITICAL
2026-09-22 04:42:07 | WARD_B_TEMP_01 | 35.7 | NORMAL
2026-09-22 04:42:07 | WARD_B_TEMP_02 | 39.4 | CRITICAL
2026-09-22 04:42:07 | WARD_B_TEMP_03 | 37.6 | WARNING
2026-09-22 04:42:07 | WARD_B_TEMP_04 | 38.8 | CRITICAL
2026-09-22 04:42:07 | WARD_B_TEMP_05 | 37.3 | NORMAL
2026-09-22 04:42:08 | WARD_B_TEMP_01 | 39.2 | CRITICAL
2026-09-22 04:42:08 | WARD_B_TEMP_02 | 39.0 | CRITICAL
2026-09-22 04:42:08 | WARD_B_TEMP_03 | 38.0 | WARNING
2026-09-22 04:42:08 | WARD_B_TEMP_04 | 38.3 | CRITICAL
2026-09-22 04:42:08 | WARD_B_TEMP_05 | 39.0 | CRITICAL
2026-09-22 04:42:09 | WARD_B_TEMP_01 | 35.3 | CRITICAL
2026-09-22 04:42:09 | WARD_B_TEMP_02 | 36.8 | NORMAL
2026-09-22 04:42:09 | WARD_B_TEMP_03 | 34.9 | CRITICAL
2026-09-22 04:42:09 | WARD_B_TEMP_04 | 38.9 | CRITICAL
2026-09-22 04:42:09 | WARD_B_TEMP_05 | 36.4 | NORMAL
2026-09-22 04:42:10 | WARD_B_TEMP_01 | 37.6 | WARNING
2026-09-22 04:42:10 | WARD_B_TEMP_02 | 39.8 | CRITICAL
2026-09-22 04:42:10 | WARD_B_TEMP_03 | 35.2 | CRITICAL
2026-09-22 04:42:10 | WARD_B_TEMP_04 | 35.1 | CRITICAL
2026-09-22 04:42:10 | WARD_B_TEMP_05 | 39.7 | CRITICAL
2026-09-22 04:42:11 | WARD_B_TEMP_01 | 40.4 | CRITICAL
2026-09-22 04:42:11 | WARD_B_TEMP_02 | 36.4 | NORMAL
2026-09-22 04:42:11 | WARD_B_TEMP_03 | 37.6 | WARNING
2026-09-22 04:42:11 | WARD_B_TEMP_04 | 35.1 | CRITICAL
2026-09-22 04:42:11 | WARD_B_TEMP_05 | 38.6 | CRITICAL
2026-09-22 04:42:12 | WARD_B_TEMP_01 | 35.1 | CRITICAL
2026-09-22 04:42:12 | WARD_B_TEMP_02 | 35.8 | NORMAL
2026-09-22 04:42:12 | WARD_B_TEMP_03 | 37.4 | NORMAL
2026-09-22 04:42:12 | WARD_B_TEMP_04 | 35.0 | CRITICAL
2026-09-22 04:42:12 | WARD_B_TEMP_05 | 39.1 | CRITICAL
2026-09-22 04:42:13 | WARD_B_TEMP_01 | 34.9 | CRITICAL
2026-09-22 04:42:13 | WARD_B_TEMP_02 | 40.2 | CRITICAL
2026-09-22 04:42:13 | WARD_B_TEMP_03 | 36.9 | NORMAL
2026-09-22 04:42:13 | WARD_B_TEMP_04 | 34.6 | CRITICAL
2026-09-22 04:42:13 | WARD_B_TEMP_05 | 35.8 | NORMAL
2026-09-22 04:42:14 | WARD_B_TEMP_01 | 35.9 | NORMAL
2026-09-22 04:42:14 | WARD_B_TEMP_02 | 39.0 | CRITICAL
2026-09-22 04:42:14 | WARD_B_TEMP_03 | 36.6 | NORMAL
2026-09-22 04:42:14 | WARD_B_TEMP_04 | 35.6 | NORMAL
2026-09-22 04:42:14 | WARD_B_TEMP_05 | 37.3 | NORMAL
2026-09-22 04:42:15 | WARD_B_TEMP_01 | 36.5 | NORMAL
2026-09-22 04:42:15 | WARD_B_TEMP_02 | 39.7 | CRITICAL
2026-09-22 04:42:15 | WARD_B_TEMP_03 | 39.7 | CRITICAL
2026-09-22 04:42:15 | WARD_B_TEMP_04 | 38.4 | CRITICAL
2026-09-22 04:42:15 | WARD_B_TEMP_05 | 37.0 | NORMAL
2026-09-22 04:42:16 | WARD_B_TEMP_01 | 34.6 | CRITICAL
2026-09-22 04:42:16 | WARD_B_TEMP_02 | 34.8 | CRITICAL
2026-09-22 04:42:16 | WARD_B_TEMP_03 | 35.1 | CRITICAL
2026-09-22 04:42:16 | WARD_B_TEMP_04 | 35.7 | NORMAL
2026-09-22 04:42:16 | WARD_B_TEMP_05 | 36.2 | NORMAL
2026-09-22 04:42:17 | WARD_B_TEMP_01 | 39.5 | CRITICAL
2026-09-22 04:42:17 | WARD_B_TEMP_02 | 37.8 | WARNING
2026-09-22 04:42:17 | WARD_B_TEMP_03 | 36.6 | NORMAL
2026-09-22 04:42:17 | WARD_B_TEMP_04 | 37.2 | NORMAL
2026-09-22 04:42:17 | WARD_B_TEMP_05 | 35.9 | NORMAL
2026-09-22 04:42:18 | WARD_B_TEMP_01 | 39.0 | CRITICAL
2026-09-22 04:42:18 | WARD_B_TEMP_02 | 40.1 | CRITICAL
2026-09-22 04:42:18 | WARD_B_TEMP_03 | 38.6 | CRITICAL
2026-09-22 04:42:18 | WARD_B_TEMP_04 | 35.4 | CRITICAL
2026-09-22 04:42:18 | WARD_B_TEMP_05 | 38.2 | CRITICAL
2026-09-22 04:42:19 | WARD_B_TEMP_01 | 38.9 | CRITICAL
2026-09-22 04:42:19 | WARD_B_TEMP_02 | 35.3 | CRITICAL
2026-09-22 04:42:19 | WARD_B_TEMP_03 | 38.5 | CRITICAL
2026-09-22 04:42:19 | WARD_B_TEMP_04 | 36.2 | NORMAL
2026-09-22 04:42:19 | WARD_B_TEMP_05 | 34.8 | CRITICAL
2026-09-22 04:42:20 | WARD_B_TEMP_01 | 39.7 | CRITICAL
2026-09-22 04:42:20 | WARD_B_TEMP_02 | 40.4 | CRITICAL
2026-09-22 04:42:20 | WARD_B_TEMP_03 | 39.4 | CRITICAL
2026-09-22 04:42:20 | WARD_B_TEMP_04 | 34.5 | CRITICAL
2026-09-22 04:42:20 | WARD_B_TEMP_05 | 39.8 | CRITICAL
2026-09-22 04:42:21 | WARD_B_TEMP_01 | 37.7 | WARNING
2026-09-22 04:42:21 | WARD_B_TEMP_02 | 37.9 | WARNING
2026-09-22 04:42:21 | WARD_B_TEMP_03 | 36.6 | NORMAL
2026-09-22 04:42:21 | WARD_B_TEMP_04 | 37.8 | WARNING
2026-09-22 04:42:21 | WARD_B_TEMP_05 | 40.1 | CRITICAL
2026-09-22 04:42:22 | WARD_B_TEMP_01 | 40.1 | CRITICAL
2026-09-22 04:42:22 | WARD_B_TEMP_02 | 37.6 | WARNING
2026-09-22 04:42:22 | WARD_B_TEMP_03 | 34.7 | CRITICAL
2026-09-22 04:42:22 | WARD_B_TEMP_04 | 35.5 | NORMAL
2026-09-22 04:42:22 | WARD_B_TEMP_05 | 36.2 | NORMAL
2026-09-22 04:42:23 | WARD_B_TEMP_01 | 35.8 | NORMAL
2026-09-22 04:42:23 | WARD_B_TEMP_02 | 35.5 | NORMAL
2026-09-22 04:42:23 | WARD_B_TEMP_03 | 38.4 | CRITICAL
2026-09-22 04:42:23 | WARD_B_TEMP_04 | 36.7 | NORMAL
2026-09-22 04:42:23 | WARD_B_TEMP_05 | 40.3 | CRITICAL
2026-09-22 04:42:24 | WARD_B_TEMP_01 | 40.0 | CRITICAL
2026-09-22 04:42:24 | WARD_B_TEMP_02 | 39.9 | CRITICAL
2026-09-22 04:42:24 | WARD_B_TEMP_03 | 39.9 | CRITICAL
2026-09-22 04:42:24 | WARD_B_TEMP_04 | 36.4 | NORMAL
2026-09-22 04:42:24 | WARD_B_TEMP_05 | 39.2 | CRITICAL
2026-09-22 04:42:25 | WARD_B_TEMP_01 | 34.8 | CRITICAL
2026-09-22 04:42:25 | WARD_B_TEMP_02 | 39.4 | CRITICAL
2026-09-22 04:42:25 | WARD_B_TEMP_03 | 37.9 | WARNING
2026-09-22 04:42:25 | WARD_B_TEMP_04 | 39.2 | CRITICAL
2026-09-22 04:42:25 | WARD_B_TEMP_05 | 38.7 | CRITICAL
2026-09-22 04:42:26 | WARD_B_TEMP_01 | 39.5 | CRITICAL
2026-09-22 04:42:26 | WARD_B_TEMP_02 | 36.2 | NORMAL
2026-09-22 04:42:26 | WARD_B_TEMP_03 | 35.3 | CRITICAL
2026-09-22 04:42:26 | WARD_B_TEMP_04 | 37.5 | WARNING
2026-09-22 04:42:26 | WARD_B_TEMP_05 | 39.5 | CRITICAL
2026-09-22 04:42:27 | WARD_B_TEMP_01 | 36.1 | NORMAL
2026-09-22 04:42:27 | WARD_B_TEMP_02 | 39.7 | CRITICAL
2026-09-22 04:42:27 | WARD_B_TEMP_03 | 36.0 | NORMAL
2026-09-22 04:42:27 | WARD_B_TEMP_04 | 39.2 | CRITICAL
2026-09-22 04:42:27 | WARD_B_TEMP_05 | 35.2 | CRITICAL
2026-09-22 04:42:28 | WARD_B_TEMP_01 | 39.7 | CRITICAL
2026-09-22 04:42:28 | WARD_B_TEMP_02 | 38.2 | CRITICAL
2026-09-22 04:42:28 | WARD_B_TEMP_03 | 37.7 | WARNING
2026-09-22 04:42:28 | WARD_B_TEMP_04 | 36.0 | NORMAL
2026-09-22 04:42:28 | WARD_B_TEMP_05 | 34.9 | CRITICAL
2026-09-22 04:42:29 | WARD_B_TEMP_01 | 37.9 | WARNING
2026-09-22 04:42:29 | WARD_B_TEMP_02 | 34.8 | CRITICAL
2026-09-22 04:42:29 | WARD_B_TEMP_03 | 39.5 | CRITICAL
2026-09-22 04:42:29 | WARD_B_TEMP_04 | 39.4 | CRITICAL
2026-09-22 04:42:29 | WARD_B_TEMP_05 | 40.0 | CRITICAL
2026-09-22 04:42:30 | WARD_B_TEMP_01 | 38.1 | CRITICAL
2026-09-22 04:42:30 | WARD_B_TEMP_02 | 36.6 | NORMAL
2026-09-22 04:42:30 | WARD_B_TEMP_03 | 37.0 | NORMAL
2026-09-22 04:42:30 | WARD_B_TEMP_04 | 38.1 | CRITICAL
2026-09-22 04:42:30 | WARD_B_TEMP_05 | 40.4 | CRITICAL
2026-09-22 04:42:31 | WARD_B_TEMP_01 | 39.1 | CRITICAL
2026-09-22 04:42:31 | WARD_B_TEMP_02 | 39.6 | CRITICAL
2026-09-22 04:42:31 | WARD_B_TEMP_03 | 39.0 | CRITICAL
2026-09-22 04:42:31 | WARD_B_TEMP_04 | 39.0 | CRITICAL
2026-09-22 04:42:31 | WARD_B_TEMP_05 | 36.3 | NORMAL
2026-09-22 04:42:32 | WARD_B_TEMP_01 | 38.1 | CRITICAL
2026-09-22 04:42:32 | WARD_B_TEMP_02 | 35.3 | CRITICAL
2026-09-22 04:42:32 | WARD_B_TEMP_03 | 37.6 | WARNING
2026-09-22 04:42:32 | WARD_B_TEMP_04 | 36.9 | NORMAL
2026-09-22 04:42:32 | WARD_B_TEMP_05 | 38.1 | CRITICAL
2026-09-22 04:42:33 | WARD_B_TEMP_01 | 36.1 | NORMAL
2026-09-22 04:42:33 | WARD_B_TEMP_02 | 39.0 | CRITICAL
2026-09-22 04:42:33 | WARD_B_TEMP_03 | 40.4 | CRITICAL
2026-09-22 04:42:33 | WARD_B_TEMP_04 | 36.5 | NORMAL
2026-09-22 04:42:33 | WARD_B_TEMP_05 | 37.7 | WARNING
2026-09-22 04:42:34 | WARD_B_TEMP_01 | 40.4 | CRITICAL
2026-09-22 04:42:34 | WARD_B_TEMP_02 | 37.0 | NORMAL
2026-09-22 04:42:34 | WARD_B_TEMP_03 | 39.3 | CRITICAL
2026-09-22 04:42:34 | WARD_B_TEMP_04 | 39.6 | CRITICAL
2026-09-22 04:42:34 | WARD_B_TEMP_05 | 34.5 | CRITICAL
2026-09-22 04:42:35 | WARD_B_TEMP_01 | 39.9 | CRITICAL
2026-09-22 04:42:35 | WARD_B_TEMP_02 | 37.4 | NORMAL
2026-09-22 04:42:35 | WARD_B_TEMP_03 | 36.0 | NORMAL
2026-09-22 04:42:35 | WARD_B_TEMP_04 | 34.9 | CRITICAL
2026-09-22 04:42:35 | WARD_B_TEMP_05 | 40.3 | CRITICAL
2026-09-22 04:42:36 | WARD_B_TEMP_01 | 34.6 | CRITICAL
2026-09-22 04:42:36 | WARD_B_TEMP_02 | 36.4 | NORMAL
2026-09-22 04:42:36 | WARD_B_TEMP_03 | 38.1 | CRITICAL
2026-09-22 04:42:36 | WARD_B_TEMP_04 | 37.0 | NORMAL
2026-09-22 04:42:36 | WARD_B_TEMP_05 | 36.8 | NORMAL
2026-09-22 04:42:37 | WARD_B_TEMP_01 | 38.2 | CRITICAL
2026-09-22 04:42:37 | WARD_B_TEMP_02 | 38.1 | CRITICAL
2026-09-22 04:42:37 | WARD_B_TEMP_03 | 38.8 | CRITICAL
2026-09-22 04:42:37 | WARD_B_TEMP_04 | 36.6 | NORMAL
2026-09-22 04:42:37 | WARD_B_TEMP_05 | 39.6 | CRITICAL
2026-09-22 04:42:38 | WARD_B_TEMP_01 | 37.9 | WARNING
2026-09-22 04:42:38 | WARD_B_TEMP_02 | 36.5 | NORMAL
2026-09-22 04:42:38 | WARD_B_TEMP_03 | 37.6 | WARNING
2026-09-22 04:42:38 | WARD_B_TEMP_04 | 34.8 | CRITICAL
2026-09-22 04:42:38 | WARD_B_TEMP_05 | 40.1 | CRITICAL
2026-09-22 04:42:39 | WARD_B_TEMP_01 | 39.8 | CRITICAL
2026-09-22 04:42:39 | WARD_B_TEMP_02 | 39.1 | CRITICAL
2026-09-22 04:42:39 | WARD_B_TEMP_03 | 35.6 | NORMAL
2026-09-22 04:42:39 | WARD_B_TEMP_04 | 38.5 | CRITICAL
2026-09-22 04:42:39 | WARD_B_TEMP_05 | 38.8 | CRITICAL
2026-09-22 04:42:40 | WARD_B_TEMP_01 | 37.4 | NORMAL
2026-09-22 04:42:40 | WARD_B_TEMP_02 | 38.2 | CRITICAL
2026-09-22 04:42:40 | WARD_B_TEMP_03 | 37.8 | WARNING
2026-09-22 04:42:40 | WARD_B_TEMP_04 | 40.1 | CRITICAL
2026-09-22 04:42:40 | WARD_B_TEMP_05 | 39.5 | CRITICAL
2026-09-22 04:42:41 | WARD_B_TEMP_01 | 36.4 | NORMAL
2026-09-22 04:42:41 | WARD_B_TEMP_02 | 35.5 | NORMAL
2026-09-22 04:42:41 | WARD_B_TEMP_03 | 35.0 | CRITICAL
2026-09-22 04:42:41 | WARD_B_TEMP_04 | 38.7 | CRITICAL
2026-09-22 04:42:41 | WARD_B_TEMP_05 | 38.0 | WARNING
2026-09-22 04:42:42 | WARD_B_TEMP_01 | 39.7 | CRITICAL
2026-09-22 04:42:42 | WARD_B_TEMP_02 | 35.7 | NORMAL
2026-09-22 04:42:42 | WARD_B_TEMP_03 | 38.0 | WARNING
2026-09-22 04:42:42 | WARD_B_TEMP_04 | 37.8 | WARNING
2026-09-22 04:42:42 | WARD_B_TEMP_05 | 35.0 | CRITICAL
2026-09-22 04:42:43 | WARD_B_TEMP_01 | 36.5 | NORMAL
2026-09-22 04:42:43 | WARD_B_TEMP_02 | 35.0 | CRITICAL
2026-09-22 04:42:43 | WARD_B_TEMP_03 | 39.7 | CRITICAL
2026-09-22 04:42:43 | WARD_B_TEMP_04 | 39.2 | CRITICAL
2026-09-22 04:42:43 | WARD_B_TEMP_05 | 36.5 | NORMAL
2026-09-22 04:42:44 | WARD_B_TEMP_01 | 37.5 | WARNING
2026-09-22 04:42:44 | WARD_B_TEMP_02 | 34.9 | CRITICAL
2026-09-22 04:42:44 | WARD_B_TEMP_03 | 34.7 | CRITICAL
2026-09-22 04:42:44 | WARD_B_TEMP_04 | 38.3 | CRITICAL
2026-09-22 04:42:44 | WARD_B_TEMP_05 | 39.9 | CRITICAL
2026-09-22 04:42:45 | WARD_B_TEMP_01 | 39.2 | CRITICAL
2026-09-22 04:42:45 | WARD_B_TEMP_02 | 38.2 | CRITICAL
2026-09-22 04:42:45 | WARD_B_TEMP_03 | 40.1 | CRITICAL
2026-09-22 04:42:45 | WARD_B_TEMP_04 | 40.4 | CRITICAL
2026-09-22 04:42:45 | WARD_B_TEMP_05 | 34.9 | CRITICAL
2026-09-22 04:42:46 | WARD_B_TEMP_01 | 38.9 | CRITICAL
2026-09-22 04:42:46 | WARD_B_TEMP_02 | 35.9 | NORMAL
2026-09-22 04:42:46 | WARD_B_TEMP_03 | 36.0 | NORMAL
2026-09-22 04:42:46 | WARD_B_TEMP_04 | 38.7 | CRITICAL
2026-09-22 04:42:46 | WARD_B_TEMP_05 | 39.2 | CRITICAL
2026-09-22 04:42:47 | WARD_B_TEMP_01 | 36.8 | NORMAL
2026-09-22 04:42:47 | WARD_B_TEMP_02 | 38.0 | WARNING
2026-09-22 04:42:47 | WARD_B_TEMP_03 | 39.7 | CRITICAL
2026-09-22 04:42:47 | WARD_B_TEMP_04 | 37.0 | NORMAL
2026-09-22 04:42:47 | WARD_B_TEMP_05 | 36.1 | NORMAL
2026-09-22 04:42:48 | WARD_B_TEMP_01 | 39.8 | CRITICAL
2026-09-22 04:42:48 | WARD_B_TEMP_02 | 38.7 | CRITICAL
2026-09-22 04:42:48 | WARD_B_TEMP_03 | 38.9 | CRITICAL
2026-09-22 04:42:48 | WARD_B_TEMP_04 | 34.8 | CRITICAL
2026-09-22 04:42:48 | WARD_B_TEMP_05 | 36.6 | NORMAL
2026-09-22 04:42:49 | WARD_B_TEMP_01 | 37.3 | NORMAL
2026-09-22 04:42:49 | WARD_B_TEMP_02 | 39.4 | CRITICAL
2026-09-22 04:42:49 | WARD_B_TEMP_03 | 37.8 | WARNING
2026-09-22 04:42:49 | WARD_B_TEMP_04 | 38.2 | CRITICAL
2026-09-22 04:42:49 | WARD_B_TEMP_05 | 34.9 | CRITICAL
2026-09-22 04:42:50 | WARD_B_TEMP_01 | 40.0 | CRITICAL
2026-09-22 04:42:50 | WARD_B_TEMP_02 | 40.0 | CRITICAL
2026-09-22 04:42:50 | WARD_B_TEMP_03 | 38.3 | CRITICAL
2026-09-22 04:42:50 | WARD_B_TEMP_04 | 35.0 | CRITICAL
2026-09-22 04:42:50 | WARD_B_TEMP_05 | 34.7 | CRITICAL
