Timestamp | Device_ID | Usage (Liters/min) | Status
2026-09-22 03:58:40 | FACILITY_WATER_MAIN | 16 | NORMAL
2026-09-22 03:58:40 | ICU_WATER_RESERVE | 25 | NORMAL
2026-09-22 03:58:41 | FACILITY_WATER_MAIN | 35 | NORMAL
2026-09-22 03:58:41 | ICU_WATER_RESERVE | 36 | HIGH_USAGE
2026-09-22 03:58:42 | FACILITY_WATER_MAIN | 11 | NORMAL
2026-09-22 03:58:42 | ICU_WATER_RESERVE | 28 | NORMAL
2026-09-22 03:58:43 | FACILITY_WATER_MAIN | 8 | NORMAL
2026-09-22 03:58:43 | ICU_WATER_RESERVE | 17 | NORMAL
2026-09-22 03:58:44 | FACILITY_WATER_MAIN | 8 | NORMAL
2026-09-22 03:58:44 | ICU_WATER_RESERVE | 17 | NORMAL
2026-09-22 03:58:45 | FACILITY_WATER_MAIN | 38 | HIGH_USAGE
2026-09-22 03:58:45 | ICU_WATER_RESERVE | 14 | NORMAL
2026-09-22 03:58:46 | FACILITY_WATER_MAIN | 9 | NORMAL
2026-09-22 03:58:46 | ICU_WATER_RESERVE | 12 | NORMAL
2026-09-22 03:58:47 | FACILITY_WATER_MAIN | 33 | NORMAL
2026-09-22 03:58:47 | ICU_WATER_RESERVE | 41 | HIGH_USAGE
2026-09-22 03:58:48 | FACILITY_WATER_MAIN | 8 | NORMAL
2026-09-22 03:58:48 | ICU_WATER_RESERVE | 40 | HIGH_USAGE
2026-09-22 03:58:49 | FACILITY_WATER_MAIN | 19 | NORMAL
2026-09-22 03:58:49 | ICU_WATER_RESERVE | 10 | NORMAL
2026-09-22 03:58:50 | FACILITY_WATER_MAIN | 17 | NORMAL
2026-09-22 03:58:50 | ICU_WATER_RESERVE | 21 | NORMAL
2026-09-22 03:58:51 | FACILITY_WATER_MAIN | 43 | HIGH_USAGE
2026-09-22 03:58:51 | ICU_WATER_RESERVE | 39 | HIGH_USAGE
2026-09-22 03:58:52 | FACILITY_WATER_MAIN | 17 | NORMAL
2026-09-22 03:58:52 | ICU_WATER_RESERVE | 11 | NORMAL
2026-09-22 03:58:53 | FACILITY_WATER_MAIN | 11 | NORMAL
2026-09-22 03:58:53 | ICU_WATER_RESERVE | 23 | NORMAL
2026-09-22 03:58:54 | FACILITY_WATER_MAIN | 23 | NORMAL
2026-09-22 03:58:54 | ICU_WATER_RESERVE | 22 | NORMAL
2026-09-22 03:58:55 | FACILITY_WATER_MAIN | 41 | HIGH_USAGE
2026-09-22 03:58:55 | ICU_WATER_RESERVE | 38 | HIGH_USAGE
2026-09-22 03:58:56 | FACILITY_WATER_MAIN | 9 | NORMAL
2026-09-22 03:58:56 | ICU_WATER_RESERVE | 18 | NORMAL
2026-09-22 03:58:57 | FACILITY_WATER_MAIN | 14 | NORMAL
2026-09-22 03:58:57 | ICU_WATER_RESERVE | 20 | NORMAL
2026-09-22 03:58:58 | FACILITY_WATER_MAIN | 38 | HIGH_USAGE
2026-09-22 03:58:58 | ICU_WATER_RESERVE | 34 | NORMAL
2026-09-22 03:58:59 | FACILITY_WATER_MAIN | 31 | NORMAL
2026-09-22 03:58:59 | ICU_WATER_RESERVE | 30 | NORMAL
2026-09-22 03:59:00 | FACILITY_WATER_MAIN | 11 | NORMAL
2026-09-22 03:59:00 | ICU_WATER_RESERVE | 19 | NORMAL
2026-09-22 03:59:01 | FACILITY_WATER_MAIN | 32 | NORMAL
2026-09-22 03:59:01 | ICU_WATER_RESERVE | 14 | NORMAL
2026-09-22 03:59:02 | FACILITY_WATER_MAIN | 21 | NORMAL
2026-09-22 03:59:02 | ICU_WATER_RESERVE | 23 | NORMAL
2026-09-22 03:59:03 | FACILITY_WATER_MAIN | 7 | NORMAL
2026-09-22 03:59:03 | ICU_WATER_RESERVE | 10 | NORMAL
2026-09-22 03:59:04 | FACILITY_WATER_MAIN | 18 | NORMAL
2026-09-22 03:59:04 | ICU_WATER_RESERVE | 20 | NORMAL
2026-09-22 03:59:05 | FACILITY_WATER_MAIN | 45 | HIGH_USAGE
2026-09-22 03:59:05 | ICU_WATER_RESERVE | 25 | NORMAL
2026-09-22 03:59:06 | FACILITY_WATER_MAIN | 40 | HIGH_USAGE
2026-09-22 03:59:06 | ICU_WATER_RESERVE | 14 | NORMAL
2026-09-22 03:59:07 | FACILITY_WATER_MAIN | 17 | NORMAL
2026-09-22 03:59:07 | ICU_WATER_RESERVE | 18 | NORMAL
2026-09-22 03:59:08 | FACILITY_WATER_MAIN | 34 | NORMAL
2026-09-22 03:59:08 | ICU_WATER_RESERVE | 13 | NORMAL
2026-09-22 03:59:09 | FACILITY_WATER_MAIN | 11 | NORMAL
2026-09-22 03:59:09 | ICU_WATER_RESERVE | 32 | NORMAL
2026-09-22 03:59:10 | FACILITY_WATER_MAIN | 13 | NORMAL
2026-09-22 03:59:10 | ICU_WATER_RESERVE | 17 | NORMAL
2026-09-22 03:59:11 | FACILITY_WATER_MAIN | 26 | NORMAL
2026-09-22 03:59:11 | ICU_WATER_RESERVE | 14 | NORMAL
2026-09-22 03:59:12 | FACILITY_WATER_MAIN | 29 | NORMAL
2026-09-22 03:59:12 | ICU_WATER_RESERVE | 32 | NORMAL
2026-09-22 03:59:13 | FACILITY_WATER_MAIN | 27 | NORMAL
2026-09-22 03:59:13 | ICU_WATER_RESERVE | 11 | NORMAL
2026-09-22 03:59:14 | FACILITY_WATER_MAIN | 39 | HIGH_USAGE
2026-09-22 03:59:14 | ICU_WATER_RESERVE | 33 | NORMAL
2026-09-22 03:59:15 | FACILITY_WATER_MAIN | 26 | NORMAL
2026-09-22 03:59:15 | ICU_WATER_RESERVE | 9 | NORMAL
2026-09-22 03:59:16 | FACILITY_WATER_MAIN | 21 | NORMAL
2026-09-22 03:59:16 | ICU_WATER_RESERVE | 19 | NORMAL
2026-09-22 03:59:17 | FACILITY_WATER_MAIN | 22 | NORMAL
2026-09-22 03:59:17 | ICU_WATER_RESERVE | 36 | HIGH_USAGE
2026-09-22 03:59:18 | FACILITY_WATER_MAIN | 15 | NORMAL
2026-09-22 03:59:18 | ICU_WATER_RESERVE | 16 | NORMAL
2026-09-22 03:59:19 | FACILITY_WATER_MAIN | 19 | NORMAL
2026-09-22 03:59:19 | ICU_WATER_RESERVE | 28 | NORMAL
2026-09-22 03:59:20 | FACILITY_WATER_MAIN | 25 | NORMAL
2026-09-22 03:59:20 | ICU_WATER_RESERVE | 40 | HIGH_USAGE
2026-09-22 03:59:21 | FACILITY_WATER_MAIN | 7 | NORMAL
2026-09-22 03:59:21 | ICU_WATER_RESERVE | 29 | NORMAL
2026-09-22 03:59:22 | FACILITY_WATER_MAIN | 29 | NORMAL
2026-09-22 03:59:22 | ICU_WATER_RESERVE | 25 | NORMAL
2026-09-22 03:59:23 | FACILITY_WATER_MAIN | 39 | HIGH_USAGE
2026-09-22 03:59:23 | ICU_WATER_RESERVE | 42 | HIGH_USAGE
2026-09-22 03:59:24 | FACILITY_WATER_MAIN | 30 | NORMAL
2026-09-22 03:59:24 | ICU_WATER_RESERVE | 44 | HIGH_USAGE
2026-09-22 03:59:25 | FACILITY_WATER_MAIN | 26 | NORMAL
2026-09-22 03:59:25 | ICU_WATER_RESERVE | 16 | NORMAL
2026-09-22 03:59:26 | FACILITY_WATER_MAIN | 41 | HIGH_USAGE
2026-09-22 03:59:26 | ICU_WATER_RESERVE | 5 | NORMAL
2026-09-22 03:59:27 | FACILITY_WATER_MAIN | 27 | NORMAL
2026-09-22 03:59:27 | ICU_WATER_RESERVE | 22 | NORMAL
2026-09-22 03:59:28 | FACILITY_WATER_MAIN | 38 | HIGH_USAGE
2026-09-22 03:59:28 | ICU_WATER_RESERVE | 38 | HIGH_USAGE
2026-09-22 03:59:29 | FACILITY_WATER_MAIN | 10 | NORMAL
2026-09-22 03:59:29 | ICU_WATER_RESERVE | 20 | NORMAL
2026-09-22 03:59:30 | FACILITY_WATER_MAIN | 38 | HIGH_USAGE
2026-09-22 03:59:30 | ICU_WATER_RESERVE | 35 | NORMAL
2026-09-22 03:59:31 | FACILITY_WATER_MAIN | 12 | NORMAL
2026-09-22 03:59:31 | ICU_WATER_RESERVE | 16 | NORMAL
2026-09-22 03:59:32 | FACILITY_WATER_MAIN | 25 | NORMAL
2026-09-22 03:59:32 | ICU_WATER_RESERVE | 25 | NORMAL
2026-09-22 03:59:33 | FACILITY_WATER_MAIN | 34 | NORMAL
2026-09-22 03:59:33 | ICU_WATER_RESERVE | 12 | NORMAL
2026-09-22 03:59:34 | FACILITY_WATER_MAIN | 8 | NORMAL
2026-09-22 03:59:34 | ICU_WATER_RESERVE | 39 | HIGH_USAGE
2026-09-22 03:59:35 | FACILITY_WATER_MAIN | 22 | NORMAL
2026-09-22 03:59:35 | ICU_WATER_RESERVE | 22 | NORMAL
2026-09-22 03:59:36 | FACILITY_WATER_MAIN | 18 | NORMAL
2026-09-22 03:59:36 | ICU_WATER_RESERVE | 24 | NORMAL
2026-09-22 03:59:37 | FACILITY_WATER_MAIN | 6 | NORMAL
2026-09-22 03:59:37 | ICU_WATER_RESERVE | 28 | NORMAL
2026-09-22 03:59:38 | FACILITY_WATER_MAIN | 9 | NORMAL
2026-09-22 03:59:38 | ICU_WATER_RESERVE | 27 | NORMAL
2026-09-22 03:59:39 | FACILITY_WATER_MAIN | 32 | NORMAL
2026-09-22 03:59:39 | ICU_WATER_RESERVE | 19 | NORMAL
2026-09-22 03:59:40 | FACILITY_WATER_MAIN | 19 | NORMAL
2026-09-22 03:59:40 | ICU_WATER_RESERVE | 27 | NORMAL
2026-09-22 03:59:41 | FACILITY_WATER_MAIN | 24 | NORMAL
2026-09-22 03:59:41 | ICU_WATER_RESERVE | 44 | HIGH_USAGE
2026-09-22 03:59:42 | FACILITY_WATER_MAIN | 45 | HIGH_USAGE
2026-09-22 03:59:42 | ICU_WATER_RESERVE | 34 | NORMAL
2026-09-22 03:59:43 | FACILITY_WATER_MAIN | 44 | HIGH_USAGE
2026-09-22 03:59:43 | ICU_WATER_RESERVE | 32 | NORMAL
2026-09-22 03:59:44 | FACILITY_WATER_MAIN | 12 | NORMAL
2026-09-22 03:59:44 | ICU_WATER_RESERVE | 36 | HIGH_USAGE
2026-09-22 03:59:45 | FACILITY_WATER_MAIN | 30 | NORMAL
2026-09-22 03:59:45 | ICU_WATER_RESERVE | 25 | NORMAL
2026-09-22 03:59:46 | FACILITY_WATER_MAIN | 39 | HIGH_USAGE
2026-09-22 03:59:46 | ICU_WATER_RESERVE | 27 | NORMAL
2026-09-22 03:59:47 | FACILITY_WATER_MAIN | 12 | NORMAL
2026-09-22 03:59:47 | ICU_WATER_RESERVE | 37 | HIGH_USAGE
2026-09-22 03:59:48 | FACILITY_WATER_MAIN | 36 | HIGH_USAGE
2026-09-22 03:59:48 | ICU_WATER_RESERVE | 41 | HIGH_USAGE
2026-09-22 03:59:49 | FACILITY_WATER_MAIN | 6 | NORMAL
2026-09-22 03:59:49 | ICU_WATER_RESERVE | 9 | NORMAL
2026-09-22 03:59:50 | FACILITY_WATER_MAIN | 28 | NORMAL
2026-09-22 03:59:50 | ICU_WATER_RESERVE | 12 | NORMAL
2026-09-22 03:59:51 | FACILITY_WATER_MAIN | 8 | NORMAL
2026-09-22 03:59:51 | ICU_WATER_RESERVE | 45 | HIGH_USAGE
2026-09-22 03:59:52 | FACILITY_WATER_MAIN | 32 | NORMAL
2026-09-22 03:59:52 | ICU_WATER_RESERVE | 15 | NORMAL
2026-09-22 03:59:53 | FACILITY_WATER_MAIN | 32 | NORMAL
2026-09-22 03:59:53 | ICU_WATER_RESERVE | 44 | HIGH_USAGE
2026-09-22 03:59:54 | FACILITY_WATER_MAIN | 9 | NORMAL
2026-09-22 03:59:54 | ICU_WATER_RESERVE | 41 | HIGH_USAGE
2026-09-22 03:59:55 | FACILITY_WATER_MAIN | 37 | HIGH_USAGE
2026-09-22 03:59:55 | ICU_WATER_RESERVE | 38 | HIGH_USAGE
2026-09-22 03:59:56 | FACILITY_WATER_MAIN | 7 | NORMAL
2026-09-22 03:59:56 | ICU_WATER_RESERVE | 26 | NORMAL
2026-09-22 03:59:57 | FACILITY_WATER_MAIN | 12 | NORMAL
2026-09-22 03:59:57 | ICU_WATER_RESERVE | 44 | HIGH_USAGE
2026-09-22 03:59:58 | FACILITY_WATER_MAIN | 6 | NORMAL
2026-09-22 03:59:58 | ICU_WATER_RESERVE | 41 | HIGH_USAGE
2026-09-22 03:59:59 | FACILITY_WATER_MAIN | 43 | HIGH_USAGE
2026-09-22 03:59:59 | ICU_WATER_RESERVE | 26 | NORMAL
2026-09-22 04:00:00 | FACILITY_WATER_MAIN | 39 | HIGH_USAGE
2026-09-22 04:00:00 | ICU_WATER_RESERVE | 25 | NORMAL
2026-09-22 04:00:01 | FACILITY_WATER_MAIN | 5 | NORMAL
2026-09-22 04:00:01 | ICU_WATER_RESERVE | 38 | HIGH_USAGE
2026-09-22 04:00:02 | FACILITY_WATER_MAIN | 37 | HIGH_USAGE
2026-09-22 04:00:02 | ICU_WATER_RESERVE | 24 | NORMAL
2026-09-22 04:00:03 | FACILITY_WATER_MAIN | 11 | NORMAL
2026-09-22 04:00:03 | ICU_WATER_RESERVE | 8 | NORMAL
2026-09-22 04:00:04 | FACILITY_WATER_MAIN | 20 | NORMAL
2026-09-22 04:00:04 | ICU_WATER_RESERVE | 33 | NORMAL
2026-09-22 04:00:05 | FACILITY_WATER_MAIN | 5 | NORMAL
2026-09-22 04:00:05 | ICU_WATER_RESERVE | 22 | NORMAL
2026-09-22 04:00:06 | FACILITY_WATER_MAIN | 27 | NORMAL
2026-09-22 04:00:06 | ICU_WATER_RESERVE | 44 | HIGH_USAGE
2026-09-22 04:00:07 | FACILITY_WATER_MAIN | 25 | NORMAL
2026-09-22 04:00:07 | ICU_WATER_RESERVE | 24 | NORMAL
2026-09-22 04:00:08 | FACILITY_WATER_MAIN | 21 | NORMAL
2026-09-22 04:00:08 | ICU_WATER_RESERVE | 28 | NORMAL
2026-09-22 04:00:09 | FACILITY_WATER_MAIN | 6 | NORMAL
2026-09-22 04:00:09 | ICU_WATER_RESERVE | 19 | NORMAL
2026-09-22 04:00:10 | FACILITY_WATER_MAIN | 9 | NORMAL
2026-09-22 04:00:10 | ICU_WATER_RESERVE | 19 | NORMAL
2026-09-22 04:00:11 | FACILITY_WATER_MAIN | 24 | NORMAL
2026-09-22 04:00:11 | ICU_WATER_RESERVE | 34 | NORMAL
2026-09-22 04:00:12 | FACILITY_WATER_MAIN | 29 | NORMAL
2026-09-22 04:00:12 | ICU_WATER_RESERVE | 29 | NORMAL
2026-09-22 04:00:13 | FACILITY_WATER_MAIN | 29 | NORMAL
2026-09-22 04:00:13 | ICU_WATER_RESERVE | 35 | NORMAL
2026-09-22 04:00:14 | FACILITY_WATER_MAIN | 28 | NORMAL
2026-09-22 04:00:14 | ICU_WATER_RESERVE | 15 | NORMAL
2026-09-22 04:00:15 | FACILITY_WATER_MAIN | 30 | NORMAL
2026-09-22 04:00:15 | ICU_WATER_RESERVE | 45 | HIGH_USAGE
2026-09-22 04:00:16 | FACILITY_WATER_MAIN | 27 | NORMAL
2026-09-22 04:00:16 | ICU_WATER_RESERVE | 22 | NORMAL
2026-09-22 04:00:17 | FACILITY_WATER_MAIN | 38 | HIGH_USAGE
2026-09-22 04:00:17 | ICU_WATER_RESERVE | 33 | NORMAL
2026-09-22 04:00:18 | FACILITY_WATER_MAIN | 38 | HIGH_USAGE
2026-09-22 04:00:18 | ICU_WATER_RESERVE | 8 | NORMAL
2026-09-22 04:00:19 | FACILITY_WATER_MAIN | 41 | HIGH_USAGE
2026-09-22 04:00:19 | ICU_WATER_RESERVE | 43 | HIGH_USAGE
2026-09-22 04:00:20 | FACILITY_WATER_MAIN | 25 | NORMAL
2026-09-22 04:00:20 | ICU_WATER_RESERVE | 31 | NORMAL
2026-09-22 04:00:21 | FACILITY_WATER_MAIN | 31 | NORMAL
2026-09-22 04:00:21 | ICU_WATER_RESERVE | 16 | NORMAL
2026-09-22 04:00:22 | FACILITY_WATER_MAIN | 7 | NORMAL
2026-09-22 04:00:22 | ICU_WATER_RESERVE | 12 | NORMAL
2026-09-22 04:00:23 | FACILITY_WATER_MAIN | 13 | NORMAL
2026-09-22 04:00:23 | ICU_WATER_RESERVE | 20 | NORMAL
2026-09-22 04:00:24 | FACILITY_WATER_MAIN | 19 | NORMAL
2026-09-22 04:00:24 | ICU_WATER_RESERVE | 33 | NORMAL
2026-09-22 04:00:26 | FACILITY_WATER_MAIN | 27 | NORMAL
2026-09-22 04:00:26 | ICU_WATER_RESERVE | 15 | NORMAL
2026-09-22 04:00:27 | FACILITY_WATER_MAIN | 32 | NORMAL
2026-09-22 04:00:27 | ICU_WATER_RESERVE | 42 | HIGH_USAGE
2026-09-22 04:00:28 | FACILITY_WATER_MAIN | 21 | NORMAL
2026-09-22 04:00:28 | ICU_WATER_RESERVE | 14 | NORMAL
2026-09-22 04:00:29 | FACILITY_WATER_MAIN | 6 | NORMAL
2026-09-22 04:00:29 | ICU_WATER_RESERVE | 24 | NORMAL
2026-09-22 04:00:30 | FACILITY_WATER_MAIN | 27 | NORMAL
2026-09-22 04:00:30 | ICU_WATER_RESERVE | 27 | NORMAL
2026-09-22 04:00:31 | FACILITY_WATER_MAIN | 33 | NORMAL
2026-09-22 04:00:31 | ICU_WATER_RESERVE | 36 | HIGH_USAGE
2026-09-22 04:00:32 | FACILITY_WATER_MAIN | 30 | NORMAL
2026-09-22 04:00:32 | ICU_WATER_RESERVE | 12 | NORMAL
2026-09-22 04:00:33 | FACILITY_WATER_MAIN | 20 | NORMAL
2026-09-22 04:00:33 | ICU_WATER_RESERVE | 21 | NORMAL
2026-09-22 04:00:34 | FACILITY_WATER_MAIN | 38 | HIGH_USAGE
2026-09-22 04:00:34 | ICU_WATER_RESERVE | 31 | NORMAL
2026-09-22 04:00:35 | FACILITY_WATER_MAIN | 30 | NORMAL
2026-09-22 04:00:35 | ICU_WATER_RESERVE | 20 | NORMAL
2026-09-22 04:00:36 | FACILITY_WATER_MAIN | 23 | NORMAL
2026-09-22 04:00:36 | ICU_WATER_RESERVE | 41 | HIGH_USAGE
2026-09-22 04:00:37 | FACILITY_WATER_MAIN | 10 | NORMAL
2026-09-22 04:00:37 | ICU_WATER_RESERVE | 18 | NORMAL
2026-09-22 04:00:38 | FACILITY_WATER_MAIN | 7 | NORMAL
2026-09-22 04:00:38 | ICU_WATER_RESERVE | 15 | NORMAL
2026-09-22 04:00:39 | FACILITY_WATER_MAIN | 31 | NORMAL
2026-09-22 04:00:39 | ICU_WATER_RESERVE | 28 | NORMAL
2026-09-22 04:00:40 | FACILITY_WATER_MAIN | 10 | NORMAL
2026-09-22 04:00:40 | ICU_WATER_RESERVE | 8 | NORMAL
2026-09-22 04:00:41 | FACILITY_WATER_MAIN | 44 | HIGH_USAGE
2026-09-22 04:00:41 | ICU_WATER_RESERVE | 28 | NORMAL
2026-09-22 04:00:42 | FACILITY_WATER_MAIN | 10 | NORMAL
2026-09-22 04:00:42 | ICU_WATER_RESERVE | 38 | HIGH_USAGE
2026-09-22 04:00:43 | FACILITY_WATER_MAIN | 36 | HIGH_USAGE
2026-09-22 04:00:43 | ICU_WATER_RESERVE | 34 | NORMAL
2026-09-22 04:00:44 | FACILITY_WATER_MAIN | 42 | HIGH_USAGE
2026-09-22 04:00:44 | ICU_WATER_RESERVE | 7 | NORMAL
2026-09-22 04:00:45 | FACILITY_WATER_MAIN | 17 | NORMAL
2026-09-22 04:00:45 | ICU_WATER_RESERVE | 44 | HIGH_USAGE
2026-09-22 04:00:46 | FACILITY_WATER_MAIN | 18 | NORMAL
2026-09-22 04:00:46 | ICU_WATER_RESERVE | 13 | NORMAL
2026-09-22 04:00:47 | FACILITY_WATER_MAIN | 7 | NORMAL
2026-09-22 04:00:47 | ICU_WATER_RESERVE | 40 | HIGH_USAGE
2026-09-22 04:00:48 | FACILITY_WATER_MAIN | 12 | NORMAL
2026-09-22 04:00:48 | ICU_WATER_RESERVE | 14 | NORMAL
2026-09-22 04:00:49 | FACILITY_WATER_MAIN | 35 | NORMAL
2026-09-22 04:00:49 | ICU_WATER_RESERVE | 28 | NORMAL
2026-09-22 04:00:50 | FACILITY_WATER_MAIN | 35 | NORMAL
2026-09-22 04:00:50 | ICU_WATER_RESERVE | 11 | NORMAL
2026-09-22 04:00:51 | FACILITY_WATER_MAIN | 36 | HIGH_USAGE
2026-09-22 04:00:51 | ICU_WATER_RESERVE | 8 | NORMAL
2026-09-22 04:00:52 | FACILITY_WATER_MAIN | 30 | NORMAL
2026-09-22 04:00:52 | ICU_WATER_RESERVE | 29 | NORMAL
2026-09-22 04:00:53 | FACILITY_WATER_MAIN | 27 | NORMAL
2026-09-22 04:00:53 | ICU_WATER_RESERVE | 33 | NORMAL
2026-09-22 04:00:54 | FACILITY_WATER_MAIN | 10 | NORMAL
2026-09-22 04:00:54 | ICU_WATER_RESERVE | 21 | NORMAL
2026-09-22 04:00:55 | FACILITY_WATER_MAIN | 16 | NORMAL
2026-09-22 04:00:55 | ICU_WATER_RESERVE | 38 | HIGH_USAGE
2026-09-22 04:00:56 | FACILITY_WATER_MAIN | 22 | NORMAL
2026-09-22 04:00:56 | ICU_WATER_RESERVE | 15 | NORMAL
2026-09-22 04:00:57 | FACILITY_WATER_MAIN | 33 | NORMAL
2026-09-22 04:00:57 | ICU_WATER_RESERVE | 42 | HIGH_USAGE
2026-09-22 04:00:58 | FACILITY_WATER_MAIN | 13 | NORMAL
2026-09-22 04:00:58 | ICU_WATER_RESERVE | 17 | NORMAL
2026-09-22 04:00:59 | FACILITY_WATER_MAIN | 38 | HIGH_USAGE
2026-09-22 04:00:59 | ICU_WATER_RESERVE | 8 | NORMAL
2026-09-22 04:01:00 | FACILITY_WATER_MAIN | 12 | NORMAL
2026-09-22 04:01:00 | ICU_WATER_RESERVE | 28 | NORMAL
2026-09-22 04:01:01 | FACILITY_WATER_MAIN | 25 | NORMAL
2026-09-22 04:01:01 | ICU_WATER_RESERVE | 11 | NORMAL
2026-09-22 04:01:02 | FACILITY_WATER_MAIN | 31 | NORMAL
2026-09-22 04:01:02 | ICU_WATER_RESERVE | 8 | NORMAL
2026-09-22 04:01:03 | FACILITY_WATER_MAIN | 10 | NORMAL
2026-09-22 04:01:03 | ICU_WATER_RESERVE | 26 | NORMAL
2026-09-22 04:01:04 | FACILITY_WATER_MAIN | 12 | NORMAL
2026-09-22 04:01:04 | ICU_WATER_RESERVE | 10 | NORMAL
2026-09-22 04:01:05 | FACILITY_WATER_MAIN | 5 | NORMAL
2026-09-22 04:01:05 | ICU_WATER_RESERVE | 20 | NORMAL
2026-09-22 04:01:06 | FACILITY_WATER_MAIN | 15 | NORMAL
2026-09-22 04:01:06 | ICU_WATER_RESERVE | 17 | NORMAL
2026-09-22 04:01:07 | FACILITY_WATER_MAIN | 38 | HIGH_USAGE
2026-09-22 04:01:07 | ICU_WATER_RESERVE | 32 | NORMAL
2026-09-22 04:01:08 | FACILITY_WATER_MAIN | 27 | NORMAL
2026-09-22 04:01:08 | ICU_WATER_RESERVE | 36 | HIGH_USAGE
2026-09-22 04:01:09 | FACILITY_WATER_MAIN | 18 | NORMAL
2026-09-22 04:01:09 | ICU_WATER_RESERVE | 15 | NORMAL
2026-09-22 04:01:10 | FACILITY_WATER_MAIN | 36 | HIGH_USAGE
2026-09-22 04:01:10 | ICU_WATER_RESERVE | 44 | HIGH_USAGE
2026-09-22 04:01:11 | FACILITY_WATER_MAIN | 34 | NORMAL
2026-09-22 04:01:11 | ICU_WATER_RESERVE | 38 | HIGH_USAGE
2026-09-22 04:01:12 | FACILITY_WATER_MAIN | 15 | NORMAL
2026-09-22 04:01:12 | ICU_WATER_RESERVE | 34 | NORMAL
2026-09-22 04:01:13 | FACILITY_WATER_MAIN | 23 | NORMAL
2026-09-22 04:01:13 | ICU_WATER_RESERVE | 12 | NORMAL
2026-09-22 04:01:14 | FACILITY_WATER_MAIN | 7 | NORMAL
2026-09-22 04:01:14 | ICU_WATER_RESERVE | 36 | HIGH_USAGE
2026-09-22 04:01:15 | FACILITY_WATER_MAIN | 42 | HIGH_USAGE
2026-09-22 04:01:15 | ICU_WATER_RESERVE | 25 | NORMAL
2026-09-22 04:01:16 | FACILITY_WATER_MAIN | 15 | NORMAL
2026-09-22 04:01:16 | ICU_WATER_RESERVE | 36 | HIGH_USAGE
2026-09-22 04:01:17 | FACILITY_WATER_MAIN | 24 | NORMAL
2026-09-22 04:01:17 | ICU_WATER_RESERVE | 19 | NORMAL
2026-09-22 04:01:18 | FACILITY_WATER_MAIN | 31 | NORMAL
2026-09-22 04:01:18 | ICU_WATER_RESERVE | 7 | NORMAL
2026-09-22 04:01:19 | FACILITY_WATER_MAIN | 14 | NORMAL
2026-09-22 04:01:19 | ICU_WATER_RESERVE | 17 | NORMAL
2026-09-22 04:01:20 | FACILITY_WATER_MAIN | 9 | NORMAL
2026-09-22 04:01:20 | ICU_WATER_RESERVE | 42 | HIGH_USAGE
2026-09-22 04:01:21 | FACILITY_WATER_MAIN | 31 | NORMAL
2026-09-22 04:01:21 | ICU_WATER_RESERVE | 13 | NORMAL
2026-09-22 04:01:22 | FACILITY_WATER_MAIN | 10 | NORMAL
2026-09-22 04:01:22 | ICU_WATER_RESERVE | 13 | NORMAL
2026-09-22 04:01:23 | FACILITY_WATER_MAIN | 25 | NORMAL
2026-09-22 04:01:23 | ICU_WATER_RESERVE | 40 | HIGH_USAGE
2026-09-22 04:01:24 | FACILITY_WATER_MAIN | 12 | NORMAL
2026-09-22 04:01:24 | ICU_WATER_RESERVE | 21 | NORMAL
2026-09-22 04:01:25 | FACILITY_WATER_MAIN | 35 | NORMAL
2026-09-22 04:01:25 | ICU_WATER_RESERVE | 10 | NORMAL
2026-09-22 04:01:26 | FACILITY_WATER_MAIN | 29 | NORMAL
2026-09-22 04:01:26 | ICU_WATER_RESERVE | 9 | NORMAL
2026-09-22 04:01:27 | FACILITY_WATER_MAIN | 34 | NORMAL
2026-09-22 04:01:27 | ICU_WATER_RESERVE | 7 | NORMAL
2026-09-22 04:01:28 | FACILITY_WATER_MAIN | 26 | NORMAL
2026-09-22 04:01:28 | ICU_WATER_RESERVE | 27 | NORMAL
2026-09-22 04:01:29 | FACILITY_WATER_MAIN | 7 | NORMAL
2026-09-22 04:01:29 | ICU_WATER_RESERVE | 14 | NORMAL
2026-09-22 04:01:30 | FACILITY_WATER_MAIN | 36 | HIGH_USAGE
2026-09-22 04:01:30 | ICU_WATER_RESERVE | 5 | NORMAL
2026-09-22 04:01:31 | FACILITY_WATER_MAIN | 33 | NORMAL
2026-09-22 04:01:31 | ICU_WATER_RESERVE | 25 | NORMAL
2026-09-22 04:01:32 | FACILITY_WATER_MAIN | 20 | NORMAL
2026-09-22 04:01:32 | ICU_WATER_RESERVE | 31 | NORMAL
2026-09-22 04:01:33 | FACILITY_WATER_MAIN | 34 | NORMAL
2026-09-22 04:01:33 | ICU_WATER_RESERVE | 42 | HIGH_USAGE
2026-09-22 04:01:34 | FACILITY_WATER_MAIN | 14 | NORMAL
2026-09-22 04:01:34 | ICU_WATER_RESERVE | 19 | NORMAL
2026-09-22 04:01:35 | FACILITY_WATER_MAIN | 41 | HIGH_USAGE
2026-09-22 04:01:35 | ICU_WATER_RESERVE | 29 | NORMAL
2026-09-22 04:01:36 | FACILITY_WATER_MAIN | 8 | NORMAL
2026-09-22 04:01:36 | ICU_WATER_RESERVE | 34 | NORMAL
2026-09-22 04:01:37 | FACILITY_WATER_MAIN | 38 | HIGH_USAGE
2026-09-22 04:01:37 | ICU_WATER_RESERVE | 19 | NORMAL
2026-09-22 04:01:38 | FACILITY_WATER_MAIN | 12 | NORMAL
2026-09-22 04:01:38 | ICU_WATER_RESERVE | 5 | NORMAL
2026-09-22 04:01:39 | FACILITY_WATER_MAIN | 32 | NORMAL
2026-09-22 04:01:39 | ICU_WATER_RESERVE | 7 | NORMAL
2026-09-22 04:01:40 | FACILITY_WATER_MAIN | 27 | NORMAL
2026-09-22 04:01:40 | ICU_WATER_RESERVE | 30 | NORMAL
2026-09-22 04:01:41 | FACILITY_WATER_MAIN | 30 | NORMAL
2026-09-22 04:01:41 | ICU_WATER_RESERVE | 14 | NORMAL
2026-09-22 04:01:42 | FACILITY_WATER_MAIN | 17 | NORMAL
2026-09-22 04:01:42 | ICU_WATER_RESERVE | 22 | NORMAL
2026-09-22 04:01:43 | FACILITY_WATER_MAIN | 8 | NORMAL
2026-09-22 04:01:43 | ICU_WATER_RESERVE | 36 | HIGH_USAGE
2026-09-22 04:01:44 | FACILITY_WATER_MAIN | 21 | NORMAL
2026-09-22 04:01:44 | ICU_WATER_RESERVE | 17 | NORMAL
2026-09-22 04:01:45 | FACILITY_WATER_MAIN | 18 | NORMAL
2026-09-22 04:01:45 | ICU_WATER_RESERVE | 16 | NORMAL
2026-09-22 04:01:46 | FACILITY_WATER_MAIN | 36 | HIGH_USAGE
2026-09-22 04:01:46 | ICU_WATER_RESERVE | 24 | NORMAL
2026-09-22 04:01:47 | FACILITY_WATER_MAIN | 27 | NORMAL
2026-09-22 04:01:47 | ICU_WATER_RESERVE | 35 | NORMAL
2026-09-22 04:01:48 | FACILITY_WATER_MAIN | 15 | NORMAL
2026-09-22 04:01:48 | ICU_WATER_RESERVE | 36 | HIGH_USAGE
2026-09-22 04:01:49 | FACILITY_WATER_MAIN | 21 | NORMAL
2026-09-22 04:01:49 | ICU_WATER_RESERVE | 19 | NORMAL
2026-09-22 04:01:50 | FACILITY_WATER_MAIN | 15 | NORMAL
2026-09-22 04:01:50 | ICU_WATER_RESERVE | 12 | NORMAL
2026-09-22 04:01:51 | FACILITY_WATER_MAIN | 32 | NORMAL
2026-09-22 04:01:51 | ICU_WATER_RESERVE | 32 | NORMAL
2026-09-22 04:01:52 | FACILITY_WATER_MAIN | 30 | NORMAL
2026-09-22 04:01:52 | ICU_WATER_RESERVE | 36 | HIGH_USAGE
2026-09-22 04:01:53 | FACILITY_WATER_MAIN | 23 | NORMAL
2026-09-22 04:01:53 | ICU_WATER_RESERVE | 6 | NORMAL
2026-09-22 04:01:54 | FACILITY_WATER_MAIN | 25 | NORMAL
2026-09-22 04:01:54 | ICU_WATER_RESERVE | 12 | NORMAL
2026-09-22 04:01:55 | FACILITY_WATER_MAIN | 11 | NORMAL
2026-09-22 04:01:55 | ICU_WATER_RESERVE | 19 | NORMAL
2026-09-22 04:01:56 | FACILITY_WATER_MAIN | 35 | NORMAL
2026-09-22 04:01:56 | ICU_WATER_RESERVE | 43 | HIGH_USAGE
2026-09-22 04:01:57 | FACILITY_WATER_MAIN | 11 | NORMAL
2026-09-22 04:01:57 | ICU_WATER_RESERVE | 36 | HIGH_USAGE
2026-09-22 04:01:58 | FACILITY_WATER_MAIN | 8 | NORMAL
2026-09-22 04:01:58 | ICU_WATER_RESERVE | 22 | NORMAL
2026-09-22 04:01:59 | FACILITY_WATER_MAIN | 44 | HIGH_USAGE
2026-09-22 04:01:59 | ICU_WATER_RESERVE | 20 | NORMAL
2026-09-22 04:02:00 | FACILITY_WATER_MAIN | 25 | NORMAL
2026-09-22 04:02:00 | ICU_WATER_RESERVE | 42 | HIGH_USAGE
2026-09-22 04:02:01 | FACILITY_WATER_MAIN | 43 | HIGH_USAGE
2026-09-22 04:02:01 | ICU_WATER_RESERVE | 13 | NORMAL
2026-09-22 04:02:02 | FACILITY_WATER_MAIN | 39 | HIGH_USAGE
2026-09-22 04:02:02 | ICU_WATER_RESERVE | 14 | NORMAL
2026-09-22 04:02:03 | FACILITY_WATER_MAIN | 14 | NORMAL
2026-09-22 04:02:03 | ICU_WATER_RESERVE | 26 | NORMAL
2026-09-22 04:02:04 | FACILITY_WATER_MAIN | 40 | HIGH_USAGE
2026-09-22 04:02:04 | ICU_WATER_RESERVE | 36 | HIGH_USAGE
2026-09-22 04:02:05 | FACILITY_WATER_MAIN | 40 | HIGH_USAGE
2026-09-22 04:02:05 | ICU_WATER_RESERVE | 15 | NORMAL
2026-09-22 04:02:06 | FACILITY_WATER_MAIN | 26 | NORMAL
2026-09-22 04:02:06 | ICU_WATER_RESERVE | 23 | NORMAL
2026-09-22 04:02:07 | FACILITY_WATER_MAIN | 6 | NORMAL
2026-09-22 04:02:07 | ICU_WATER_RESERVE | 31 | NORMAL
2026-09-22 04:02:08 | FACILITY_WATER_MAIN | 25 | NORMAL
2026-09-22 04:02:08 | ICU_WATER_RESERVE | 43 | HIGH_USAGE
2026-09-22 04:02:09 | FACILITY_WATER_MAIN | 18 | NORMAL
2026-09-22 04:02:09 | ICU_WATER_RESERVE | 37 | HIGH_USAGE
2026-09-22 04:02:10 | FACILITY_WATER_MAIN | 34 | NORMAL
2026-09-22 04:02:10 | ICU_WATER_RESERVE | 33 | NORMAL
2026-09-22 04:02:11 | FACILITY_WATER_MAIN | 29 | NORMAL
2026-09-22 04:02:11 | ICU_WATER_RESERVE | 14 | NORMAL
2026-09-22 04:02:12 | FACILITY_WATER_MAIN | 17 | NORMAL
2026-09-22 04:02:12 | ICU_WATER_RESERVE | 23 | NORMAL
2026-09-22 04:02:13 | FACILITY_WATER_MAIN | 23 | NORMAL
2026-09-22 04:02:13 | ICU_WATER_RESERVE | 44 | HIGH_USAGE
2026-09-22 04:02:14 | FACILITY_WATER_MAIN | 6 | NORMAL
2026-09-22 04:02:14 | ICU_WATER_RESERVE | 37 | HIGH_USAGE
2026-09-22 04:02:15 | FACILITY_WATER_MAIN | 13 | NORMAL
2026-09-22 04:02:15 | ICU_WATER_RESERVE | 13 | NORMAL
2026-09-22 04:02:16 | FACILITY_WATER_MAIN | 41 | HIGH_USAGE
2026-09-22 04:02:16 | ICU_WATER_RESERVE | 12 | NORMAL
2026-09-22 04:02:17 | FACILITY_WATER_MAIN | 10 | NORMAL
2026-09-22 04:02:17 | ICU_WATER_RESERVE | 17 | NORMAL
2026-09-22 04:02:18 | FACILITY_WATER_MAIN | 19 | NORMAL
2026-09-22 04:02:18 | ICU_WATER_RESERVE | 13 | NORMAL
2026-09-22 04:02:19 | FACILITY_WATER_MAIN | 40 | HIGH_USAGE
2026-09-22 04:02:19 | ICU_WATER_RESERVE | 8 | NORMAL
2026-09-22 04:02:20 | FACILITY_WATER_MAIN | 27 | NORMAL
2026-09-22 04:02:20 | ICU_WATER_RESERVE | 32 | NORMAL
2026-09-22 04:02:21 | FACILITY_WATER_MAIN | 36 | HIGH_USAGE
2026-09-22 04:02:21 | ICU_WATER_RESERVE | 36 | HIGH_USAGE
2026-09-22 04:02:22 | FACILITY_WATER_MAIN | 10 | NORMAL
2026-09-22 04:02:22 | ICU_WATER_RESERVE | 34 | NORMAL
2026-09-22 04:02:23 | FACILITY_WATER_MAIN | 14 | NORMAL
2026-09-22 04:02:23 | ICU_WATER_RESERVE | 5 | NORMAL
2026-09-22 04:02:24 | FACILITY_WATER_MAIN | 37 | HIGH_USAGE
2026-09-22 04:02:24 | ICU_WATER_RESERVE | 44 | HIGH_USAGE
2026-09-22 04:02:25 | FACILITY_WATER_MAIN | 44 | HIGH_USAGE
2026-09-22 04:02:25 | ICU_WATER_RESERVE | 22 | NORMAL
2026-09-22 04:02:26 | FACILITY_WATER_MAIN | 23 | NORMAL
2026-09-22 04:02:26 | ICU_WATER_RESERVE | 9 | NORMAL
2026-09-22 04:02:27 | FACILITY_WATER_MAIN | 44 | HIGH_USAGE
2026-09-22 04:02:27 | ICU_WATER_RESERVE | 10 | NORMAL
2026-09-22 04:02:28 | FACILITY_WATER_MAIN | 30 | NORMAL
2026-09-22 04:02:28 | ICU_WATER_RESERVE | 5 | NORMAL
2026-09-22 04:02:29 | FACILITY_WATER_MAIN | 36 | HIGH_USAGE
2026-09-22 04:02:29 | ICU_WATER_RESERVE | 38 | HIGH_USAGE
2026-09-22 04:02:30 | FACILITY_WATER_MAIN | 16 | NORMAL
2026-09-22 04:02:30 | ICU_WATER_RESERVE | 27 | NORMAL
2026-09-22 04:02:31 | FACILITY_WATER_MAIN | 24 | NORMAL
2026-09-22 04:02:31 | ICU_WATER_RESERVE | 35 | NORMAL
2026-09-22 04:02:32 | FACILITY_WATER_MAIN | 43 | HIGH_USAGE
2026-09-22 04:02:32 | ICU_WATER_RESERVE | 10 | NORMAL
2026-09-22 04:02:33 | FACILITY_WATER_MAIN | 16 | NORMAL
2026-09-22 04:02:33 | ICU_WATER_RESERVE | 11 | NORMAL
2026-09-22 04:02:34 | FACILITY_WATER_MAIN | 19 | NORMAL
2026-09-22 04:02:34 | ICU_WATER_RESERVE | 7 | NORMAL
2026-09-22 04:02:35 | FACILITY_WATER_MAIN | 33 | NORMAL
2026-09-22 04:02:35 | ICU_WATER_RESERVE | 32 | NORMAL
2026-09-22 04:02:36 | FACILITY_WATER_MAIN | 13 | NORMAL
2026-09-22 04:02:36 | ICU_WATER_RESERVE | 12 | NORMAL
2026-09-22 04:02:37 | FACILITY_WATER_MAIN | 43 | HIGH_USAGE
2026-09-22 04:02:37 | ICU_WATER_RESERVE | 39 | HIGH_USAGE
2026-09-22 04:02:38 | FACILITY_WATER_MAIN | 13 | NORMAL
2026-09-22 04:02:38 | ICU_WATER_RESERVE | 21 | NORMAL
2026-09-22 04:02:39 | FACILITY_WATER_MAIN | 7 | NORMAL
2026-09-22 04:02:39 | ICU_WATER_RESERVE | 7 | NORMAL
2026-09-22 04:02:40 | FACILITY_WATER_MAIN | 23 | NORMAL
2026-09-22 04:02:40 | ICU_WATER_RESERVE | 38 | HIGH_USAGE
2026-09-22 04:02:41 | FACILITY_WATER_MAIN | 10 | NORMAL
2026-09-22 04:02:41 | ICU_WATER_RESERVE | 42 | HIGH_USAGE
2026-09-22 04:02:42 | FACILITY_WATER_MAIN | 34 | NORMAL
2026-09-22 04:02:42 | ICU_WATER_RESERVE | 19 | NORMAL
2026-09-22 04:02:43 | FACILITY_WATER_MAIN | 20 | NORMAL
2026-09-22 04:02:43 | ICU_WATER_RESERVE | 41 | HIGH_USAGE
2026-09-22 04:02:44 | FACILITY_WATER_MAIN | 22 | NORMAL
2026-09-22 04:02:44 | ICU_WATER_RESERVE | 38 | HIGH_USAGE
2026-09-22 04:02:45 | FACILITY_WATER_MAIN | 31 | NORMAL
2026-09-22 04:02:45 | ICU_WATER_RESERVE | 37 | HIGH_USAGE
2026-09-22 04:02:46 | FACILITY_WATER_MAIN | 36 | HIGH_USAGE
2026-09-22 04:02:46 | ICU_WATER_RESERVE | 10 | NORMAL
2026-09-22 04:02:47 | FACILITY_WATER_MAIN | 35 | NORMAL
2026-09-22 04:02:47 | ICU_WATER_RESERVE | 23 | NORMAL
2026-09-22 04:02:48 | FACILITY_WATER_MAIN | 6 | NORMAL
2026-09-22 04:02:48 | ICU_WATER_RESERVE | 41 | HIGH_USAGE
2026-09-22 04:02:49 | FACILITY_WATER_MAIN | 23 | NORMAL
2026-09-22 04:02:49 | ICU_WATER_RESERVE | 22 | NORMAL
2026-09-22 04:02:50 | FACILITY_WATER_MAIN | 33 | NORMAL
2026-09-22 04:02:50 | ICU_WATER_RESERVE | 43 | HIGH_USAGE
2026-09-22 04:02:51 | FACILITY_WATER_MAIN | 7 | NORMAL
2026-09-22 04:02:51 | ICU_WATER_RESERVE | 42 | HIGH_USAGE
2026-09-22 04:02:52 | FACILITY_WATER_MAIN | 15 | NORMAL
2026-09-22 04:02:52 | ICU_WATER_RESERVE | 16 | NORMAL
2026-09-22 04:02:53 | FACILITY_WATER_MAIN | 17 | NORMAL
2026-09-22 04:02:53 | ICU_WATER_RESERVE | 33 | NORMAL
2026-09-22 04:02:54 | FACILITY_WATER_MAIN | 28 | NORMAL
2026-09-22 04:02:54 | ICU_WATER_RESERVE | 14 | NORMAL
2026-09-22 04:02:55 | FACILITY_WATER_MAIN | 39 | HIGH_USAGE
2026-09-22 04:02:55 | ICU_WATER_RESERVE | 33 | NORMAL
2026-09-22 04:02:56 | FACILITY_WATER_MAIN | 42 | HIGH_USAGE
2026-09-22 04:02:56 | ICU_WATER_RESERVE | 37 | HIGH_USAGE
2026-09-22 04:02:57 | FACILITY_WATER_MAIN | 21 | NORMAL
2026-09-22 04:02:57 | ICU_WATER_RESERVE | 31 | NORMAL
2026-09-22 04:02:58 | FACILITY_WATER_MAIN | 41 | HIGH_USAGE
2026-09-22 04:02:58 | ICU_WATER_RESERVE | 28 | NORMAL
2026-09-22 04:02:59 | FACILITY_WATER_MAIN | 37 | HIGH_USAGE
2026-09-22 04:02:59 | ICU_WATER_RESERVE | 24 | NORMAL
2026-09-22 04:03:00 | FACILITY_WATER_MAIN | 6 | NORMAL
2026-09-22 04:03:00 | ICU_WATER_RESERVE | 30 | NORMAL
2026-09-22 04:03:01 | FACILITY_WATER_MAIN | 25 | NORMAL
2026-09-22 04:03:01 | ICU_WATER_RESERVE | 20 | NORMAL
2026-09-22 04:03:02 | FACILITY_WATER_MAIN | 37 | HIGH_USAGE
2026-09-22 04:03:02 | ICU_WATER_RESERVE | 13 | NORMAL
2026-09-22 04:03:03 | FACILITY_WATER_MAIN | 17 | NORMAL
2026-09-22 04:03:03 | ICU_WATER_RESERVE | 22 | NORMAL
2026-09-22 04:03:04 | FACILITY_WATER_MAIN | 44 | HIGH_USAGE
2026-09-22 04:03:04 | ICU_WATER_RESERVE | 32 | NORMAL
2026-09-22 04:03:05 | FACILITY_WATER_MAIN | 42 | HIGH_USAGE
2026-09-22 04:03:05 | ICU_WATER_RESERVE | 25 | NORMAL
2026-09-22 04:03:06 | FACILITY_WATER_MAIN | 16 | NORMAL
2026-09-22 04:03:06 | ICU_WATER_RESERVE | 43 | HIGH_USAGE
2026-09-22 04:03:07 | FACILITY_WATER_MAIN | 26 | NORMAL
2026-09-22 04:03:07 | ICU_WATER_RESERVE | 40 | HIGH_USAGE
2026-09-22 04:03:08 | FACILITY_WATER_MAIN | 33 | NORMAL
2026-09-22 04:03:08 | ICU_WATER_RESERVE | 29 | NORMAL
2026-09-22 04:03:09 | FACILITY_WATER_MAIN | 34 | NORMAL
2026-09-22 04:03:09 | ICU_WATER_RESERVE | 7 | NORMAL
2026-09-22 04:03:10 | FACILITY_WATER_MAIN | 17 | NORMAL
2026-09-22 04:03:10 | ICU_WATER_RESERVE | 39 | HIGH_USAGE
2026-09-22 04:03:11 | FACILITY_WATER_MAIN | 30 | NORMAL
2026-09-22 04:03:11 | ICU_WATER_RESERVE | 38 | HIGH_USAGE
2026-09-22 04:03:12 | FACILITY_WATER_MAIN | 33 | NORMAL
2026-09-22 04:03:12 | ICU_WATER_RESERVE | 25 | NORMAL
2026-09-22 04:03:13 | FACILITY_WATER_MAIN | 27 | NORMAL
2026-09-22 04:03:13 | ICU_WATER_RESERVE | 11 | NORMAL
2026-09-22 04:03:14 | FACILITY_WATER_MAIN | 5 | NORMAL
2026-09-22 04:03:14 | ICU_WATER_RESERVE | 43 | HIGH_USAGE
2026-09-22 04:03:15 | FACILITY_WATER_MAIN | 16 | NORMAL
2026-09-22 04:03:15 | ICU_WATER_RESERVE | 28 | NORMAL
2026-09-22 04:03:16 | FACILITY_WATER_MAIN | 28 | NORMAL
2026-09-22 04:03:16 | ICU_WATER_RESERVE | 25 | NORMAL
2026-09-22 04:03:17 | FACILITY_WATER_MAIN | 27 | NORMAL
2026-09-22 04:03:17 | ICU_WATER_RESERVE | 10 | NORMAL
2026-09-22 04:03:18 | FACILITY_WATER_MAIN | 29 | NORMAL
2026-09-22 04:03:18 | ICU_WATER_RESERVE | 19 | NORMAL
2026-09-22 04:03:19 | FACILITY_WATER_MAIN | 7 | NORMAL
2026-09-22 04:03:19 | ICU_WATER_RESERVE | 8 | NORMAL
2026-09-22 04:03:20 | FACILITY_WATER_MAIN | 21 | NORMAL
2026-09-22 04:03:20 | ICU_WATER_RESERVE | 38 | HIGH_USAGE
2026-09-22 04:03:21 | FACILITY_WATER_MAIN | 25 | NORMAL
2026-09-22 04:03:21 | ICU_WATER_RESERVE | 33 | NORMAL
2026-09-22 04:03:22 | FACILITY_WATER_MAIN | 37 | HIGH_USAGE
2026-09-22 04:03:22 | ICU_WATER_RESERVE | 12 | NORMAL
2026-09-22 04:03:23 | FACILITY_WATER_MAIN | 32 | NORMAL
2026-09-22 04:03:23 | ICU_WATER_RESERVE | 18 | NORMAL
2026-09-22 04:03:24 | FACILITY_WATER_MAIN | 20 | NORMAL
2026-09-22 04:03:24 | ICU_WATER_RESERVE | 28 | NORMAL
2026-09-22 04:03:25 | FACILITY_WATER_MAIN | 23 | NORMAL
2026-09-22 04:03:25 | ICU_WATER_RESERVE | 35 | NORMAL
2026-09-22 04:03:26 | FACILITY_WATER_MAIN | 20 | NORMAL
2026-09-22 04:03:26 | ICU_WATER_RESERVE | 23 | NORMAL
2026-09-22 04:03:27 | FACILITY_WATER_MAIN | 28 | NORMAL
2026-09-22 04:03:27 | ICU_WATER_RESERVE | 16 | NORMAL
2026-09-22 04:03:28 | FACILITY_WATER_MAIN | 10 | NORMAL
2026-09-22 04:03:28 | ICU_WATER_RESERVE | 13 | NORMAL
2026-09-22 04:03:29 | FACILITY_WATER_MAIN | 29 | NORMAL
2026-09-22 04:03:29 | ICU_WATER_RESERVE | 40 | HIGH_USAGE
2026-09-22 04:03:30 | FACILITY_WATER_MAIN | 8 | NORMAL
2026-09-22 04:03:30 | ICU_WATER_RESERVE | 34 | NORMAL
2026-09-22 04:03:31 | FACILITY_WATER_MAIN | 32 | NORMAL
2026-09-22 04:03:31 | ICU_WATER_RESERVE | 31 | NORMAL
2026-09-22 04:03:32 | FACILITY_WATER_MAIN | 10 | NORMAL
2026-09-22 04:03:32 | ICU_WATER_RESERVE | 8 | NORMAL
2026-09-22 04:03:33 | FACILITY_WATER_MAIN | 26 | NORMAL
2026-09-22 04:03:33 | ICU_WATER_RESERVE | 24 | NORMAL
2026-09-22 04:03:34 | FACILITY_WATER_MAIN | 32 | NORMAL
2026-09-22 04:03:34 | ICU_WATER_RESERVE | 20 | NORMAL
2026-09-22 04:03:35 | FACILITY_WATER_MAIN | 21 | NORMAL
2026-09-22 04:03:35 | ICU_WATER_RESERVE | 27 | NORMAL
2026-09-22 04:03:36 | FACILITY_WATER_MAIN | 16 | NORMAL
2026-09-22 04:03:36 | ICU_WATER_RESERVE | 24 | NORMAL
2026-09-22 04:03:37 | FACILITY_WATER_MAIN | 38 | HIGH_USAGE
2026-09-22 04:03:37 | ICU_WATER_RESERVE | 32 | NORMAL
2026-09-22 04:03:38 | FACILITY_WATER_MAIN | 40 | HIGH_USAGE
2026-09-22 04:03:38 | ICU_WATER_RESERVE | 9 | NORMAL
2026-09-22 04:03:39 | FACILITY_WATER_MAIN | 31 | NORMAL
2026-09-22 04:03:39 | ICU_WATER_RESERVE | 31 | NORMAL
2026-09-22 04:03:40 | FACILITY_WATER_MAIN | 8 | NORMAL
2026-09-22 04:03:40 | ICU_WATER_RESERVE | 10 | NORMAL
2026-09-22 04:03:41 | FACILITY_WATER_MAIN | 7 | NORMAL
2026-09-22 04:03:41 | ICU_WATER_RESERVE | 17 | NORMAL
2026-09-22 04:03:42 | FACILITY_WATER_MAIN | 8 | NORMAL
2026-09-22 04:03:42 | ICU_WATER_RESERVE | 20 | NORMAL
2026-09-22 04:03:43 | FACILITY_WATER_MAIN | 18 | NORMAL
2026-09-22 04:03:43 | ICU_WATER_RESERVE | 8 | NORMAL
2026-09-22 04:03:44 | FACILITY_WATER_MAIN | 35 | NORMAL
2026-09-22 04:03:44 | ICU_WATER_RESERVE | 34 | NORMAL
2026-09-22 04:03:45 | FACILITY_WATER_MAIN | 10 | NORMAL
2026-09-22 04:03:45 | ICU_WATER_RESERVE | 42 | HIGH_USAGE
2026-09-22 04:03:46 | FACILITY_WATER_MAIN | 42 | HIGH_USAGE
2026-09-22 04:03:46 | ICU_WATER_RESERVE | 31 | NORMAL
2026-09-22 04:03:47 | FACILITY_WATER_MAIN | 45 | HIGH_USAGE
2026-09-22 04:03:47 | ICU_WATER_RESERVE | 30 | NORMAL
2026-09-22 04:03:48 | FACILITY_WATER_MAIN | 39 | HIGH_USAGE
2026-09-22 04:03:48 | ICU_WATER_RESERVE | 9 | NORMAL
2026-09-22 04:03:49 | FACILITY_WATER_MAIN | 19 | NORMAL
2026-09-22 04:03:49 | ICU_WATER_RESERVE | 35 | NORMAL
2026-09-22 04:03:50 | FACILITY_WATER_MAIN | 35 | NORMAL
2026-09-22 04:03:50 | ICU_WATER_RESERVE | 37 | HIGH_USAGE
2026-09-22 04:03:51 | FACILITY_WATER_MAIN | 19 | NORMAL
2026-09-22 04:03:51 | ICU_WATER_RESERVE | 24 | NORMAL
2026-09-22 04:03:52 | FACILITY_WATER_MAIN | 29 | NORMAL
2026-09-22 04:03:52 | ICU_WATER_RESERVE | 40 | HIGH_USAGE
2026-09-22 04:03:53 | FACILITY_WATER_MAIN | 21 | NORMAL
2026-09-22 04:03:53 | ICU_WATER_RESERVE | 23 | NORMAL
2026-09-22 04:03:54 | FACILITY_WATER_MAIN | 34 | NORMAL
2026-09-22 04:03:54 | ICU_WATER_RESERVE | 32 | NORMAL
2026-09-22 04:03:55 | FACILITY_WATER_MAIN | 27 | NORMAL
2026-09-22 04:03:55 | ICU_WATER_RESERVE | 33 | NORMAL
2026-09-22 04:03:56 | FACILITY_WATER_MAIN | 26 | NORMAL
2026-09-22 04:03:56 | ICU_WATER_RESERVE | 39 | HIGH_USAGE
2026-09-22 04:03:57 | FACILITY_WATER_MAIN | 24 | NORMAL
2026-09-22 04:03:57 | ICU_WATER_RESERVE | 32 | NORMAL
2026-09-22 04:03:58 | FACILITY_WATER_MAIN | 43 | HIGH_USAGE
2026-09-22 04:03:58 | ICU_WATER_RESERVE | 11 | NORMAL
2026-09-22 04:03:59 | FACILITY_WATER_MAIN | 39 | HIGH_USAGE
2026-09-22 04:03:59 | ICU_WATER_RESERVE | 37 | HIGH_USAGE
2026-09-22 04:04:00 | FACILITY_WATER_MAIN | 20 | NORMAL
2026-09-22 04:04:00 | ICU_WATER_RESERVE | 13 | NORMAL
2026-09-22 04:04:01 | FACILITY_WATER_MAIN | 37 | HIGH_USAGE
2026-09-22 04:04:01 | ICU_WATER_RESERVE | 5 | NORMAL
2026-09-22 04:04:02 | FACILITY_WATER_MAIN | 14 | NORMAL
2026-09-22 04:04:02 | ICU_WATER_RESERVE | 42 | HIGH_USAGE
2026-09-22 04:04:03 | FACILITY_WATER_MAIN | 15 | NORMAL
2026-09-22 04:04:03 | ICU_WATER_RESERVE | 42 | HIGH_USAGE
2026-09-22 04:04:04 | FACILITY_WATER_MAIN | 43 | HIGH_USAGE
2026-09-22 04:04:04 | ICU_WATER_RESERVE | 26 | NORMAL
2026-09-22 04:04:05 | FACILITY_WATER_MAIN | 17 | NORMAL
2026-09-22 04:04:05 | ICU_WATER_RESERVE | 44 | HIGH_USAGE
2026-09-22 04:04:06 | FACILITY_WATER_MAIN | 28 | NORMAL
2026-09-22 04:04:06 | ICU_WATER_RESERVE | 13 | NORMAL
2026-09-22 04:04:07 | FACILITY_WATER_MAIN | 14 | NORMAL
2026-09-22 04:04:07 | ICU_WATER_RESERVE | 22 | NORMAL
2026-09-22 04:04:08 | FACILITY_WATER_MAIN | 6 | NORMAL
2026-09-22 04:04:08 | ICU_WATER_RESERVE | 37 | HIGH_USAGE
2026-09-22 04:04:09 | FACILITY_WATER_MAIN | 41 | HIGH_USAGE
2026-09-22 04:04:09 | ICU_WATER_RESERVE | 25 | NORMAL
2026-09-22 04:04:10 | FACILITY_WATER_MAIN | 34 | NORMAL
2026-09-22 04:04:10 | ICU_WATER_RESERVE | 29 | NORMAL
2026-09-22 04:04:11 | FACILITY_WATER_MAIN | 18 | NORMAL
2026-09-22 04:04:11 | ICU_WATER_RESERVE | 35 | NORMAL
2026-09-22 04:04:12 | FACILITY_WATER_MAIN | 6 | NORMAL
2026-09-22 04:04:12 | ICU_WATER_RESERVE | 40 | HIGH_USAGE
2026-09-22 04:04:13 | FACILITY_WATER_MAIN | 20 | NORMAL
2026-09-22 04:04:13 | ICU_WATER_RESERVE | 20 | NORMAL
2026-09-22 04:04:14 | FACILITY_WATER_MAIN | 31 | NORMAL
2026-09-22 04:04:14 | ICU_WATER_RESERVE | 13 | NORMAL
2026-09-22 04:04:15 | FACILITY_WATER_MAIN | 39 | HIGH_USAGE
2026-09-22 04:04:15 | ICU_WATER_RESERVE | 28 | NORMAL
2026-09-22 04:04:16 | FACILITY_WATER_MAIN | 11 | NORMAL
2026-09-22 04:04:16 | ICU_WATER_RESERVE | 21 | NORMAL
2026-09-22 04:04:17 | FACILITY_WATER_MAIN | 34 | NORMAL
2026-09-22 04:04:17 | ICU_WATER_RESERVE | 19 | NORMAL
2026-09-22 04:04:18 | FACILITY_WATER_MAIN | 43 | HIGH_USAGE
2026-09-22 04:04:18 | ICU_WATER_RESERVE | 17 | NORMAL
2026-09-22 04:04:19 | FACILITY_WATER_MAIN | 22 | NORMAL
2026-09-22 04:04:19 | ICU_WATER_RESERVE | 5 | NORMAL
2026-09-22 04:04:20 | FACILITY_WATER_MAIN | 9 | NORMAL
2026-09-22 04:04:20 | ICU_WATER_RESERVE | 23 | NORMAL
2026-09-22 04:04:21 | FACILITY_WATER_MAIN | 24 | NORMAL
2026-09-22 04:04:21 | ICU_WATER_RESERVE | 37 | HIGH_USAGE
2026-09-22 04:04:22 | FACILITY_WATER_MAIN | 42 | HIGH_USAGE
2026-09-22 04:04:22 | ICU_WATER_RESERVE | 27 | NORMAL
2026-09-22 04:04:23 | FACILITY_WATER_MAIN | 17 | NORMAL
2026-09-22 04:04:23 | ICU_WATER_RESERVE | 13 | NORMAL
2026-09-22 04:04:24 | FACILITY_WATER_MAIN | 39 | HIGH_USAGE
2026-09-22 04:04:24 | ICU_WATER_RESERVE | 39 | HIGH_USAGE
2026-09-22 04:04:25 | FACILITY_WATER_MAIN | 34 | NORMAL
2026-09-22 04:04:25 | ICU_WATER_RESERVE | 27 | NORMAL
2026-09-22 04:04:26 | FACILITY_WATER_MAIN | 11 | NORMAL
2026-09-22 04:04:26 | ICU_WATER_RESERVE | 40 | HIGH_USAGE
2026-09-22 04:04:27 | FACILITY_WATER_MAIN | 38 | HIGH_USAGE
2026-09-22 04:04:27 | ICU_WATER_RESERVE | 21 | NORMAL
2026-09-22 04:04:28 | FACILITY_WATER_MAIN | 30 | NORMAL
2026-09-22 04:04:28 | ICU_WATER_RESERVE | 32 | NORMAL
2026-09-22 04:04:29 | FACILITY_WATER_MAIN | 18 | NORMAL
2026-09-22 04:04:29 | ICU_WATER_RESERVE | 36 | HIGH_USAGE
2026-09-22 04:04:30 | FACILITY_WATER_MAIN | 19 | NORMAL
2026-09-22 04:04:30 | ICU_WATER_RESERVE | 17 | NORMAL
2026-09-22 04:04:31 | FACILITY_WATER_MAIN | 18 | NORMAL
2026-09-22 04:04:31 | ICU_WATER_RESERVE | 11 | NORMAL
2026-09-22 04:04:32 | FACILITY_WATER_MAIN | 16 | NORMAL
2026-09-22 04:04:32 | ICU_WATER_RESERVE | 38 | HIGH_USAGE
2026-09-22 04:04:33 | FACILITY_WATER_MAIN | 37 | HIGH_USAGE
2026-09-22 04:04:33 | ICU_WATER_RESERVE | 32 | NORMAL
2026-09-22 04:04:34 | FACILITY_WATER_MAIN | 25 | NORMAL
2026-09-22 04:04:34 | ICU_WATER_RESERVE | 41 | HIGH_USAGE
2026-09-22 04:04:35 | FACILITY_WATER_MAIN | 32 | NORMAL
2026-09-22 04:04:35 | ICU_WATER_RESERVE | 32 | NORMAL
2026-09-22 04:04:36 | FACILITY_WATER_MAIN | 30 | NORMAL
2026-09-22 04:04:36 | ICU_WATER_RESERVE | 21 | NORMAL
2026-09-22 04:04:37 | FACILITY_WATER_MAIN | 28 | NORMAL
2026-09-22 04:04:37 | ICU_WATER_RESERVE | 45 | HIGH_USAGE
2026-09-22 04:04:38 | FACILITY_WATER_MAIN | 39 | HIGH_USAGE
2026-09-22 04:04:38 | ICU_WATER_RESERVE | 10 | NORMAL
2026-09-22 04:04:39 | FACILITY_WATER_MAIN | 15 | NORMAL
2026-09-22 04:04:39 | ICU_WATER_RESERVE | 24 | NORMAL
2026-09-22 04:04:40 | FACILITY_WATER_MAIN | 18 | NORMAL
2026-09-22 04:04:40 | ICU_WATER_RESERVE | 40 | HIGH_USAGE
2026-09-22 04:04:41 | FACILITY_WATER_MAIN | 26 | NORMAL
2026-09-22 04:04:41 | ICU_WATER_RESERVE | 37 | HIGH_USAGE
2026-09-22 04:04:42 | FACILITY_WATER_MAIN | 22 | NORMAL
2026-09-22 04:04:42 | ICU_WATER_RESERVE | 29 | NORMAL
2026-09-22 04:04:43 | FACILITY_WATER_MAIN | 41 | HIGH_USAGE
2026-09-22 04:04:43 | ICU_WATER_RESERVE | 12 | NORMAL
2026-09-22 04:04:44 | FACILITY_WATER_MAIN | 24 | NORMAL
2026-09-22 04:04:44 | ICU_WATER_RESERVE | 31 | NORMAL
2026-09-22 04:04:45 | FACILITY_WATER_MAIN | 20 | NORMAL
2026-09-22 04:04:45 | ICU_WATER_RESERVE | 30 | NORMAL
2026-09-22 04:04:46 | FACILITY_WATER_MAIN | 44 | HIGH_USAGE
2026-09-22 04:04:46 | ICU_WATER_RESERVE | 6 | NORMAL
2026-09-22 04:04:47 | FACILITY_WATER_MAIN | 12 | NORMAL
2026-09-22 04:04:47 | ICU_WATER_RESERVE | 5 | NORMAL
2026-09-22 04:04:48 | FACILITY_WATER_MAIN | 12 | NORMAL
2026-09-22 04:04:48 | ICU_WATER_RESERVE | 14 | NORMAL
2026-09-22 04:04:49 | FACILITY_WATER_MAIN | 34 | NORMAL
2026-09-22 04:04:49 | ICU_WATER_RESERVE | 10 | NORMAL
2026-09-22 04:04:50 | FACILITY_WATER_MAIN | 31 | NORMAL
2026-09-22 04:04:50 | ICU_WATER_RESERVE | 40 | HIGH_USAGE
2026-09-22 04:04:51 | FACILITY_WATER_MAIN | 18 | NORMAL
2026-09-22 04:04:51 | ICU_WATER_RESERVE | 43 | HIGH_USAGE
2026-09-22 04:04:52 | FACILITY_WATER_MAIN | 28 | NORMAL
2026-09-22 04:04:52 | ICU_WATER_RESERVE | 28 | NORMAL
2026-09-22 04:04:53 | FACILITY_WATER_MAIN | 8 | NORMAL
2026-09-22 04:04:53 | ICU_WATER_RESERVE | 10 | NORMAL
2026-09-22 04:04:54 | FACILITY_WATER_MAIN | 18 | NORMAL
2026-09-22 04:04:54 | ICU_WATER_RESERVE | 11 | NORMAL
2026-09-22 04:04:55 | FACILITY_WATER_MAIN | 37 | HIGH_USAGE
2026-09-22 04:04:55 | ICU_WATER_RESERVE | 18 | NORMAL
2026-09-22 04:04:56 | FACILITY_WATER_MAIN | 37 | HIGH_USAGE
2026-09-22 04:04:56 | ICU_WATER_RESERVE | 44 | HIGH_USAGE
2026-09-22 04:04:57 | FACILITY_WATER_MAIN | 28 | NORMAL
2026-09-22 04:04:57 | ICU_WATER_RESERVE | 44 | HIGH_USAGE
2026-09-22 04:04:58 | FACILITY_WATER_MAIN | 39 | HIGH_USAGE
2026-09-22 04:04:58 | ICU_WATER_RESERVE | 21 | NORMAL
2026-09-22 04:04:59 | FACILITY_WATER_MAIN | 39 | HIGH_USAGE
2026-09-22 04:04:59 | ICU_WATER_RESERVE | 43 | HIGH_USAGE
2026-09-22 04:05:00 | FACILITY_WATER_MAIN | 22 | NORMAL
2026-09-22 04:05:00 | ICU_WATER_RESERVE | 21 | NORMAL
2026-09-22 04:05:01 | FACILITY_WATER_MAIN | 19 | NORMAL
2026-09-22 04:05:01 | ICU_WATER_RESERVE | 43 | HIGH_USAGE
2026-09-22 04:05:02 | FACILITY_WATER_MAIN | 37 | HIGH_USAGE
2026-09-22 04:05:02 | ICU_WATER_RESERVE | 7 | NORMAL
2026-09-22 04:05:03 | FACILITY_WATER_MAIN | 42 | HIGH_USAGE
2026-09-22 04:05:03 | ICU_WATER_RESERVE | 34 | NORMAL
2026-09-22 04:05:04 | FACILITY_WATER_MAIN | 8 | NORMAL
2026-09-22 04:05:04 | ICU_WATER_RESERVE | 36 | HIGH_USAGE
2026-09-22 04:05:05 | FACILITY_WATER_MAIN | 21 | NORMAL
2026-09-22 04:05:05 | ICU_WATER_RESERVE | 13 | NORMAL
2026-09-22 04:05:06 | FACILITY_WATER_MAIN | 16 | NORMAL
2026-09-22 04:05:06 | ICU_WATER_RESERVE | 11 | NORMAL
2026-09-22 04:05:07 | FACILITY_WATER_MAIN | 43 | HIGH_USAGE
2026-09-22 04:05:07 | ICU_WATER_RESERVE | 37 | HIGH_USAGE
2026-09-22 04:05:08 | FACILITY_WATER_MAIN | 10 | NORMAL
2026-09-22 04:05:08 | ICU_WATER_RESERVE | 30 | NORMAL
2026-09-22 04:05:09 | FACILITY_WATER_MAIN | 27 | NORMAL
2026-09-22 04:05:09 | ICU_WATER_RESERVE | 32 | NORMAL
2026-09-22 04:05:10 | FACILITY_WATER_MAIN | 18 | NORMAL
2026-09-22 04:05:10 | ICU_WATER_RESERVE | 9 | NORMAL
2026-09-22 04:05:11 | FACILITY_WATER_MAIN | 39 | HIGH_USAGE
2026-09-22 04:05:11 | ICU_WATER_RESERVE | 8 | NORMAL
2026-09-22 04:05:12 | FACILITY_WATER_MAIN | 14 | NORMAL
2026-09-22 04:05:12 | ICU_WATER_RESERVE | 7 | NORMAL
2026-09-22 04:05:13 | FACILITY_WATER_MAIN | 42 | HIGH_USAGE
2026-09-22 04:05:13 | ICU_WATER_RESERVE | 16 | NORMAL
2026-09-22 04:05:14 | FACILITY_WATER_MAIN | 7 | NORMAL
2026-09-22 04:05:14 | ICU_WATER_RESERVE | 20 | NORMAL
2026-09-22 04:05:15 | FACILITY_WATER_MAIN | 12 | NORMAL
2026-09-22 04:05:15 | ICU_WATER_RESERVE | 26 | NORMAL
2026-09-22 04:05:16 | FACILITY_WATER_MAIN | 15 | NORMAL
2026-09-22 04:05:16 | ICU_WATER_RESERVE | 12 | NORMAL
2026-09-22 04:05:17 | FACILITY_WATER_MAIN | 19 | NORMAL
2026-09-22 04:05:17 | ICU_WATER_RESERVE | 7 | NORMAL
2026-09-22 04:05:18 | FACILITY_WATER_MAIN | 22 | NORMAL
2026-09-22 04:05:18 | ICU_WATER_RESERVE | 15 | NORMAL
2026-09-22 04:05:19 | FACILITY_WATER_MAIN | 13 | NORMAL
2026-09-22 04:05:19 | ICU_WATER_RESERVE | 23 | NORMAL
2026-09-22 04:05:20 | FACILITY_WATER_MAIN | 15 | NORMAL
2026-09-22 04:05:20 | ICU_WATER_RESERVE | 38 | HIGH_USAGE
2026-09-22 04:05:21 | FACILITY_WATER_MAIN | 30 | NORMAL
2026-09-22 04:05:21 | ICU_WATER_RESERVE | 15 | NORMAL
2026-09-22 04:05:22 | FACILITY_WATER_MAIN | 31 | NORMAL
2026-09-22 04:05:22 | ICU_WATER_RESERVE | 42 | HIGH_USAGE
2026-09-22 04:05:23 | FACILITY_WATER_MAIN | 13 | NORMAL
2026-09-22 04:05:23 | ICU_WATER_RESERVE | 10 | NORMAL
2026-09-22 04:05:24 | FACILITY_WATER_MAIN | 19 | NORMAL
2026-09-22 04:05:24 | ICU_WATER_RESERVE | 9 | NORMAL
2026-09-22 04:05:25 | FACILITY_WATER_MAIN | 36 | HIGH_USAGE
2026-09-22 04:05:25 | ICU_WATER_RESERVE | 10 | NORMAL
2026-09-22 04:05:26 | FACILITY_WATER_MAIN | 15 | NORMAL
2026-09-22 04:05:26 | ICU_WATER_RESERVE | 24 | NORMAL
2026-09-22 04:05:27 | FACILITY_WATER_MAIN | 45 | HIGH_USAGE
2026-09-22 04:05:27 | ICU_WATER_RESERVE | 17 | NORMAL
2026-09-22 04:05:28 | FACILITY_WATER_MAIN | 33 | NORMAL
2026-09-22 04:05:28 | ICU_WATER_RESERVE | 32 | NORMAL
2026-09-22 04:05:29 | FACILITY_WATER_MAIN | 21 | NORMAL
2026-09-22 04:05:29 | ICU_WATER_RESERVE | 21 | NORMAL
2026-09-22 04:05:30 | FACILITY_WATER_MAIN | 23 | NORMAL
2026-09-22 04:05:30 | ICU_WATER_RESERVE | 39 | HIGH_USAGE
2026-09-22 04:05:31 | FACILITY_WATER_MAIN | 14 | NORMAL
2026-09-22 04:05:31 | ICU_WATER_RESERVE | 28 | NORMAL
2026-09-22 04:05:32 | FACILITY_WATER_MAIN | 31 | NORMAL
2026-09-22 04:05:32 | ICU_WATER_RESERVE | 25 | NORMAL
2026-09-22 04:05:33 | FACILITY_WATER_MAIN | 6 | NORMAL
2026-09-22 04:05:33 | ICU_WATER_RESERVE | 40 | HIGH_USAGE
2026-09-22 04:05:34 | FACILITY_WATER_MAIN | 6 | NORMAL
2026-09-22 04:05:34 | ICU_WATER_RESERVE | 23 | NORMAL
2026-09-22 04:05:35 | FACILITY_WATER_MAIN | 13 | NORMAL
2026-09-22 04:05:35 | ICU_WATER_RESERVE | 44 | HIGH_USAGE
2026-09-22 04:05:36 | FACILITY_WATER_MAIN | 43 | HIGH_USAGE
2026-09-22 04:05:36 | ICU_WATER_RESERVE | 13 | NORMAL
2026-09-22 04:05:37 | FACILITY_WATER_MAIN | 29 | NORMAL
2026-09-22 04:05:37 | ICU_WATER_RESERVE | 37 | HIGH_USAGE
2026-09-22 04:05:38 | FACILITY_WATER_MAIN | 16 | NORMAL
2026-09-22 04:05:38 | ICU_WATER_RESERVE | 26 | NORMAL
2026-09-22 04:05:39 | FACILITY_WATER_MAIN | 25 | NORMAL
2026-09-22 04:05:39 | ICU_WATER_RESERVE | 39 | HIGH_USAGE
2026-09-22 04:05:40 | FACILITY_WATER_MAIN | 16 | NORMAL
2026-09-22 04:05:40 | ICU_WATER_RESERVE | 13 | NORMAL
2026-09-22 04:05:41 | FACILITY_WATER_MAIN | 15 | NORMAL
2026-09-22 04:05:41 | ICU_WATER_RESERVE | 13 | NORMAL
2026-09-22 04:05:42 | FACILITY_WATER_MAIN | 43 | HIGH_USAGE
2026-09-22 04:05:42 | ICU_WATER_RESERVE | 39 | HIGH_USAGE
2026-09-22 04:05:43 | FACILITY_WATER_MAIN | 6 | NORMAL
2026-09-22 04:05:43 | ICU_WATER_RESERVE | 20 | NORMAL
2026-09-22 04:05:44 | FACILITY_WATER_MAIN | 14 | NORMAL
2026-09-22 04:05:44 | ICU_WATER_RESERVE | 12 | NORMAL
2026-09-22 04:05:45 | FACILITY_WATER_MAIN | 5 | NORMAL
2026-09-22 04:05:45 | ICU_WATER_RESERVE | 14 | NORMAL
2026-09-22 04:05:46 | FACILITY_WATER_MAIN | 10 | NORMAL
2026-09-22 04:05:46 | ICU_WATER_RESERVE | 35 | NORMAL
2026-09-22 04:05:47 | FACILITY_WATER_MAIN | 34 | NORMAL
2026-09-22 04:05:47 | ICU_WATER_RESERVE | 34 | NORMAL
2026-09-22 04:05:48 | FACILITY_WATER_MAIN | 45 | HIGH_USAGE
2026-09-22 04:05:48 | ICU_WATER_RESERVE | 19 | NORMAL
2026-09-22 04:05:49 | FACILITY_WATER_MAIN | 14 | NORMAL
2026-09-22 04:05:49 | ICU_WATER_RESERVE | 11 | NORMAL
2026-09-22 04:05:50 | FACILITY_WATER_MAIN | 45 | HIGH_USAGE
2026-09-22 04:05:50 | ICU_WATER_RESERVE | 22 | NORMAL
2026-09-22 04:05:51 | FACILITY_WATER_MAIN | 5 | NORMAL
2026-09-22 04:05:51 | ICU_WATER_RESERVE | 20 | NORMAL
2026-09-22 04:05:52 | FACILITY_WATER_MAIN | 14 | NORMAL
2026-09-22 04:05:52 | ICU_WATER_RESERVE | 41 | HIGH_USAGE
2026-09-22 04:05:53 | FACILITY_WATER_MAIN | 13 | NORMAL
2026-09-22 04:05:53 | ICU_WATER_RESERVE | 27 | NORMAL
2026-09-22 04:05:54 | FACILITY_WATER_MAIN | 18 | NORMAL
2026-09-22 04:05:54 | ICU_WATER_RESERVE | 9 | NORMAL
2026-09-22 04:05:55 | FACILITY_WATER_MAIN | 33 | NORMAL
2026-09-22 04:05:55 | ICU_WATER_RESERVE | 5 | NORMAL
2026-09-22 04:05:56 | FACILITY_WATER_MAIN | 32 | NORMAL
2026-09-22 04:05:56 | ICU_WATER_RESERVE | 40 | HIGH_USAGE
2026-09-22 04:05:57 | FACILITY_WATER_MAIN | 20 | NORMAL
2026-09-22 04:05:57 | ICU_WATER_RESERVE | 5 | NORMAL
2026-09-22 04:05:58 | FACILITY_WATER_MAIN | 17 | NORMAL
2026-09-22 04:05:58 | ICU_WATER_RESERVE | 42 | HIGH_USAGE
2026-09-22 04:05:59 | FACILITY_WATER_MAIN | 20 | NORMAL
2026-09-22 04:05:59 | ICU_WATER_RESERVE | 26 | NORMAL
2026-09-22 04:06:00 | FACILITY_WATER_MAIN | 7 | NORMAL
2026-09-22 04:06:00 | ICU_WATER_RESERVE | 13 | NORMAL
2026-09-22 04:06:01 | FACILITY_WATER_MAIN | 19 | NORMAL
2026-09-22 04:06:01 | ICU_WATER_RESERVE | 17 | NORMAL
2026-09-22 04:06:02 | FACILITY_WATER_MAIN | 38 | HIGH_USAGE
2026-09-22 04:06:02 | ICU_WATER_RESERVE | 27 | NORMAL
2026-09-22 04:06:03 | FACILITY_WATER_MAIN | 32 | NORMAL
2026-09-22 04:06:03 | ICU_WATER_RESERVE | 39 | HIGH_USAGE
2026-09-22 04:06:04 | FACILITY_WATER_MAIN | 41 | HIGH_USAGE
2026-09-22 04:06:04 | ICU_WATER_RESERVE | 30 | NORMAL
2026-09-22 04:06:05 | FACILITY_WATER_MAIN | 24 | NORMAL
2026-09-22 04:06:05 | ICU_WATER_RESERVE | 19 | NORMAL
2026-09-22 04:06:06 | FACILITY_WATER_MAIN | 26 | NORMAL
2026-09-22 04:06:06 | ICU_WATER_RESERVE | 22 | NORMAL
2026-09-22 04:06:07 | FACILITY_WATER_MAIN | 19 | NORMAL
2026-09-22 04:06:07 | ICU_WATER_RESERVE | 28 | NORMAL
2026-09-22 04:06:08 | FACILITY_WATER_MAIN | 17 | NORMAL
2026-09-22 04:06:08 | ICU_WATER_RESERVE | 39 | HIGH_USAGE
2026-09-22 04:06:09 | FACILITY_WATER_MAIN | 42 | HIGH_USAGE
2026-09-22 04:06:09 | ICU_WATER_RESERVE | 41 | HIGH_USAGE
2026-09-22 04:06:10 | FACILITY_WATER_MAIN | 5 | NORMAL
2026-09-22 04:06:10 | ICU_WATER_RESERVE | 10 | NORMAL
2026-09-22 04:06:11 | FACILITY_WATER_MAIN | 24 | NORMAL
2026-09-22 04:06:11 | ICU_WATER_RESERVE | 15 | NORMAL
2026-09-22 04:06:12 | FACILITY_WATER_MAIN | 9 | NORMAL
2026-09-22 04:06:12 | ICU_WATER_RESERVE | 8 | NORMAL
2026-09-22 04:06:13 | FACILITY_WATER_MAIN | 34 | NORMAL
2026-09-22 04:06:13 | ICU_WATER_RESERVE | 33 | NORMAL
2026-09-22 04:06:14 | FACILITY_WATER_MAIN | 29 | NORMAL
2026-09-22 04:06:14 | ICU_WATER_RESERVE | 12 | NORMAL
2026-09-22 04:06:15 | FACILITY_WATER_MAIN | 35 | NORMAL
2026-09-22 04:06:15 | ICU_WATER_RESERVE | 18 | NORMAL
2026-09-22 04:06:16 | FACILITY_WATER_MAIN | 17 | NORMAL
2026-09-22 04:06:16 | ICU_WATER_RESERVE | 31 | NORMAL
2026-09-22 04:06:17 | FACILITY_WATER_MAIN | 13 | NORMAL
2026-09-22 04:06:17 | ICU_WATER_RESERVE | 24 | NORMAL
2026-09-22 04:06:18 | FACILITY_WATER_MAIN | 12 | NORMAL
2026-09-22 04:06:18 | ICU_WATER_RESERVE | 5 | NORMAL
2026-09-22 04:06:19 | FACILITY_WATER_MAIN | 6 | NORMAL
2026-09-22 04:06:19 | ICU_WATER_RESERVE | 7 | NORMAL
2026-09-22 04:06:20 | FACILITY_WATER_MAIN | 28 | NORMAL
2026-09-22 04:06:20 | ICU_WATER_RESERVE | 31 | NORMAL
2026-09-22 04:06:21 | FACILITY_WATER_MAIN | 36 | HIGH_USAGE
2026-09-22 04:06:21 | ICU_WATER_RESERVE | 28 | NORMAL
2026-09-22 04:06:22 | FACILITY_WATER_MAIN | 8 | NORMAL
2026-09-22 04:06:22 | ICU_WATER_RESERVE | 5 | NORMAL
2026-09-22 04:06:23 | FACILITY_WATER_MAIN | 22 | NORMAL
2026-09-22 04:06:23 | ICU_WATER_RESERVE | 5 | NORMAL
2026-09-22 04:06:24 | FACILITY_WATER_MAIN | 19 | NORMAL
2026-09-22 04:06:24 | ICU_WATER_RESERVE | 35 | NORMAL
2026-09-22 04:06:25 | FACILITY_WATER_MAIN | 37 | HIGH_USAGE
2026-09-22 04:06:25 | ICU_WATER_RESERVE | 6 | NORMAL
2026-09-22 04:06:26 | FACILITY_WATER_MAIN | 36 | HIGH_USAGE
2026-09-22 04:06:26 | ICU_WATER_RESERVE | 45 | HIGH_USAGE
2026-09-22 04:06:27 | FACILITY_WATER_MAIN | 21 | NORMAL
2026-09-22 04:06:27 | ICU_WATER_RESERVE | 24 | NORMAL
2026-09-22 04:06:28 | FACILITY_WATER_MAIN | 15 | NORMAL
2026-09-22 04:06:28 | ICU_WATER_RESERVE | 32 | NORMAL
2026-09-22 04:06:29 | FACILITY_WATER_MAIN | 26 | NORMAL
2026-09-22 04:06:29 | ICU_WATER_RESERVE | 17 | NORMAL
2026-09-22 04:06:30 | FACILITY_WATER_MAIN | 16 | NORMAL
2026-09-22 04:06:30 | ICU_WATER_RESERVE | 41 | HIGH_USAGE
2026-09-22 04:06:31 | FACILITY_WATER_MAIN | 41 | HIGH_USAGE
2026-09-22 04:06:31 | ICU_WATER_RESERVE | 40 | HIGH_USAGE
2026-09-22 04:06:32 | FACILITY_WATER_MAIN | 32 | NORMAL
2026-09-22 04:06:32 | ICU_WATER_RESERVE | 16 | NORMAL
2026-09-22 04:06:33 | FACILITY_WATER_MAIN | 25 | NORMAL
2026-09-22 04:06:33 | ICU_WATER_RESERVE | 29 | NORMAL
2026-09-22 04:06:34 | FACILITY_WATER_MAIN | 36 | HIGH_USAGE
2026-09-22 04:06:34 | ICU_WATER_RESERVE | 17 | NORMAL
2026-09-22 04:06:35 | FACILITY_WATER_MAIN | 29 | NORMAL
2026-09-22 04:06:35 | ICU_WATER_RESERVE | 5 | NORMAL
2026-09-22 04:06:36 | FACILITY_WATER_MAIN | 8 | NORMAL
2026-09-22 04:06:36 | ICU_WATER_RESERVE | 44 | HIGH_USAGE
2026-09-22 04:06:37 | FACILITY_WATER_MAIN | 28 | NORMAL
2026-09-22 04:06:37 | ICU_WATER_RESERVE | 44 | HIGH_USAGE
2026-09-22 04:06:38 | FACILITY_WATER_MAIN | 44 | HIGH_USAGE
2026-09-22 04:06:38 | ICU_WATER_RESERVE | 39 | HIGH_USAGE
2026-09-22 04:06:39 | FACILITY_WATER_MAIN | 8 | NORMAL
2026-09-22 04:06:39 | ICU_WATER_RESERVE | 6 | NORMAL
2026-09-22 04:06:40 | FACILITY_WATER_MAIN | 12 | NORMAL
2026-09-22 04:06:40 | ICU_WATER_RESERVE | 29 | NORMAL
2026-09-22 04:06:41 | FACILITY_WATER_MAIN | 18 | NORMAL
2026-09-22 04:06:41 | ICU_WATER_RESERVE | 36 | HIGH_USAGE
2026-09-22 04:06:42 | FACILITY_WATER_MAIN | 32 | NORMAL
2026-09-22 04:06:42 | ICU_WATER_RESERVE | 21 | NORMAL
2026-09-22 04:06:43 | FACILITY_WATER_MAIN | 22 | NORMAL
2026-09-22 04:06:43 | ICU_WATER_RESERVE | 34 | NORMAL
2026-09-22 04:06:44 | FACILITY_WATER_MAIN | 42 | HIGH_USAGE
2026-09-22 04:06:44 | ICU_WATER_RESERVE | 12 | NORMAL
2026-09-22 04:06:45 | FACILITY_WATER_MAIN | 11 | NORMAL
2026-09-22 04:06:45 | ICU_WATER_RESERVE | 30 | NORMAL
2026-09-22 04:06:46 | FACILITY_WATER_MAIN | 9 | NORMAL
2026-09-22 04:06:46 | ICU_WATER_RESERVE | 44 | HIGH_USAGE
2026-09-22 04:06:47 | FACILITY_WATER_MAIN | 28 | NORMAL
2026-09-22 04:06:47 | ICU_WATER_RESERVE | 41 | HIGH_USAGE
2026-09-22 04:06:48 | FACILITY_WATER_MAIN | 31 | NORMAL
2026-09-22 04:06:48 | ICU_WATER_RESERVE | 5 | NORMAL
2026-09-22 04:06:49 | FACILITY_WATER_MAIN | 10 | NORMAL
2026-09-22 04:06:49 | ICU_WATER_RESERVE | 43 | HIGH_USAGE
2026-09-22 04:06:50 | FACILITY_WATER_MAIN | 32 | NORMAL
2026-09-22 04:06:50 | ICU_WATER_RESERVE | 18 | NORMAL
2026-09-22 04:06:51 | FACILITY_WATER_MAIN | 36 | HIGH_USAGE
2026-09-22 04:06:51 | ICU_WATER_RESERVE | 35 | NORMAL
2026-09-22 04:06:52 | FACILITY_WATER_MAIN | 31 | NORMAL
2026-09-22 04:06:52 | ICU_WATER_RESERVE | 6 | NORMAL
2026-09-22 04:06:53 | FACILITY_WATER_MAIN | 15 | NORMAL
2026-09-22 04:06:53 | ICU_WATER_RESERVE | 12 | NORMAL
2026-09-22 04:06:54 | FACILITY_WATER_MAIN | 26 | NORMAL
2026-09-22 04:06:54 | ICU_WATER_RESERVE | 11 | NORMAL
2026-09-22 04:06:55 | FACILITY_WATER_MAIN | 27 | NORMAL
2026-09-22 04:06:55 | ICU_WATER_RESERVE | 8 | NORMAL
2026-09-22 04:06:56 | FACILITY_WATER_MAIN | 24 | NORMAL
2026-09-22 04:06:56 | ICU_WATER_RESERVE | 44 | HIGH_USAGE
2026-09-22 04:06:57 | FACILITY_WATER_MAIN | 44 | HIGH_USAGE
2026-09-22 04:06:57 | ICU_WATER_RESERVE | 40 | HIGH_USAGE
2026-09-22 04:06:58 | FACILITY_WATER_MAIN | 37 | HIGH_USAGE
2026-09-22 04:06:58 | ICU_WATER_RESERVE | 44 | HIGH_USAGE
2026-09-22 04:06:59 | FACILITY_WATER_MAIN | 13 | NORMAL
2026-09-22 04:06:59 | ICU_WATER_RESERVE | 37 | HIGH_USAGE
2026-09-22 04:07:00 | FACILITY_WATER_MAIN | 5 | NORMAL
2026-09-22 04:07:00 | ICU_WATER_RESERVE | 18 | NORMAL
2026-09-22 04:07:01 | FACILITY_WATER_MAIN | 8 | NORMAL
2026-09-22 04:07:01 | ICU_WATER_RESERVE | 45 | HIGH_USAGE
2026-09-22 04:07:02 | FACILITY_WATER_MAIN | 11 | NORMAL
2026-09-22 04:07:02 | ICU_WATER_RESERVE | 45 | HIGH_USAGE
2026-09-22 04:07:03 | FACILITY_WATER_MAIN | 22 | NORMAL
2026-09-22 04:07:03 | ICU_WATER_RESERVE | 32 | NORMAL
2026-09-22 04:07:04 | FACILITY_WATER_MAIN | 28 | NORMAL
2026-09-22 04:07:04 | ICU_WATER_RESERVE | 25 | NORMAL
2026-09-22 04:07:05 | FACILITY_WATER_MAIN | 5 | NORMAL
2026-09-22 04:07:05 | ICU_WATER_RESERVE | 21 | NORMAL
2026-09-22 04:07:06 | FACILITY_WATER_MAIN | 10 | NORMAL
2026-09-22 04:07:06 | ICU_WATER_RESERVE | 40 | HIGH_USAGE
2026-09-22 04:07:07 | FACILITY_WATER_MAIN | 34 | NORMAL
2026-09-22 04:07:07 | ICU_WATER_RESERVE | 24 | NORMAL
2026-09-22 04:07:08 | FACILITY_WATER_MAIN | 17 | NORMAL
2026-09-22 04:07:08 | ICU_WATER_RESERVE | 10 | NORMAL
2026-09-22 04:07:09 | FACILITY_WATER_MAIN | 20 | NORMAL
2026-09-22 04:07:09 | ICU_WATER_RESERVE | 39 | HIGH_USAGE
2026-09-22 04:07:10 | FACILITY_WATER_MAIN | 17 | NORMAL
2026-09-22 04:07:10 | ICU_WATER_RESERVE | 39 | HIGH_USAGE
2026-09-22 04:07:11 | FACILITY_WATER_MAIN | 23 | NORMAL
2026-09-22 04:07:11 | ICU_WATER_RESERVE | 30 | NORMAL
2026-09-22 04:07:12 | FACILITY_WATER_MAIN | 5 | NORMAL
2026-09-22 04:07:12 | ICU_WATER_RESERVE | 11 | NORMAL
2026-09-22 04:07:13 | FACILITY_WATER_MAIN | 26 | NORMAL
2026-09-22 04:07:13 | ICU_WATER_RESERVE | 17 | NORMAL
2026-09-22 04:07:14 | FACILITY_WATER_MAIN | 27 | NORMAL
2026-09-22 04:07:14 | ICU_WATER_RESERVE | 32 | NORMAL
2026-09-22 04:07:15 | FACILITY_WATER_MAIN | 40 | HIGH_USAGE
2026-09-22 04:07:15 | ICU_WATER_RESERVE | 16 | NORMAL
2026-09-22 04:07:16 | FACILITY_WATER_MAIN | 21 | NORMAL
2026-09-22 04:07:16 | ICU_WATER_RESERVE | 8 | NORMAL
2026-09-22 04:07:17 | FACILITY_WATER_MAIN | 37 | HIGH_USAGE
2026-09-22 04:07:17 | ICU_WATER_RESERVE | 8 | NORMAL
2026-09-22 04:07:18 | FACILITY_WATER_MAIN | 17 | NORMAL
2026-09-22 04:07:18 | ICU_WATER_RESERVE | 30 | NORMAL
2026-09-22 04:07:19 | FACILITY_WATER_MAIN | 39 | HIGH_USAGE
2026-09-22 04:07:19 | ICU_WATER_RESERVE | 19 | NORMAL
2026-09-22 04:07:20 | FACILITY_WATER_MAIN | 40 | HIGH_USAGE
2026-09-22 04:07:20 | ICU_WATER_RESERVE | 43 | HIGH_USAGE
2026-09-22 04:07:21 | FACILITY_WATER_MAIN | 31 | NORMAL
2026-09-22 04:07:21 | ICU_WATER_RESERVE | 24 | NORMAL
2026-09-22 04:07:22 | FACILITY_WATER_MAIN | 10 | NORMAL
2026-09-22 04:07:22 | ICU_WATER_RESERVE | 28 | NORMAL
2026-09-22 04:07:23 | FACILITY_WATER_MAIN | 39 | HIGH_USAGE
2026-09-22 04:07:23 | ICU_WATER_RESERVE | 17 | NORMAL
2026-09-22 04:07:24 | FACILITY_WATER_MAIN | 17 | NORMAL
2026-09-22 04:07:24 | ICU_WATER_RESERVE | 39 | HIGH_USAGE
2026-09-22 04:07:25 | FACILITY_WATER_MAIN | 16 | NORMAL
2026-09-22 04:07:25 | ICU_WATER_RESERVE | 21 | NORMAL
2026-09-22 04:07:26 | FACILITY_WATER_MAIN | 10 | NORMAL
2026-09-22 04:07:26 | ICU_WATER_RESERVE | 7 | NORMAL
2026-09-22 04:07:27 | FACILITY_WATER_MAIN | 40 | HIGH_USAGE
2026-09-22 04:07:27 | ICU_WATER_RESERVE | 24 | NORMAL
2026-09-22 04:07:28 | FACILITY_WATER_MAIN | 37 | HIGH_USAGE
2026-09-22 04:07:28 | ICU_WATER_RESERVE | 29 | NORMAL
2026-09-22 04:07:29 | FACILITY_WATER_MAIN | 28 | NORMAL
2026-09-22 04:07:29 | ICU_WATER_RESERVE | 45 | HIGH_USAGE
2026-09-22 04:07:30 | FACILITY_WATER_MAIN | 13 | NORMAL
2026-09-22 04:07:30 | ICU_WATER_RESERVE | 20 | NORMAL
2026-09-22 04:07:31 | FACILITY_WATER_MAIN | 13 | NORMAL
2026-09-22 04:07:31 | ICU_WATER_RESERVE | 44 | HIGH_USAGE
2026-09-22 04:07:32 | FACILITY_WATER_MAIN | 37 | HIGH_USAGE
2026-09-22 04:07:32 | ICU_WATER_RESERVE | 30 | NORMAL
2026-09-22 04:07:33 | FACILITY_WATER_MAIN | 23 | NORMAL
2026-09-22 04:07:33 | ICU_WATER_RESERVE | 44 | HIGH_USAGE
2026-09-22 04:07:34 | FACILITY_WATER_MAIN | 39 | HIGH_USAGE
2026-09-22 04:07:34 | ICU_WATER_RESERVE | 31 | NORMAL
2026-09-22 04:07:35 | FACILITY_WATER_MAIN | 7 | NORMAL
2026-09-22 04:07:35 | ICU_WATER_RESERVE | 23 | NORMAL
2026-09-22 04:07:36 | FACILITY_WATER_MAIN | 38 | HIGH_USAGE
2026-09-22 04:07:36 | ICU_WATER_RESERVE | 34 | NORMAL
2026-09-22 04:07:37 | FACILITY_WATER_MAIN | 23 | NORMAL
2026-09-22 04:07:37 | ICU_WATER_RESERVE | 11 | NORMAL
2026-09-22 04:07:38 | FACILITY_WATER_MAIN | 42 | HIGH_USAGE
2026-09-22 04:07:38 | ICU_WATER_RESERVE | 8 | NORMAL
2026-09-22 04:07:39 | FACILITY_WATER_MAIN | 14 | NORMAL
2026-09-22 04:07:39 | ICU_WATER_RESERVE | 36 | HIGH_USAGE
2026-09-22 04:07:40 | FACILITY_WATER_MAIN | 33 | NORMAL
2026-09-22 04:07:40 | ICU_WATER_RESERVE | 14 | NORMAL
2026-09-22 04:07:41 | FACILITY_WATER_MAIN | 14 | NORMAL
2026-09-22 04:07:41 | ICU_WATER_RESERVE | 30 | NORMAL
2026-09-22 04:07:42 | FACILITY_WATER_MAIN | 24 | NORMAL
2026-09-22 04:07:42 | ICU_WATER_RESERVE | 31 | NORMAL
2026-09-22 04:07:43 | FACILITY_WATER_MAIN | 38 | HIGH_USAGE
2026-09-22 04:07:43 | ICU_WATER_RESERVE | 22 | NORMAL
2026-09-22 04:07:44 | FACILITY_WATER_MAIN | 36 | HIGH_USAGE
2026-09-22 04:07:44 | ICU_WATER_RESERVE | 35 | NORMAL
2026-09-22 04:07:45 | FACILITY_WATER_MAIN | 17 | NORMAL
2026-09-22 04:07:45 | ICU_WATER_RESERVE | 9 | NORMAL
2026-09-22 04:07:46 | FACILITY_WATER_MAIN | 16 | NORMAL
2026-09-22 04:07:46 | ICU_WATER_RESERVE | 21 | NORMAL
2026-09-22 04:07:47 | FACILITY_WATER_MAIN | 25 | NORMAL
2026-09-22 04:07:47 | ICU_WATER_RESERVE | 26 | NORMAL
2026-09-22 04:07:48 | FACILITY_WATER_MAIN | 25 | NORMAL
2026-09-22 04:07:48 | ICU_WATER_RESERVE | 16 | NORMAL
2026-09-22 04:07:49 | FACILITY_WATER_MAIN | 25 | NORMAL
2026-09-22 04:07:49 | ICU_WATER_RESERVE | 45 | HIGH_USAGE
2026-09-22 04:07:50 | FACILITY_WATER_MAIN | 29 | NORMAL
2026-09-22 04:07:50 | ICU_WATER_RESERVE | 16 | NORMAL
2026-09-22 04:07:51 | FACILITY_WATER_MAIN | 7 | NORMAL
2026-09-22 04:07:51 | ICU_WATER_RESERVE | 16 | NORMAL
2026-09-22 04:07:52 | FACILITY_WATER_MAIN | 16 | NORMAL
2026-09-22 04:07:52 | ICU_WATER_RESERVE | 32 | NORMAL
2026-09-22 04:07:53 | FACILITY_WATER_MAIN | 45 | HIGH_USAGE
2026-09-22 04:07:53 | ICU_WATER_RESERVE | 5 | NORMAL
2026-09-22 04:07:54 | FACILITY_WATER_MAIN | 15 | NORMAL
2026-09-22 04:07:54 | ICU_WATER_RESERVE | 24 | NORMAL
2026-09-22 04:07:55 | FACILITY_WATER_MAIN | 43 | HIGH_USAGE
2026-09-22 04:07:55 | ICU_WATER_RESERVE | 31 | NORMAL
2026-09-22 04:07:56 | FACILITY_WATER_MAIN | 30 | NORMAL
2026-09-22 04:07:56 | ICU_WATER_RESERVE | 40 | HIGH_USAGE
2026-09-22 04:07:57 | FACILITY_WATER_MAIN | 7 | NORMAL
2026-09-22 04:07:57 | ICU_WATER_RESERVE | 29 | NORMAL
2026-09-22 04:07:58 | FACILITY_WATER_MAIN | 10 | NORMAL
2026-09-22 04:07:58 | ICU_WATER_RESERVE | 7 | NORMAL
2026-09-22 04:07:59 | FACILITY_WATER_MAIN | 24 | NORMAL
2026-09-22 04:07:59 | ICU_WATER_RESERVE | 9 | NORMAL
2026-09-22 04:08:00 | FACILITY_WATER_MAIN | 10 | NORMAL
2026-09-22 04:08:00 | ICU_WATER_RESERVE | 30 | NORMAL
2026-09-22 04:08:01 | FACILITY_WATER_MAIN | 36 | HIGH_USAGE
2026-09-22 04:08:01 | ICU_WATER_RESERVE | 42 | HIGH_USAGE
2026-09-22 04:08:02 | FACILITY_WATER_MAIN | 36 | HIGH_USAGE
2026-09-22 04:08:02 | ICU_WATER_RESERVE | 14 | NORMAL
2026-09-22 04:08:03 | FACILITY_WATER_MAIN | 17 | NORMAL
2026-09-22 04:08:03 | ICU_WATER_RESERVE | 33 | NORMAL
2026-09-22 04:08:04 | FACILITY_WATER_MAIN | 14 | NORMAL
2026-09-22 04:08:04 | ICU_WATER_RESERVE | 25 | NORMAL
2026-09-22 04:08:05 | FACILITY_WATER_MAIN | 24 | NORMAL
2026-09-22 04:08:05 | ICU_WATER_RESERVE | 42 | HIGH_USAGE
2026-09-22 04:08:06 | FACILITY_WATER_MAIN | 41 | HIGH_USAGE
2026-09-22 04:08:06 | ICU_WATER_RESERVE | 38 | HIGH_USAGE
2026-09-22 04:08:07 | FACILITY_WATER_MAIN | 32 | NORMAL
2026-09-22 04:08:07 | ICU_WATER_RESERVE | 17 | NORMAL
2026-09-22 04:08:08 | FACILITY_WATER_MAIN | 15 | NORMAL
2026-09-22 04:08:08 | ICU_WATER_RESERVE | 18 | NORMAL
2026-09-22 04:08:09 | FACILITY_WATER_MAIN | 9 | NORMAL
2026-09-22 04:08:09 | ICU_WATER_RESERVE | 22 | NORMAL
2026-09-22 04:08:10 | FACILITY_WATER_MAIN | 37 | HIGH_USAGE
2026-09-22 04:08:10 | ICU_WATER_RESERVE | 22 | NORMAL
2026-09-22 04:08:11 | FACILITY_WATER_MAIN | 5 | NORMAL
2026-09-22 04:08:11 | ICU_WATER_RESERVE | 8 | NORMAL
2026-09-22 04:08:12 | FACILITY_WATER_MAIN | 22 | NORMAL
2026-09-22 04:08:12 | ICU_WATER_RESERVE | 29 | NORMAL
2026-09-22 04:08:13 | FACILITY_WATER_MAIN | 25 | NORMAL
2026-09-22 04:08:13 | ICU_WATER_RESERVE | 24 | NORMAL
2026-09-22 04:08:14 | FACILITY_WATER_MAIN | 20 | NORMAL
2026-09-22 04:08:14 | ICU_WATER_RESERVE | 27 | NORMAL
2026-09-22 04:08:15 | FACILITY_WATER_MAIN | 32 | NORMAL
2026-09-22 04:08:15 | ICU_WATER_RESERVE | 40 | HIGH_USAGE
2026-09-22 04:08:16 | FACILITY_WATER_MAIN | 35 | NORMAL
2026-09-22 04:08:16 | ICU_WATER_RESERVE | 43 | HIGH_USAGE
2026-09-22 04:08:17 | FACILITY_WATER_MAIN | 17 | NORMAL
2026-09-22 04:08:17 | ICU_WATER_RESERVE | 45 | HIGH_USAGE
2026-09-22 04:08:18 | FACILITY_WATER_MAIN | 23 | NORMAL
2026-09-22 04:08:18 | ICU_WATER_RESERVE | 24 | NORMAL
2026-09-22 04:08:19 | FACILITY_WATER_MAIN | 42 | HIGH_USAGE
2026-09-22 04:08:19 | ICU_WATER_RESERVE | 5 | NORMAL
2026-09-22 04:08:20 | FACILITY_WATER_MAIN | 14 | NORMAL
2026-09-22 04:08:20 | ICU_WATER_RESERVE | 29 | NORMAL
2026-09-22 04:08:21 | FACILITY_WATER_MAIN | 21 | NORMAL
2026-09-22 04:08:21 | ICU_WATER_RESERVE | 20 | NORMAL
2026-09-22 04:08:22 | FACILITY_WATER_MAIN | 42 | HIGH_USAGE
2026-09-22 04:08:22 | ICU_WATER_RESERVE | 44 | HIGH_USAGE
2026-09-22 04:08:23 | FACILITY_WATER_MAIN | 32 | NORMAL
2026-09-22 04:08:23 | ICU_WATER_RESERVE | 22 | NORMAL
2026-09-22 04:08:24 | FACILITY_WATER_MAIN | 29 | NORMAL
2026-09-22 04:08:24 | ICU_WATER_RESERVE | 41 | HIGH_USAGE
2026-09-22 04:08:25 | FACILITY_WATER_MAIN | 28 | NORMAL
2026-09-22 04:08:25 | ICU_WATER_RESERVE | 35 | NORMAL
2026-09-22 04:08:26 | FACILITY_WATER_MAIN | 8 | NORMAL
2026-09-22 04:08:26 | ICU_WATER_RESERVE | 39 | HIGH_USAGE
2026-09-22 04:08:27 | FACILITY_WATER_MAIN | 31 | NORMAL
2026-09-22 04:08:27 | ICU_WATER_RESERVE | 22 | NORMAL
2026-09-22 04:08:28 | FACILITY_WATER_MAIN | 38 | HIGH_USAGE
2026-09-22 04:08:28 | ICU_WATER_RESERVE | 5 | NORMAL
2026-09-22 04:08:29 | FACILITY_WATER_MAIN | 38 | HIGH_USAGE
2026-09-22 04:08:29 | ICU_WATER_RESERVE | 15 | NORMAL
2026-09-22 04:08:30 | FACILITY_WATER_MAIN | 29 | NORMAL
2026-09-22 04:08:30 | ICU_WATER_RESERVE | 45 | HIGH_USAGE
2026-09-22 04:08:31 | FACILITY_WATER_MAIN | 39 | HIGH_USAGE
2026-09-22 04:08:31 | ICU_WATER_RESERVE | 44 | HIGH_USAGE
2026-09-22 04:08:32 | FACILITY_WATER_MAIN | 5 | NORMAL
2026-09-22 04:08:32 | ICU_WATER_RESERVE | 10 | NORMAL
2026-09-22 04:08:33 | FACILITY_WATER_MAIN | 28 | NORMAL
2026-09-22 04:08:33 | ICU_WATER_RESERVE | 7 | NORMAL
2026-09-22 04:08:34 | FACILITY_WATER_MAIN | 6 | NORMAL
2026-09-22 04:08:34 | ICU_WATER_RESERVE | 24 | NORMAL
2026-09-22 04:08:35 | FACILITY_WATER_MAIN | 15 | NORMAL
2026-09-22 04:08:35 | ICU_WATER_RESERVE | 30 | NORMAL
2026-09-22 04:08:36 | FACILITY_WATER_MAIN | 12 | NORMAL
2026-09-22 04:08:36 | ICU_WATER_RESERVE | 12 | NORMAL
2026-09-22 04:08:37 | FACILITY_WATER_MAIN | 14 | NORMAL
2026-09-22 04:08:37 | ICU_WATER_RESERVE | 44 | HIGH_USAGE
2026-09-22 04:08:38 | FACILITY_WATER_MAIN | 12 | NORMAL
2026-09-22 04:08:38 | ICU_WATER_RESERVE | 44 | HIGH_USAGE
2026-09-22 04:08:39 | FACILITY_WATER_MAIN | 5 | NORMAL
2026-09-22 04:08:39 | ICU_WATER_RESERVE | 6 | NORMAL
2026-09-22 04:08:40 | FACILITY_WATER_MAIN | 33 | NORMAL
2026-09-22 04:08:40 | ICU_WATER_RESERVE | 8 | NORMAL
2026-09-22 04:08:41 | FACILITY_WATER_MAIN | 18 | NORMAL
2026-09-22 04:08:41 | ICU_WATER_RESERVE | 19 | NORMAL
2026-09-22 04:08:42 | FACILITY_WATER_MAIN | 42 | HIGH_USAGE
2026-09-22 04:08:42 | ICU_WATER_RESERVE | 38 | HIGH_USAGE
2026-09-22 04:08:43 | FACILITY_WATER_MAIN | 20 | NORMAL
2026-09-22 04:08:43 | ICU_WATER_RESERVE | 25 | NORMAL
2026-09-22 04:08:44 | FACILITY_WATER_MAIN | 19 | NORMAL
2026-09-22 04:08:44 | ICU_WATER_RESERVE | 17 | NORMAL
2026-09-22 04:08:45 | FACILITY_WATER_MAIN | 43 | HIGH_USAGE
2026-09-22 04:08:45 | ICU_WATER_RESERVE | 15 | NORMAL
2026-09-22 04:08:46 | FACILITY_WATER_MAIN | 29 | NORMAL
2026-09-22 04:08:46 | ICU_WATER_RESERVE | 14 | NORMAL
2026-09-22 04:08:47 | FACILITY_WATER_MAIN | 28 | NORMAL
2026-09-22 04:08:47 | ICU_WATER_RESERVE | 20 | NORMAL
2026-09-22 04:08:48 | FACILITY_WATER_MAIN | 30 | NORMAL
2026-09-22 04:08:48 | ICU_WATER_RESERVE | 23 | NORMAL
2026-09-22 04:08:49 | FACILITY_WATER_MAIN | 24 | NORMAL
2026-09-22 04:08:49 | ICU_WATER_RESERVE | 20 | NORMAL
2026-09-22 04:08:50 | FACILITY_WATER_MAIN | 31 | NORMAL
2026-09-22 04:08:50 | ICU_WATER_RESERVE | 41 | HIGH_USAGE
2026-09-22 04:08:51 | FACILITY_WATER_MAIN | 17 | NORMAL
2026-09-22 04:08:51 | ICU_WATER_RESERVE | 44 | HIGH_USAGE
2026-09-22 04:08:52 | FACILITY_WATER_MAIN | 23 | NORMAL
2026-09-22 04:08:52 | ICU_WATER_RESERVE | 7 | NORMAL
2026-09-22 04:08:53 | FACILITY_WATER_MAIN | 14 | NORMAL
2026-09-22 04:08:53 | ICU_WATER_RESERVE | 25 | NORMAL
2026-09-22 04:08:54 | FACILITY_WATER_MAIN | 6 | NORMAL
2026-09-22 04:08:54 | ICU_WATER_RESERVE | 26 | NORMAL
2026-09-22 04:08:55 | FACILITY_WATER_MAIN | 10 | NORMAL
2026-09-22 04:08:55 | ICU_WATER_RESERVE | 22 | NORMAL
2026-09-22 04:08:56 | FACILITY_WATER_MAIN | 24 | NORMAL
2026-09-22 04:08:56 | ICU_WATER_RESERVE | 11 | NORMAL
2026-09-22 04:08:57 | FACILITY_WATER_MAIN | 17 | NORMAL
2026-09-22 04:08:57 | ICU_WATER_RESERVE | 33 | NORMAL
2026-09-22 04:08:58 | FACILITY_WATER_MAIN | 45 | HIGH_USAGE
2026-09-22 04:08:58 | ICU_WATER_RESERVE | 43 | HIGH_USAGE
2026-09-22 04:08:59 | FACILITY_WATER_MAIN | 6 | NORMAL
2026-09-22 04:08:59 | ICU_WATER_RESERVE | 42 | HIGH_USAGE
2026-09-22 04:09:00 | FACILITY_WATER_MAIN | 17 | NORMAL
2026-09-22 04:09:00 | ICU_WATER_RESERVE | 34 | NORMAL
2026-09-22 04:09:01 | FACILITY_WATER_MAIN | 5 | NORMAL
2026-09-22 04:09:01 | ICU_WATER_RESERVE | 29 | NORMAL
2026-09-22 04:09:02 | FACILITY_WATER_MAIN | 22 | NORMAL
2026-09-22 04:09:02 | ICU_WATER_RESERVE | 24 | NORMAL
2026-09-22 04:09:03 | FACILITY_WATER_MAIN | 6 | NORMAL
2026-09-22 04:09:03 | ICU_WATER_RESERVE | 38 | HIGH_USAGE
2026-09-22 04:09:04 | FACILITY_WATER_MAIN | 20 | NORMAL
2026-09-22 04:09:04 | ICU_WATER_RESERVE | 32 | NORMAL
2026-09-22 04:09:05 | FACILITY_WATER_MAIN | 43 | HIGH_USAGE
2026-09-22 04:09:05 | ICU_WATER_RESERVE | 7 | NORMAL
2026-09-22 04:09:06 | FACILITY_WATER_MAIN | 18 | NORMAL
2026-09-22 04:09:06 | ICU_WATER_RESERVE | 20 | NORMAL
2026-09-22 04:09:07 | FACILITY_WATER_MAIN | 24 | NORMAL
2026-09-22 04:09:07 | ICU_WATER_RESERVE | 14 | NORMAL
2026-09-22 04:09:08 | FACILITY_WATER_MAIN | 12 | NORMAL
2026-09-22 04:09:08 | ICU_WATER_RESERVE | 21 | NORMAL
2026-09-22 04:09:09 | FACILITY_WATER_MAIN | 17 | NORMAL
2026-09-22 04:09:09 | ICU_WATER_RESERVE | 30 | NORMAL
2026-09-22 04:09:10 | FACILITY_WATER_MAIN | 9 | NORMAL
2026-09-22 04:09:10 | ICU_WATER_RESERVE | 43 | HIGH_USAGE
2026-09-22 04:09:11 | FACILITY_WATER_MAIN | 43 | HIGH_USAGE
2026-09-22 04:09:11 | ICU_WATER_RESERVE | 15 | NORMAL
2026-09-22 04:09:12 | FACILITY_WATER_MAIN | 34 | NORMAL
2026-09-22 04:09:12 | ICU_WATER_RESERVE | 45 | HIGH_USAGE
2026-09-22 04:09:13 | FACILITY_WATER_MAIN | 6 | NORMAL
2026-09-22 04:09:13 | ICU_WATER_RESERVE | 13 | NORMAL
2026-09-22 04:09:14 | FACILITY_WATER_MAIN | 38 | HIGH_USAGE
2026-09-22 04:09:14 | ICU_WATER_RESERVE | 39 | HIGH_USAGE
2026-09-22 04:09:15 | FACILITY_WATER_MAIN | 10 | NORMAL
2026-09-22 04:09:15 | ICU_WATER_RESERVE | 21 | NORMAL
2026-09-22 04:09:16 | FACILITY_WATER_MAIN | 19 | NORMAL
2026-09-22 04:09:16 | ICU_WATER_RESERVE | 22 | NORMAL
2026-09-22 04:09:17 | FACILITY_WATER_MAIN | 34 | NORMAL
2026-09-22 04:09:17 | ICU_WATER_RESERVE | 26 | NORMAL
2026-09-22 04:09:18 | FACILITY_WATER_MAIN | 13 | NORMAL
2026-09-22 04:09:18 | ICU_WATER_RESERVE | 6 | NORMAL
2026-09-22 04:09:19 | FACILITY_WATER_MAIN | 31 | NORMAL
2026-09-22 04:09:19 | ICU_WATER_RESERVE | 36 | HIGH_USAGE
2026-09-22 04:09:20 | FACILITY_WATER_MAIN | 40 | HIGH_USAGE
2026-09-22 04:09:20 | ICU_WATER_RESERVE | 44 | HIGH_USAGE
2026-09-22 04:09:21 | FACILITY_WATER_MAIN | 12 | NORMAL
2026-09-22 04:09:21 | ICU_WATER_RESERVE | 45 | HIGH_USAGE
2026-09-22 04:09:22 | FACILITY_WATER_MAIN | 20 | NORMAL
2026-09-22 04:09:22 | ICU_WATER_RESERVE | 9 | NORMAL
2026-09-22 04:09:23 | FACILITY_WATER_MAIN | 26 | NORMAL
2026-09-22 04:09:23 | ICU_WATER_RESERVE | 11 | NORMAL
2026-09-22 04:09:24 | FACILITY_WATER_MAIN | 15 | NORMAL
2026-09-22 04:09:24 | ICU_WATER_RESERVE | 25 | NORMAL
2026-09-22 04:09:25 | FACILITY_WATER_MAIN | 15 | NORMAL
2026-09-22 04:09:25 | ICU_WATER_RESERVE | 43 | HIGH_USAGE
2026-09-22 04:09:26 | FACILITY_WATER_MAIN | 11 | NORMAL
2026-09-22 04:09:26 | ICU_WATER_RESERVE | 43 | HIGH_USAGE
2026-09-22 04:09:27 | FACILITY_WATER_MAIN | 20 | NORMAL
2026-09-22 04:09:27 | ICU_WATER_RESERVE | 40 | HIGH_USAGE
2026-09-22 04:09:28 | FACILITY_WATER_MAIN | 44 | HIGH_USAGE
2026-09-22 04:09:28 | ICU_WATER_RESERVE | 12 | NORMAL
2026-09-22 04:09:29 | FACILITY_WATER_MAIN | 29 | NORMAL
2026-09-22 04:09:29 | ICU_WATER_RESERVE | 27 | NORMAL
2026-09-22 04:09:30 | FACILITY_WATER_MAIN | 37 | HIGH_USAGE
2026-09-22 04:09:30 | ICU_WATER_RESERVE | 38 | HIGH_USAGE
2026-09-22 04:09:31 | FACILITY_WATER_MAIN | 13 | NORMAL
2026-09-22 04:09:31 | ICU_WATER_RESERVE | 36 | HIGH_USAGE
2026-09-22 04:09:32 | FACILITY_WATER_MAIN | 12 | NORMAL
2026-09-22 04:09:32 | ICU_WATER_RESERVE | 23 | NORMAL
2026-09-22 04:09:33 | FACILITY_WATER_MAIN | 35 | NORMAL
2026-09-22 04:09:33 | ICU_WATER_RESERVE | 12 | NORMAL
2026-09-22 04:09:34 | FACILITY_WATER_MAIN | 41 | HIGH_USAGE
2026-09-22 04:09:34 | ICU_WATER_RESERVE | 11 | NORMAL
2026-09-22 04:09:35 | FACILITY_WATER_MAIN | 40 | HIGH_USAGE
2026-09-22 04:09:35 | ICU_WATER_RESERVE | 24 | NORMAL
2026-09-22 04:09:36 | FACILITY_WATER_MAIN | 42 | HIGH_USAGE
2026-09-22 04:09:36 | ICU_WATER_RESERVE | 34 | NORMAL
2026-09-22 04:09:37 | FACILITY_WATER_MAIN | 25 | NORMAL
2026-09-22 04:09:37 | ICU_WATER_RESERVE | 39 | HIGH_USAGE
2026-09-22 04:09:38 | FACILITY_WATER_MAIN | 23 | NORMAL
2026-09-22 04:09:38 | ICU_WATER_RESERVE | 25 | NORMAL
2026-09-22 04:09:39 | FACILITY_WATER_MAIN | 23 | NORMAL
2026-09-22 04:09:39 | ICU_WATER_RESERVE | 10 | NORMAL
2026-09-22 04:09:40 | FACILITY_WATER_MAIN | 32 | NORMAL
2026-09-22 04:09:40 | ICU_WATER_RESERVE | 43 | HIGH_USAGE
2026-09-22 04:09:41 | FACILITY_WATER_MAIN | 39 | HIGH_USAGE
2026-09-22 04:09:41 | ICU_WATER_RESERVE | 42 | HIGH_USAGE
2026-09-22 04:09:42 | FACILITY_WATER_MAIN | 16 | NORMAL
2026-09-22 04:09:42 | ICU_WATER_RESERVE | 33 | NORMAL
2026-09-22 04:09:43 | FACILITY_WATER_MAIN | 45 | HIGH_USAGE
2026-09-22 04:09:43 | ICU_WATER_RESERVE | 17 | NORMAL
2026-09-22 04:09:44 | FACILITY_WATER_MAIN | 8 | NORMAL
2026-09-22 04:09:44 | ICU_WATER_RESERVE | 5 | NORMAL
2026-09-22 04:09:45 | FACILITY_WATER_MAIN | 15 | NORMAL
2026-09-22 04:09:45 | ICU_WATER_RESERVE | 21 | NORMAL
2026-09-22 04:09:46 | FACILITY_WATER_MAIN | 45 | HIGH_USAGE
2026-09-22 04:09:46 | ICU_WATER_RESERVE | 33 | NORMAL
2026-09-22 04:09:47 | FACILITY_WATER_MAIN | 34 | NORMAL
2026-09-22 04:09:47 | ICU_WATER_RESERVE | 24 | NORMAL
2026-09-22 04:09:48 | FACILITY_WATER_MAIN | 30 | NORMAL
2026-09-22 04:09:48 | ICU_WATER_RESERVE | 6 | NORMAL
2026-09-22 04:09:49 | FACILITY_WATER_MAIN | 8 | NORMAL
2026-09-22 04:09:49 | ICU_WATER_RESERVE | 12 | NORMAL
2026-09-22 04:09:50 | FACILITY_WATER_MAIN | 37 | HIGH_USAGE
2026-09-22 04:09:50 | ICU_WATER_RESERVE | 23 | NORMAL
2026-09-22 04:09:51 | FACILITY_WATER_MAIN | 5 | NORMAL
2026-09-22 04:09:51 | ICU_WATER_RESERVE | 7 | NORMAL
2026-09-22 04:09:52 | FACILITY_WATER_MAIN | 10 | NORMAL
2026-09-22 04:09:52 | ICU_WATER_RESERVE | 45 | HIGH_USAGE
2026-09-22 04:09:53 | FACILITY_WATER_MAIN | 23 | NORMAL
2026-09-22 04:09:53 | ICU_WATER_RESERVE | 39 | HIGH_USAGE
2026-09-22 04:09:54 | FACILITY_WATER_MAIN | 24 | NORMAL
2026-09-22 04:09:54 | ICU_WATER_RESERVE | 30 | NORMAL
2026-09-22 04:09:55 | FACILITY_WATER_MAIN | 45 | HIGH_USAGE
2026-09-22 04:09:55 | ICU_WATER_RESERVE | 6 | NORMAL
2026-09-22 04:09:56 | FACILITY_WATER_MAIN | 24 | NORMAL
2026-09-22 04:09:56 | ICU_WATER_RESERVE | 17 | NORMAL
2026-09-22 04:09:57 | FACILITY_WATER_MAIN | 10 | NORMAL
2026-09-22 04:09:57 | ICU_WATER_RESERVE | 44 | HIGH_USAGE
2026-09-22 04:09:58 | FACILITY_WATER_MAIN | 13 | NORMAL
2026-09-22 04:09:58 | ICU_WATER_RESERVE | 40 | HIGH_USAGE
2026-09-22 04:09:59 | FACILITY_WATER_MAIN | 28 | NORMAL
2026-09-22 04:09:59 | ICU_WATER_RESERVE | 18 | NORMAL
2026-09-22 04:10:00 | FACILITY_WATER_MAIN | 8 | NORMAL
2026-09-22 04:10:00 | ICU_WATER_RESERVE | 27 | NORMAL
2026-09-22 04:10:01 | FACILITY_WATER_MAIN | 34 | NORMAL
2026-09-22 04:10:01 | ICU_WATER_RESERVE | 41 | HIGH_USAGE
2026-09-22 04:10:02 | FACILITY_WATER_MAIN | 31 | NORMAL
2026-09-22 04:10:02 | ICU_WATER_RESERVE | 14 | NORMAL
2026-09-22 04:10:03 | FACILITY_WATER_MAIN | 14 | NORMAL
2026-09-22 04:10:03 | ICU_WATER_RESERVE | 45 | HIGH_USAGE
2026-09-22 04:10:04 | FACILITY_WATER_MAIN | 10 | NORMAL
2026-09-22 04:10:04 | ICU_WATER_RESERVE | 36 | HIGH_USAGE
2026-09-22 04:10:05 | FACILITY_WATER_MAIN | 26 | NORMAL
2026-09-22 04:10:05 | ICU_WATER_RESERVE | 20 | NORMAL
2026-09-22 04:10:06 | FACILITY_WATER_MAIN | 23 | NORMAL
2026-09-22 04:10:06 | ICU_WATER_RESERVE | 29 | NORMAL
2026-09-22 04:10:07 | FACILITY_WATER_MAIN | 16 | NORMAL
2026-09-22 04:10:07 | ICU_WATER_RESERVE | 15 | NORMAL
2026-09-22 04:10:08 | FACILITY_WATER_MAIN | 45 | HIGH_USAGE
2026-09-22 04:10:08 | ICU_WATER_RESERVE | 41 | HIGH_USAGE
2026-09-22 04:10:09 | FACILITY_WATER_MAIN | 29 | NORMAL
2026-09-22 04:10:09 | ICU_WATER_RESERVE | 45 | HIGH_USAGE
2026-09-22 04:10:10 | FACILITY_WATER_MAIN | 9 | NORMAL
2026-09-22 04:10:10 | ICU_WATER_RESERVE | 7 | NORMAL
2026-09-22 04:10:11 | FACILITY_WATER_MAIN | 29 | NORMAL
2026-09-22 04:10:11 | ICU_WATER_RESERVE | 5 | NORMAL
2026-09-22 04:10:12 | FACILITY_WATER_MAIN | 17 | NORMAL
2026-09-22 04:10:12 | ICU_WATER_RESERVE | 17 | NORMAL
2026-09-22 04:10:13 | FACILITY_WATER_MAIN | 18 | NORMAL
2026-09-22 04:10:13 | ICU_WATER_RESERVE | 10 | NORMAL
2026-09-22 04:10:14 | FACILITY_WATER_MAIN | 43 | HIGH_USAGE
2026-09-22 04:10:14 | ICU_WATER_RESERVE | 22 | NORMAL
2026-09-22 04:10:15 | FACILITY_WATER_MAIN | 40 | HIGH_USAGE
2026-09-22 04:10:15 | ICU_WATER_RESERVE | 11 | NORMAL
2026-09-22 04:10:16 | FACILITY_WATER_MAIN | 22 | NORMAL
2026-09-22 04:10:16 | ICU_WATER_RESERVE | 31 | NORMAL
2026-09-22 04:10:17 | FACILITY_WATER_MAIN | 36 | HIGH_USAGE
2026-09-22 04:10:17 | ICU_WATER_RESERVE | 24 | NORMAL
2026-09-22 04:10:18 | FACILITY_WATER_MAIN | 21 | NORMAL
2026-09-22 04:10:18 | ICU_WATER_RESERVE | 43 | HIGH_USAGE
2026-09-22 04:10:19 | FACILITY_WATER_MAIN | 8 | NORMAL
2026-09-22 04:10:19 | ICU_WATER_RESERVE | 34 | NORMAL
2026-09-22 04:10:20 | FACILITY_WATER_MAIN | 22 | NORMAL
2026-09-22 04:10:20 | ICU_WATER_RESERVE | 33 | NORMAL
2026-09-22 04:10:21 | FACILITY_WATER_MAIN | 35 | NORMAL
2026-09-22 04:10:21 | ICU_WATER_RESERVE | 10 | NORMAL
2026-09-22 04:10:22 | FACILITY_WATER_MAIN | 35 | NORMAL
2026-09-22 04:10:22 | ICU_WATER_RESERVE | 20 | NORMAL
2026-09-22 04:10:23 | FACILITY_WATER_MAIN | 12 | NORMAL
2026-09-22 04:10:23 | ICU_WATER_RESERVE | 36 | HIGH_USAGE
2026-09-22 04:10:24 | FACILITY_WATER_MAIN | 5 | NORMAL
2026-09-22 04:10:24 | ICU_WATER_RESERVE | 36 | HIGH_USAGE
2026-09-22 04:10:25 | FACILITY_WATER_MAIN | 33 | NORMAL
2026-09-22 04:10:25 | ICU_WATER_RESERVE | 27 | NORMAL
2026-09-22 04:10:26 | FACILITY_WATER_MAIN | 39 | HIGH_USAGE
2026-09-22 04:10:26 | ICU_WATER_RESERVE | 40 | HIGH_USAGE
2026-09-22 04:10:27 | FACILITY_WATER_MAIN | 8 | NORMAL
2026-09-22 04:10:27 | ICU_WATER_RESERVE | 25 | NORMAL
2026-09-22 04:10:28 | FACILITY_WATER_MAIN | 33 | NORMAL
2026-09-22 04:10:28 | ICU_WATER_RESERVE | 27 | NORMAL
2026-09-22 04:10:29 | FACILITY_WATER_MAIN | 38 | HIGH_USAGE
2026-09-22 04:10:29 | ICU_WATER_RESERVE | 8 | NORMAL
2026-09-22 04:10:30 | FACILITY_WATER_MAIN | 38 | HIGH_USAGE
2026-09-22 04:10:30 | ICU_WATER_RESERVE | 20 | NORMAL
2026-09-22 04:10:31 | FACILITY_WATER_MAIN | 21 | NORMAL
2026-09-22 04:10:31 | ICU_WATER_RESERVE | 17 | NORMAL
2026-09-22 04:10:32 | FACILITY_WATER_MAIN | 11 | NORMAL
2026-09-22 04:10:32 | ICU_WATER_RESERVE | 44 | HIGH_USAGE
2026-09-22 04:10:33 | FACILITY_WATER_MAIN | 31 | NORMAL
2026-09-22 04:10:33 | ICU_WATER_RESERVE | 42 | HIGH_USAGE
2026-09-22 04:10:34 | FACILITY_WATER_MAIN | 18 | NORMAL
2026-09-22 04:10:34 | ICU_WATER_RESERVE | 38 | HIGH_USAGE
2026-09-22 04:10:35 | FACILITY_WATER_MAIN | 32 | NORMAL
2026-09-22 04:10:35 | ICU_WATER_RESERVE | 23 | NORMAL
2026-09-22 04:10:36 | FACILITY_WATER_MAIN | 20 | NORMAL
2026-09-22 04:10:36 | ICU_WATER_RESERVE | 20 | NORMAL
2026-09-22 04:10:37 | FACILITY_WATER_MAIN | 16 | NORMAL
2026-09-22 04:10:37 | ICU_WATER_RESERVE | 35 | NORMAL
2026-09-22 04:10:38 | FACILITY_WATER_MAIN | 25 | NORMAL
2026-09-22 04:10:38 | ICU_WATER_RESERVE | 14 | NORMAL
2026-09-22 04:10:39 | FACILITY_WATER_MAIN | 17 | NORMAL
2026-09-22 04:10:39 | ICU_WATER_RESERVE | 17 | NORMAL
2026-09-22 04:10:40 | FACILITY_WATER_MAIN | 26 | NORMAL
2026-09-22 04:10:40 | ICU_WATER_RESERVE | 25 | NORMAL
2026-09-22 04:10:41 | FACILITY_WATER_MAIN | 39 | HIGH_USAGE
2026-09-22 04:10:41 | ICU_WATER_RESERVE | 44 | HIGH_USAGE
2026-09-22 04:10:42 | FACILITY_WATER_MAIN | 22 | NORMAL
2026-09-22 04:10:42 | ICU_WATER_RESERVE | 16 | NORMAL
2026-09-22 04:10:43 | FACILITY_WATER_MAIN | 44 | HIGH_USAGE
2026-09-22 04:10:43 | ICU_WATER_RESERVE | 45 | HIGH_USAGE
2026-09-22 04:10:44 | FACILITY_WATER_MAIN | 43 | HIGH_USAGE
2026-09-22 04:10:44 | ICU_WATER_RESERVE | 14 | NORMAL
2026-09-22 04:10:45 | FACILITY_WATER_MAIN | 13 | NORMAL
2026-09-22 04:10:45 | ICU_WATER_RESERVE | 16 | NORMAL
2026-09-22 04:10:46 | FACILITY_WATER_MAIN | 32 | NORMAL
2026-09-22 04:10:46 | ICU_WATER_RESERVE | 20 | NORMAL
2026-09-22 04:10:47 | FACILITY_WATER_MAIN | 39 | HIGH_USAGE
2026-09-22 04:10:47 | ICU_WATER_RESERVE | 12 | NORMAL
2026-09-22 04:10:48 | FACILITY_WATER_MAIN | 6 | NORMAL
2026-09-22 04:10:48 | ICU_WATER_RESERVE | 18 | NORMAL
2026-09-22 04:10:49 | FACILITY_WATER_MAIN | 15 | NORMAL
2026-09-22 04:10:49 | ICU_WATER_RESERVE | 37 | HIGH_USAGE
2026-09-22 04:10:50 | FACILITY_WATER_MAIN | 23 | NORMAL
2026-09-22 04:10:50 | ICU_WATER_RESERVE | 37 | HIGH_USAGE
2026-09-22 04:10:51 | FACILITY_WATER_MAIN | 5 | NORMAL
2026-09-22 04:10:51 | ICU_WATER_RESERVE | 35 | NORMAL
2026-09-22 04:10:52 | FACILITY_WATER_MAIN | 21 | NORMAL
2026-09-22 04:10:52 | ICU_WATER_RESERVE | 39 | HIGH_USAGE
2026-09-22 04:10:53 | FACILITY_WATER_MAIN | 39 | HIGH_USAGE
2026-09-22 04:10:53 | ICU_WATER_RESERVE | 34 | NORMAL
2026-09-22 04:10:54 | FACILITY_WATER_MAIN | 22 | NORMAL
2026-09-22 04:10:54 | ICU_WATER_RESERVE | 34 | NORMAL
2026-09-22 04:10:55 | FACILITY_WATER_MAIN | 34 | NORMAL
2026-09-22 04:10:55 | ICU_WATER_RESERVE | 12 | NORMAL
2026-09-22 04:10:56 | FACILITY_WATER_MAIN | 26 | NORMAL
2026-09-22 04:10:56 | ICU_WATER_RESERVE | 9 | NORMAL
2026-09-22 04:10:57 | FACILITY_WATER_MAIN | 27 | NORMAL
2026-09-22 04:10:57 | ICU_WATER_RESERVE | 36 | HIGH_USAGE
2026-09-22 04:10:58 | FACILITY_WATER_MAIN | 5 | NORMAL
2026-09-22 04:10:58 | ICU_WATER_RESERVE | 27 | NORMAL
2026-09-22 04:10:59 | FACILITY_WATER_MAIN | 11 | NORMAL
2026-09-22 04:10:59 | ICU_WATER_RESERVE | 7 | NORMAL
2026-09-22 04:11:00 | FACILITY_WATER_MAIN | 37 | HIGH_USAGE
2026-09-22 04:11:00 | ICU_WATER_RESERVE | 39 | HIGH_USAGE
2026-09-22 04:11:01 | FACILITY_WATER_MAIN | 15 | NORMAL
2026-09-22 04:11:01 | ICU_WATER_RESERVE | 22 | NORMAL
2026-09-22 04:11:02 | FACILITY_WATER_MAIN | 13 | NORMAL
2026-09-22 04:11:02 | ICU_WATER_RESERVE | 24 | NORMAL
2026-09-22 04:11:03 | FACILITY_WATER_MAIN | 21 | NORMAL
2026-09-22 04:11:03 | ICU_WATER_RESERVE | 25 | NORMAL
2026-09-22 04:11:04 | FACILITY_WATER_MAIN | 31 | NORMAL
2026-09-22 04:11:04 | ICU_WATER_RESERVE | 40 | HIGH_USAGE
2026-09-22 04:11:05 | FACILITY_WATER_MAIN | 9 | NORMAL
2026-09-22 04:11:05 | ICU_WATER_RESERVE | 40 | HIGH_USAGE
2026-09-22 04:11:06 | FACILITY_WATER_MAIN | 40 | HIGH_USAGE
2026-09-22 04:11:06 | ICU_WATER_RESERVE | 15 | NORMAL
2026-09-22 04:11:07 | FACILITY_WATER_MAIN | 40 | HIGH_USAGE
2026-09-22 04:11:07 | ICU_WATER_RESERVE | 30 | NORMAL
2026-09-22 04:11:08 | FACILITY_WATER_MAIN | 8 | NORMAL
2026-09-22 04:11:08 | ICU_WATER_RESERVE | 36 | HIGH_USAGE
2026-09-22 04:11:09 | FACILITY_WATER_MAIN | 41 | HIGH_USAGE
2026-09-22 04:11:09 | ICU_WATER_RESERVE | 12 | NORMAL
2026-09-22 04:11:10 | FACILITY_WATER_MAIN | 11 | NORMAL
2026-09-22 04:11:10 | ICU_WATER_RESERVE | 17 | NORMAL
2026-09-22 04:11:11 | FACILITY_WATER_MAIN | 10 | NORMAL
2026-09-22 04:11:11 | ICU_WATER_RESERVE | 12 | NORMAL
2026-09-22 04:11:12 | FACILITY_WATER_MAIN | 10 | NORMAL
2026-09-22 04:11:12 | ICU_WATER_RESERVE | 24 | NORMAL
2026-09-22 04:11:13 | FACILITY_WATER_MAIN | 43 | HIGH_USAGE
2026-09-22 04:11:13 | ICU_WATER_RESERVE | 19 | NORMAL
2026-09-22 04:11:14 | FACILITY_WATER_MAIN | 35 | NORMAL
2026-09-22 04:11:14 | ICU_WATER_RESERVE | 21 | NORMAL
2026-09-22 04:11:15 | FACILITY_WATER_MAIN | 43 | HIGH_USAGE
2026-09-22 04:11:15 | ICU_WATER_RESERVE | 41 | HIGH_USAGE
2026-09-22 04:11:16 | FACILITY_WATER_MAIN | 14 | NORMAL
2026-09-22 04:11:16 | ICU_WATER_RESERVE | 31 | NORMAL
2026-09-22 04:11:17 | FACILITY_WATER_MAIN | 20 | NORMAL
2026-09-22 04:11:17 | ICU_WATER_RESERVE | 9 | NORMAL
2026-09-22 04:11:18 | FACILITY_WATER_MAIN | 17 | NORMAL
2026-09-22 04:11:18 | ICU_WATER_RESERVE | 7 | NORMAL
2026-09-22 04:11:19 | FACILITY_WATER_MAIN | 12 | NORMAL
2026-09-22 04:11:19 | ICU_WATER_RESERVE | 25 | NORMAL
2026-09-22 04:11:20 | FACILITY_WATER_MAIN | 24 | NORMAL
2026-09-22 04:11:20 | ICU_WATER_RESERVE | 42 | HIGH_USAGE
2026-09-22 04:11:21 | FACILITY_WATER_MAIN | 35 | NORMAL
2026-09-22 04:11:21 | ICU_WATER_RESERVE | 5 | NORMAL
2026-09-22 04:11:22 | FACILITY_WATER_MAIN | 27 | NORMAL
2026-09-22 04:11:22 | ICU_WATER_RESERVE | 31 | NORMAL
2026-09-22 04:11:23 | FACILITY_WATER_MAIN | 35 | NORMAL
2026-09-22 04:11:23 | ICU_WATER_RESERVE | 28 | NORMAL
2026-09-22 04:11:24 | FACILITY_WATER_MAIN | 24 | NORMAL
2026-09-22 04:11:24 | ICU_WATER_RESERVE | 29 | NORMAL
2026-09-22 04:11:25 | FACILITY_WATER_MAIN | 27 | NORMAL
2026-09-22 04:11:25 | ICU_WATER_RESERVE | 22 | NORMAL
2026-09-22 04:11:26 | FACILITY_WATER_MAIN | 37 | HIGH_USAGE
2026-09-22 04:11:26 | ICU_WATER_RESERVE | 10 | NORMAL
2026-09-22 04:11:27 | FACILITY_WATER_MAIN | 40 | HIGH_USAGE
2026-09-22 04:11:27 | ICU_WATER_RESERVE | 14 | NORMAL
2026-09-22 04:11:28 | FACILITY_WATER_MAIN | 20 | NORMAL
2026-09-22 04:11:28 | ICU_WATER_RESERVE | 18 | NORMAL
2026-09-22 04:11:29 | FACILITY_WATER_MAIN | 10 | NORMAL
2026-09-22 04:11:29 | ICU_WATER_RESERVE | 12 | NORMAL
2026-09-22 04:11:30 | FACILITY_WATER_MAIN | 15 | NORMAL
2026-09-22 04:11:30 | ICU_WATER_RESERVE | 22 | NORMAL
2026-09-22 04:11:31 | FACILITY_WATER_MAIN | 15 | NORMAL
2026-09-22 04:11:31 | ICU_WATER_RESERVE | 16 | NORMAL
2026-09-22 04:11:32 | FACILITY_WATER_MAIN | 30 | NORMAL
2026-09-22 04:11:32 | ICU_WATER_RESERVE | 21 | NORMAL
2026-09-22 04:11:33 | FACILITY_WATER_MAIN | 7 | NORMAL
2026-09-22 04:11:33 | ICU_WATER_RESERVE | 15 | NORMAL
2026-09-22 04:11:34 | FACILITY_WATER_MAIN | 8 | NORMAL
2026-09-22 04:11:34 | ICU_WATER_RESERVE | 30 | NORMAL
2026-09-22 04:11:35 | FACILITY_WATER_MAIN | 40 | HIGH_USAGE
2026-09-22 04:11:35 | ICU_WATER_RESERVE | 43 | HIGH_USAGE
2026-09-22 04:11:36 | FACILITY_WATER_MAIN | 25 | NORMAL
2026-09-22 04:11:36 | ICU_WATER_RESERVE | 6 | NORMAL
2026-09-22 04:11:37 | FACILITY_WATER_MAIN | 20 | NORMAL
2026-09-22 04:11:37 | ICU_WATER_RESERVE | 34 | NORMAL
2026-09-22 04:11:38 | FACILITY_WATER_MAIN | 34 | NORMAL
2026-09-22 04:11:38 | ICU_WATER_RESERVE | 41 | HIGH_USAGE
2026-09-22 04:11:39 | FACILITY_WATER_MAIN | 24 | NORMAL
2026-09-22 04:11:39 | ICU_WATER_RESERVE | 37 | HIGH_USAGE
2026-09-22 04:11:40 | FACILITY_WATER_MAIN | 7 | NORMAL
2026-09-22 04:11:40 | ICU_WATER_RESERVE | 27 | NORMAL
2026-09-22 04:11:41 | FACILITY_WATER_MAIN | 9 | NORMAL
2026-09-22 04:11:41 | ICU_WATER_RESERVE | 20 | NORMAL
2026-09-22 04:11:42 | FACILITY_WATER_MAIN | 9 | NORMAL
2026-09-22 04:11:42 | ICU_WATER_RESERVE | 20 | NORMAL
2026-09-22 04:11:43 | FACILITY_WATER_MAIN | 34 | NORMAL
2026-09-22 04:11:43 | ICU_WATER_RESERVE | 8 | NORMAL
2026-09-22 04:11:44 | FACILITY_WATER_MAIN | 16 | NORMAL
2026-09-22 04:11:44 | ICU_WATER_RESERVE | 22 | NORMAL
2026-09-22 04:11:45 | FACILITY_WATER_MAIN | 35 | NORMAL
2026-09-22 04:11:45 | ICU_WATER_RESERVE | 17 | NORMAL
2026-09-22 04:11:46 | FACILITY_WATER_MAIN | 15 | NORMAL
2026-09-22 04:11:46 | ICU_WATER_RESERVE | 25 | NORMAL
2026-09-22 04:11:47 | FACILITY_WATER_MAIN | 39 | HIGH_USAGE
2026-09-22 04:11:47 | ICU_WATER_RESERVE | 13 | NORMAL
2026-09-22 04:11:48 | FACILITY_WATER_MAIN | 10 | NORMAL
2026-09-22 04:11:48 | ICU_WATER_RESERVE | 10 | NORMAL
2026-09-22 04:11:49 | FACILITY_WATER_MAIN | 31 | NORMAL
2026-09-22 04:11:49 | ICU_WATER_RESERVE | 38 | HIGH_USAGE
2026-09-22 04:11:50 | FACILITY_WATER_MAIN | 27 | NORMAL
2026-09-22 04:11:50 | ICU_WATER_RESERVE | 37 | HIGH_USAGE
2026-09-22 04:11:51 | FACILITY_WATER_MAIN | 26 | NORMAL
2026-09-22 04:11:51 | ICU_WATER_RESERVE | 27 | NORMAL
2026-09-22 04:11:52 | FACILITY_WATER_MAIN | 44 | HIGH_USAGE
2026-09-22 04:11:52 | ICU_WATER_RESERVE | 41 | HIGH_USAGE
2026-09-22 04:11:53 | FACILITY_WATER_MAIN | 15 | NORMAL
2026-09-22 04:11:53 | ICU_WATER_RESERVE | 38 | HIGH_USAGE
2026-09-22 04:11:54 | FACILITY_WATER_MAIN | 33 | NORMAL
2026-09-22 04:11:54 | ICU_WATER_RESERVE | 43 | HIGH_USAGE
2026-09-22 04:11:55 | FACILITY_WATER_MAIN | 37 | HIGH_USAGE
2026-09-22 04:11:55 | ICU_WATER_RESERVE | 35 | NORMAL
2026-09-22 04:11:56 | FACILITY_WATER_MAIN | 29 | NORMAL
2026-09-22 04:11:56 | ICU_WATER_RESERVE | 21 | NORMAL
2026-09-22 04:11:57 | FACILITY_WATER_MAIN | 26 | NORMAL
2026-09-22 04:11:57 | ICU_WATER_RESERVE | 15 | NORMAL
2026-09-22 04:11:58 | FACILITY_WATER_MAIN | 14 | NORMAL
2026-09-22 04:11:58 | ICU_WATER_RESERVE | 18 | NORMAL
2026-09-22 04:11:59 | FACILITY_WATER_MAIN | 18 | NORMAL
2026-09-22 04:11:59 | ICU_WATER_RESERVE | 16 | NORMAL
2026-09-22 04:12:00 | FACILITY_WATER_MAIN | 37 | HIGH_USAGE
2026-09-22 04:12:00 | ICU_WATER_RESERVE | 29 | NORMAL
2026-09-22 04:12:02 | FACILITY_WATER_MAIN | 25 | NORMAL
2026-09-22 04:12:02 | ICU_WATER_RESERVE | 31 | NORMAL
2026-09-22 04:12:03 | FACILITY_WATER_MAIN | 9 | NORMAL
2026-09-22 04:12:03 | ICU_WATER_RESERVE | 39 | HIGH_USAGE
2026-09-22 04:12:04 | FACILITY_WATER_MAIN | 31 | NORMAL
2026-09-22 04:12:04 | ICU_WATER_RESERVE | 43 | HIGH_USAGE
2026-09-22 04:12:05 | FACILITY_WATER_MAIN | 37 | HIGH_USAGE
2026-09-22 04:12:05 | ICU_WATER_RESERVE | 33 | NORMAL
2026-09-22 04:12:06 | FACILITY_WATER_MAIN | 12 | NORMAL
2026-09-22 04:12:06 | ICU_WATER_RESERVE | 42 | HIGH_USAGE
2026-09-22 04:12:07 | FACILITY_WATER_MAIN | 35 | NORMAL
2026-09-22 04:12:07 | ICU_WATER_RESERVE | 13 | NORMAL
2026-09-22 04:12:08 | FACILITY_WATER_MAIN | 45 | HIGH_USAGE
2026-09-22 04:12:08 | ICU_WATER_RESERVE | 30 | NORMAL
2026-09-22 04:12:09 | FACILITY_WATER_MAIN | 33 | NORMAL
2026-09-22 04:12:09 | ICU_WATER_RESERVE | 35 | NORMAL
2026-09-22 04:12:10 | FACILITY_WATER_MAIN | 25 | NORMAL
2026-09-22 04:12:10 | ICU_WATER_RESERVE | 10 | NORMAL
2026-09-22 04:12:11 | FACILITY_WATER_MAIN | 10 | NORMAL
2026-09-22 04:12:11 | ICU_WATER_RESERVE | 18 | NORMAL
2026-09-22 04:12:12 | FACILITY_WATER_MAIN | 29 | NORMAL
2026-09-22 04:12:12 | ICU_WATER_RESERVE | 30 | NORMAL
2026-09-22 04:12:13 | FACILITY_WATER_MAIN | 8 | NORMAL
2026-09-22 04:12:13 | ICU_WATER_RESERVE | 8 | NORMAL
2026-09-22 04:12:14 | FACILITY_WATER_MAIN | 42 | HIGH_USAGE
2026-09-22 04:12:14 | ICU_WATER_RESERVE | 29 | NORMAL
2026-09-22 04:12:15 | FACILITY_WATER_MAIN | 14 | NORMAL
2026-09-22 04:12:15 | ICU_WATER_RESERVE | 25 | NORMAL
2026-09-22 04:12:16 | FACILITY_WATER_MAIN | 23 | NORMAL
2026-09-22 04:12:16 | ICU_WATER_RESERVE | 35 | NORMAL
2026-09-22 04:12:17 | FACILITY_WATER_MAIN | 33 | NORMAL
2026-09-22 04:12:17 | ICU_WATER_RESERVE | 10 | NORMAL
2026-09-22 04:12:18 | FACILITY_WATER_MAIN | 7 | NORMAL
2026-09-22 04:12:18 | ICU_WATER_RESERVE | 41 | HIGH_USAGE
2026-09-22 04:12:19 | FACILITY_WATER_MAIN | 9 | NORMAL
2026-09-22 04:12:19 | ICU_WATER_RESERVE | 41 | HIGH_USAGE
2026-09-22 04:12:20 | FACILITY_WATER_MAIN | 34 | NORMAL
2026-09-22 04:12:20 | ICU_WATER_RESERVE | 17 | NORMAL
2026-09-22 04:12:21 | FACILITY_WATER_MAIN | 30 | NORMAL
2026-09-22 04:12:21 | ICU_WATER_RESERVE | 39 | HIGH_USAGE
2026-09-22 04:12:22 | FACILITY_WATER_MAIN | 9 | NORMAL
2026-09-22 04:12:22 | ICU_WATER_RESERVE | 22 | NORMAL
2026-09-22 04:12:23 | FACILITY_WATER_MAIN | 23 | NORMAL
2026-09-22 04:12:23 | ICU_WATER_RESERVE | 34 | NORMAL
2026-09-22 04:12:24 | FACILITY_WATER_MAIN | 43 | HIGH_USAGE
2026-09-22 04:12:24 | ICU_WATER_RESERVE | 11 | NORMAL
2026-09-22 04:12:25 | FACILITY_WATER_MAIN | 33 | NORMAL
2026-09-22 04:12:25 | ICU_WATER_RESERVE | 43 | HIGH_USAGE
2026-09-22 04:12:26 | FACILITY_WATER_MAIN | 30 | NORMAL
2026-09-22 04:12:26 | ICU_WATER_RESERVE | 17 | NORMAL
2026-09-22 04:12:27 | FACILITY_WATER_MAIN | 6 | NORMAL
2026-09-22 04:12:27 | ICU_WATER_RESERVE | 35 | NORMAL
2026-09-22 04:12:28 | FACILITY_WATER_MAIN | 38 | HIGH_USAGE
2026-09-22 04:12:28 | ICU_WATER_RESERVE | 20 | NORMAL
2026-09-22 04:12:29 | FACILITY_WATER_MAIN | 16 | NORMAL
2026-09-22 04:12:29 | ICU_WATER_RESERVE | 45 | HIGH_USAGE
2026-09-22 04:12:30 | FACILITY_WATER_MAIN | 5 | NORMAL
2026-09-22 04:12:30 | ICU_WATER_RESERVE | 44 | HIGH_USAGE
2026-09-22 04:12:31 | FACILITY_WATER_MAIN | 31 | NORMAL
2026-09-22 04:12:31 | ICU_WATER_RESERVE | 13 | NORMAL
2026-09-22 04:12:32 | FACILITY_WATER_MAIN | 15 | NORMAL
2026-09-22 04:12:32 | ICU_WATER_RESERVE | 36 | HIGH_USAGE
2026-09-22 04:12:33 | FACILITY_WATER_MAIN | 43 | HIGH_USAGE
2026-09-22 04:12:33 | ICU_WATER_RESERVE | 14 | NORMAL
2026-09-22 04:12:34 | FACILITY_WATER_MAIN | 39 | HIGH_USAGE
2026-09-22 04:12:34 | ICU_WATER_RESERVE | 25 | NORMAL
2026-09-22 04:12:35 | FACILITY_WATER_MAIN | 14 | NORMAL
2026-09-22 04:12:35 | ICU_WATER_RESERVE | 20 | NORMAL
2026-09-22 04:12:36 | FACILITY_WATER_MAIN | 8 | NORMAL
2026-09-22 04:12:36 | ICU_WATER_RESERVE | 26 | NORMAL
2026-09-22 04:12:37 | FACILITY_WATER_MAIN | 25 | NORMAL
2026-09-22 04:12:37 | ICU_WATER_RESERVE | 39 | HIGH_USAGE
2026-09-22 04:12:38 | FACILITY_WATER_MAIN | 18 | NORMAL
2026-09-22 04:12:38 | ICU_WATER_RESERVE | 31 | NORMAL
2026-09-22 04:12:39 | FACILITY_WATER_MAIN | 43 | HIGH_USAGE
2026-09-22 04:12:39 | ICU_WATER_RESERVE | 21 | NORMAL
2026-09-22 04:12:40 | FACILITY_WATER_MAIN | 21 | NORMAL
2026-09-22 04:12:40 | ICU_WATER_RESERVE | 14 | NORMAL
2026-09-22 04:12:41 | FACILITY_WATER_MAIN | 38 | HIGH_USAGE
2026-09-22 04:12:41 | ICU_WATER_RESERVE | 10 | NORMAL
2026-09-22 04:12:42 | FACILITY_WATER_MAIN | 7 | NORMAL
2026-09-22 04:12:42 | ICU_WATER_RESERVE | 30 | NORMAL
2026-09-22 04:12:43 | FACILITY_WATER_MAIN | 29 | NORMAL
2026-09-22 04:12:43 | ICU_WATER_RESERVE | 24 | NORMAL
2026-09-22 04:12:44 | FACILITY_WATER_MAIN | 39 | HIGH_USAGE
2026-09-22 04:12:44 | ICU_WATER_RESERVE | 36 | HIGH_USAGE
2026-09-22 04:12:45 | FACILITY_WATER_MAIN | 42 | HIGH_USAGE
2026-09-22 04:12:45 | ICU_WATER_RESERVE | 27 | NORMAL
2026-09-22 04:12:46 | FACILITY_WATER_MAIN | 21 | NORMAL
2026-09-22 04:12:46 | ICU_WATER_RESERVE | 23 | NORMAL
2026-09-22 04:12:47 | FACILITY_WATER_MAIN | 38 | HIGH_USAGE
2026-09-22 04:12:47 | ICU_WATER_RESERVE | 11 | NORMAL
2026-09-22 04:12:48 | FACILITY_WATER_MAIN | 20 | NORMAL
2026-09-22 04:12:48 | ICU_WATER_RESERVE | 30 | NORMAL
2026-09-22 04:12:49 | FACILITY_WATER_MAIN | 11 | NORMAL
2026-09-22 04:12:49 | ICU_WATER_RESERVE | 37 | HIGH_USAGE
2026-09-22 04:12:50 | FACILITY_WATER_MAIN | 15 | NORMAL
2026-09-22 04:12:50 | ICU_WATER_RESERVE | 31 | NORMAL
2026-09-22 04:12:51 | FACILITY_WATER_MAIN | 42 | HIGH_USAGE
2026-09-22 04:12:51 | ICU_WATER_RESERVE | 19 | NORMAL
2026-09-22 04:12:52 | FACILITY_WATER_MAIN | 6 | NORMAL
2026-09-22 04:12:52 | ICU_WATER_RESERVE | 45 | HIGH_USAGE
2026-09-22 04:12:53 | FACILITY_WATER_MAIN | 5 | NORMAL
2026-09-22 04:12:53 | ICU_WATER_RESERVE | 6 | NORMAL
2026-09-22 04:12:54 | FACILITY_WATER_MAIN | 26 | NORMAL
2026-09-22 04:12:54 | ICU_WATER_RESERVE | 42 | HIGH_USAGE
2026-09-22 04:12:55 | FACILITY_WATER_MAIN | 30 | NORMAL
2026-09-22 04:12:55 | ICU_WATER_RESERVE | 20 | NORMAL
2026-09-22 04:12:56 | FACILITY_WATER_MAIN | 32 | NORMAL
2026-09-22 04:12:56 | ICU_WATER_RESERVE | 41 | HIGH_USAGE
2026-09-22 04:12:57 | FACILITY_WATER_MAIN | 7 | NORMAL
2026-09-22 04:12:57 | ICU_WATER_RESERVE | 29 | NORMAL
2026-09-22 04:12:58 | FACILITY_WATER_MAIN | 27 | NORMAL
2026-09-22 04:12:58 | ICU_WATER_RESERVE | 35 | NORMAL
2026-09-22 04:12:59 | FACILITY_WATER_MAIN | 6 | NORMAL
2026-09-22 04:12:59 | ICU_WATER_RESERVE | 21 | NORMAL
2026-09-22 04:13:00 | FACILITY_WATER_MAIN | 37 | HIGH_USAGE
2026-09-22 04:13:00 | ICU_WATER_RESERVE | 23 | NORMAL
2026-09-22 04:13:01 | FACILITY_WATER_MAIN | 29 | NORMAL
2026-09-22 04:13:01 | ICU_WATER_RESERVE | 15 | NORMAL
2026-09-22 04:13:02 | FACILITY_WATER_MAIN | 9 | NORMAL
2026-09-22 04:13:02 | ICU_WATER_RESERVE | 44 | HIGH_USAGE
2026-09-22 04:13:03 | FACILITY_WATER_MAIN | 26 | NORMAL
2026-09-22 04:13:03 | ICU_WATER_RESERVE | 17 | NORMAL
2026-09-22 04:13:04 | FACILITY_WATER_MAIN | 45 | HIGH_USAGE
2026-09-22 04:13:04 | ICU_WATER_RESERVE | 10 | NORMAL
2026-09-22 04:13:05 | FACILITY_WATER_MAIN | 5 | NORMAL
2026-09-22 04:13:05 | ICU_WATER_RESERVE | 9 | NORMAL
2026-09-22 04:13:06 | FACILITY_WATER_MAIN | 20 | NORMAL
2026-09-22 04:13:06 | ICU_WATER_RESERVE | 30 | NORMAL
2026-09-22 04:13:07 | FACILITY_WATER_MAIN | 8 | NORMAL
2026-09-22 04:13:07 | ICU_WATER_RESERVE | 36 | HIGH_USAGE
2026-09-22 04:13:08 | FACILITY_WATER_MAIN | 25 | NORMAL
2026-09-22 04:13:08 | ICU_WATER_RESERVE | 14 | NORMAL
2026-09-22 04:13:09 | FACILITY_WATER_MAIN | 40 | HIGH_USAGE
2026-09-22 04:13:09 | ICU_WATER_RESERVE | 23 | NORMAL
2026-09-22 04:13:10 | FACILITY_WATER_MAIN | 30 | NORMAL
2026-09-22 04:13:10 | ICU_WATER_RESERVE | 29 | NORMAL
2026-09-22 04:13:11 | FACILITY_WATER_MAIN | 30 | NORMAL
2026-09-22 04:13:11 | ICU_WATER_RESERVE | 35 | NORMAL
2026-09-22 04:13:12 | FACILITY_WATER_MAIN | 15 | NORMAL
2026-09-22 04:13:12 | ICU_WATER_RESERVE | 44 | HIGH_USAGE
2026-09-22 04:13:13 | FACILITY_WATER_MAIN | 11 | NORMAL
2026-09-22 04:13:13 | ICU_WATER_RESERVE | 16 | NORMAL
2026-09-22 04:13:14 | FACILITY_WATER_MAIN | 18 | NORMAL
2026-09-22 04:13:14 | ICU_WATER_RESERVE | 34 | NORMAL
2026-09-22 04:13:15 | FACILITY_WATER_MAIN | 22 | NORMAL
2026-09-22 04:13:15 | ICU_WATER_RESERVE | 45 | HIGH_USAGE
2026-09-22 04:13:16 | FACILITY_WATER_MAIN | 22 | NORMAL
2026-09-22 04:13:16 | ICU_WATER_RESERVE | 40 | HIGH_USAGE
2026-09-22 04:13:17 | FACILITY_WATER_MAIN | 12 | NORMAL
2026-09-22 04:13:17 | ICU_WATER_RESERVE | 13 | NORMAL
2026-09-22 04:13:18 | FACILITY_WATER_MAIN | 24 | NORMAL
2026-09-22 04:13:18 | ICU_WATER_RESERVE | 41 | HIGH_USAGE
2026-09-22 04:13:19 | FACILITY_WATER_MAIN | 40 | HIGH_USAGE
2026-09-22 04:13:19 | ICU_WATER_RESERVE | 44 | HIGH_USAGE
2026-09-22 04:13:20 | FACILITY_WATER_MAIN | 11 | NORMAL
2026-09-22 04:13:20 | ICU_WATER_RESERVE | 9 | NORMAL
2026-09-22 04:13:21 | FACILITY_WATER_MAIN | 42 | HIGH_USAGE
2026-09-22 04:13:21 | ICU_WATER_RESERVE | 45 | HIGH_USAGE
2026-09-22 04:13:22 | FACILITY_WATER_MAIN | 14 | NORMAL
2026-09-22 04:13:22 | ICU_WATER_RESERVE | 14 | NORMAL
2026-09-22 04:13:23 | FACILITY_WATER_MAIN | 20 | NORMAL
2026-09-22 04:13:23 | ICU_WATER_RESERVE | 31 | NORMAL
2026-09-22 04:13:24 | FACILITY_WATER_MAIN | 15 | NORMAL
2026-09-22 04:13:24 | ICU_WATER_RESERVE | 10 | NORMAL
2026-09-22 04:13:25 | FACILITY_WATER_MAIN | 12 | NORMAL
2026-09-22 04:13:25 | ICU_WATER_RESERVE | 34 | NORMAL
2026-09-22 04:13:26 | FACILITY_WATER_MAIN | 17 | NORMAL
2026-09-22 04:13:26 | ICU_WATER_RESERVE | 32 | NORMAL
2026-09-22 04:13:27 | FACILITY_WATER_MAIN | 12 | NORMAL
2026-09-22 04:13:27 | ICU_WATER_RESERVE | 15 | NORMAL
2026-09-22 04:13:28 | FACILITY_WATER_MAIN | 17 | NORMAL
2026-09-22 04:13:28 | ICU_WATER_RESERVE | 39 | HIGH_USAGE
2026-09-22 04:13:29 | FACILITY_WATER_MAIN | 19 | NORMAL
2026-09-22 04:13:29 | ICU_WATER_RESERVE | 44 | HIGH_USAGE
2026-09-22 04:13:30 | FACILITY_WATER_MAIN | 31 | NORMAL
2026-09-22 04:13:30 | ICU_WATER_RESERVE | 42 | HIGH_USAGE
2026-09-22 04:13:31 | FACILITY_WATER_MAIN | 16 | NORMAL
2026-09-22 04:13:31 | ICU_WATER_RESERVE | 9 | NORMAL
2026-09-22 04:13:32 | FACILITY_WATER_MAIN | 12 | NORMAL
2026-09-22 04:13:32 | ICU_WATER_RESERVE | 10 | NORMAL
2026-09-22 04:13:33 | FACILITY_WATER_MAIN | 17 | NORMAL
2026-09-22 04:13:33 | ICU_WATER_RESERVE | 17 | NORMAL
2026-09-22 04:13:34 | FACILITY_WATER_MAIN | 43 | HIGH_USAGE
2026-09-22 04:13:34 | ICU_WATER_RESERVE | 20 | NORMAL
2026-09-22 04:13:35 | FACILITY_WATER_MAIN | 14 | NORMAL
2026-09-22 04:13:35 | ICU_WATER_RESERVE | 41 | HIGH_USAGE
2026-09-22 04:13:36 | FACILITY_WATER_MAIN | 11 | NORMAL
2026-09-22 04:13:36 | ICU_WATER_RESERVE | 32 | NORMAL
2026-09-22 04:13:37 | FACILITY_WATER_MAIN | 36 | HIGH_USAGE
2026-09-22 04:13:37 | ICU_WATER_RESERVE | 8 | NORMAL
2026-09-22 04:13:38 | FACILITY_WATER_MAIN | 36 | HIGH_USAGE
2026-09-22 04:13:38 | ICU_WATER_RESERVE | 7 | NORMAL
2026-09-22 04:13:39 | FACILITY_WATER_MAIN | 15 | NORMAL
2026-09-22 04:13:39 | ICU_WATER_RESERVE | 30 | NORMAL
2026-09-22 04:13:40 | FACILITY_WATER_MAIN | 14 | NORMAL
2026-09-22 04:13:40 | ICU_WATER_RESERVE | 32 | NORMAL
2026-09-22 04:13:41 | FACILITY_WATER_MAIN | 36 | HIGH_USAGE
2026-09-22 04:13:41 | ICU_WATER_RESERVE | 15 | NORMAL
2026-09-22 04:13:42 | FACILITY_WATER_MAIN | 12 | NORMAL
2026-09-22 04:13:42 | ICU_WATER_RESERVE | 16 | NORMAL
2026-09-22 04:13:43 | FACILITY_WATER_MAIN | 28 | NORMAL
2026-09-22 04:13:43 | ICU_WATER_RESERVE | 26 | NORMAL
2026-09-22 04:13:44 | FACILITY_WATER_MAIN | 36 | HIGH_USAGE
2026-09-22 04:13:44 | ICU_WATER_RESERVE | 11 | NORMAL
2026-09-22 04:13:45 | FACILITY_WATER_MAIN | 26 | NORMAL
2026-09-22 04:13:45 | ICU_WATER_RESERVE | 7 | NORMAL
2026-09-22 04:13:46 | FACILITY_WATER_MAIN | 13 | NORMAL
2026-09-22 04:13:46 | ICU_WATER_RESERVE | 22 | NORMAL
2026-09-22 04:13:47 | FACILITY_WATER_MAIN | 39 | HIGH_USAGE
2026-09-22 04:13:47 | ICU_WATER_RESERVE | 33 | NORMAL
2026-09-22 04:13:48 | FACILITY_WATER_MAIN | 34 | NORMAL
2026-09-22 04:13:48 | ICU_WATER_RESERVE | 38 | HIGH_USAGE
2026-09-22 04:13:49 | FACILITY_WATER_MAIN | 37 | HIGH_USAGE
2026-09-22 04:13:49 | ICU_WATER_RESERVE | 44 | HIGH_USAGE
2026-09-22 04:13:50 | FACILITY_WATER_MAIN | 7 | NORMAL
2026-09-22 04:13:50 | ICU_WATER_RESERVE | 40 | HIGH_USAGE
2026-09-22 04:13:51 | FACILITY_WATER_MAIN | 17 | NORMAL
2026-09-22 04:13:51 | ICU_WATER_RESERVE | 36 | HIGH_USAGE
2026-09-22 04:13:52 | FACILITY_WATER_MAIN | 9 | NORMAL
2026-09-22 04:13:52 | ICU_WATER_RESERVE | 41 | HIGH_USAGE
2026-09-22 04:13:53 | FACILITY_WATER_MAIN | 12 | NORMAL
2026-09-22 04:13:53 | ICU_WATER_RESERVE | 34 | NORMAL
2026-09-22 04:13:54 | FACILITY_WATER_MAIN | 39 | HIGH_USAGE
2026-09-22 04:13:54 | ICU_WATER_RESERVE | 38 | HIGH_USAGE
2026-09-22 04:13:55 | FACILITY_WATER_MAIN | 41 | HIGH_USAGE
2026-09-22 04:13:55 | ICU_WATER_RESERVE | 31 | NORMAL
2026-09-22 04:13:56 | FACILITY_WATER_MAIN | 41 | HIGH_USAGE
2026-09-22 04:13:56 | ICU_WATER_RESERVE | 22 | NORMAL
2026-09-22 04:13:57 | FACILITY_WATER_MAIN | 43 | HIGH_USAGE
2026-09-22 04:13:57 | ICU_WATER_RESERVE | 8 | NORMAL
2026-09-22 04:13:58 | FACILITY_WATER_MAIN | 45 | HIGH_USAGE
2026-09-22 04:13:58 | ICU_WATER_RESERVE | 23 | NORMAL
2026-09-22 04:13:59 | FACILITY_WATER_MAIN | 31 | NORMAL
2026-09-22 04:13:59 | ICU_WATER_RESERVE | 8 | NORMAL
2026-09-22 04:14:00 | FACILITY_WATER_MAIN | 32 | NORMAL
2026-09-22 04:14:00 | ICU_WATER_RESERVE | 30 | NORMAL
2026-09-22 04:14:01 | FACILITY_WATER_MAIN | 24 | NORMAL
2026-09-22 04:14:01 | ICU_WATER_RESERVE | 6 | NORMAL
2026-09-22 04:14:02 | FACILITY_WATER_MAIN | 8 | NORMAL
2026-09-22 04:14:02 | ICU_WATER_RESERVE | 20 | NORMAL
2026-09-22 04:14:03 | FACILITY_WATER_MAIN | 16 | NORMAL
2026-09-22 04:14:03 | ICU_WATER_RESERVE | 20 | NORMAL
2026-09-22 04:14:04 | FACILITY_WATER_MAIN | 25 | NORMAL
2026-09-22 04:14:04 | ICU_WATER_RESERVE | 16 | NORMAL
2026-09-22 04:14:05 | FACILITY_WATER_MAIN | 33 | NORMAL
2026-09-22 04:14:05 | ICU_WATER_RESERVE | 24 | NORMAL
2026-09-22 04:14:06 | FACILITY_WATER_MAIN | 43 | HIGH_USAGE
2026-09-22 04:14:06 | ICU_WATER_RESERVE | 30 | NORMAL
2026-09-22 04:14:07 | FACILITY_WATER_MAIN | 36 | HIGH_USAGE
2026-09-22 04:14:07 | ICU_WATER_RESERVE | 36 | HIGH_USAGE
2026-09-22 04:14:08 | FACILITY_WATER_MAIN | 9 | NORMAL
2026-09-22 04:14:08 | ICU_WATER_RESERVE | 25 | NORMAL
2026-09-22 04:14:09 | FACILITY_WATER_MAIN | 38 | HIGH_USAGE
2026-09-22 04:14:09 | ICU_WATER_RESERVE | 35 | NORMAL
2026-09-22 04:14:10 | FACILITY_WATER_MAIN | 6 | NORMAL
2026-09-22 04:14:10 | ICU_WATER_RESERVE | 22 | NORMAL
2026-09-22 04:14:11 | FACILITY_WATER_MAIN | 6 | NORMAL
2026-09-22 04:14:11 | ICU_WATER_RESERVE | 30 | NORMAL
2026-09-22 04:14:12 | FACILITY_WATER_MAIN | 45 | HIGH_USAGE
2026-09-22 04:14:12 | ICU_WATER_RESERVE | 6 | NORMAL
2026-09-22 04:14:13 | FACILITY_WATER_MAIN | 30 | NORMAL
2026-09-22 04:14:13 | ICU_WATER_RESERVE | 15 | NORMAL
2026-09-22 04:14:14 | FACILITY_WATER_MAIN | 19 | NORMAL
2026-09-22 04:14:14 | ICU_WATER_RESERVE | 10 | NORMAL
2026-09-22 04:14:15 | FACILITY_WATER_MAIN | 26 | NORMAL
2026-09-22 04:14:15 | ICU_WATER_RESERVE | 13 | NORMAL
2026-09-22 04:14:16 | FACILITY_WATER_MAIN | 21 | NORMAL
2026-09-22 04:14:16 | ICU_WATER_RESERVE | 9 | NORMAL
2026-09-22 04:14:17 | FACILITY_WATER_MAIN | 35 | NORMAL
2026-09-22 04:14:17 | ICU_WATER_RESERVE | 15 | NORMAL
2026-09-22 04:14:18 | FACILITY_WATER_MAIN | 24 | NORMAL
2026-09-22 04:14:18 | ICU_WATER_RESERVE | 6 | NORMAL
2026-09-22 04:14:19 | FACILITY_WATER_MAIN | 14 | NORMAL
2026-09-22 04:14:19 | ICU_WATER_RESERVE | 6 | NORMAL
2026-09-22 04:14:20 | FACILITY_WATER_MAIN | 24 | NORMAL
2026-09-22 04:14:20 | ICU_WATER_RESERVE | 23 | NORMAL
2026-09-22 04:14:21 | FACILITY_WATER_MAIN | 15 | NORMAL
2026-09-22 04:14:21 | ICU_WATER_RESERVE | 19 | NORMAL
2026-09-22 04:14:22 | FACILITY_WATER_MAIN | 24 | NORMAL
2026-09-22 04:14:22 | ICU_WATER_RESERVE | 21 | NORMAL
2026-09-22 04:14:23 | FACILITY_WATER_MAIN | 35 | NORMAL
2026-09-22 04:14:23 | ICU_WATER_RESERVE | 12 | NORMAL
2026-09-22 04:14:24 | FACILITY_WATER_MAIN | 5 | NORMAL
2026-09-22 04:14:24 | ICU_WATER_RESERVE | 17 | NORMAL
2026-09-22 04:14:25 | FACILITY_WATER_MAIN | 21 | NORMAL
2026-09-22 04:14:25 | ICU_WATER_RESERVE | 30 | NORMAL
2026-09-22 04:14:26 | FACILITY_WATER_MAIN | 11 | NORMAL
2026-09-22 04:14:26 | ICU_WATER_RESERVE | 15 | NORMAL
2026-09-22 04:14:27 | FACILITY_WATER_MAIN | 33 | NORMAL
2026-09-22 04:14:27 | ICU_WATER_RESERVE | 29 | NORMAL
2026-09-22 04:14:28 | FACILITY_WATER_MAIN | 36 | HIGH_USAGE
2026-09-22 04:14:28 | ICU_WATER_RESERVE | 15 | NORMAL
2026-09-22 04:14:29 | FACILITY_WATER_MAIN | 32 | NORMAL
2026-09-22 04:14:29 | ICU_WATER_RESERVE | 35 | NORMAL
2026-09-22 04:14:30 | FACILITY_WATER_MAIN | 21 | NORMAL
2026-09-22 04:14:30 | ICU_WATER_RESERVE | 17 | NORMAL
2026-09-22 04:14:31 | FACILITY_WATER_MAIN | 14 | NORMAL
2026-09-22 04:14:31 | ICU_WATER_RESERVE | 17 | NORMAL
2026-09-22 04:14:32 | FACILITY_WATER_MAIN | 35 | NORMAL
2026-09-22 04:14:32 | ICU_WATER_RESERVE | 17 | NORMAL
2026-09-22 04:14:33 | FACILITY_WATER_MAIN | 13 | NORMAL
2026-09-22 04:14:33 | ICU_WATER_RESERVE | 32 | NORMAL
2026-09-22 04:14:34 | FACILITY_WATER_MAIN | 24 | NORMAL
2026-09-22 04:14:34 | ICU_WATER_RESERVE | 32 | NORMAL
2026-09-22 04:14:35 | FACILITY_WATER_MAIN | 5 | NORMAL
2026-09-22 04:14:35 | ICU_WATER_RESERVE | 9 | NORMAL
2026-09-22 04:14:36 | FACILITY_WATER_MAIN | 33 | NORMAL
2026-09-22 04:14:36 | ICU_WATER_RESERVE | 5 | NORMAL
2026-09-22 04:14:37 | FACILITY_WATER_MAIN | 11 | NORMAL
2026-09-22 04:14:37 | ICU_WATER_RESERVE | 7 | NORMAL
2026-09-22 04:14:38 | FACILITY_WATER_MAIN | 42 | HIGH_USAGE
2026-09-22 04:14:38 | ICU_WATER_RESERVE | 36 | HIGH_USAGE
2026-09-22 04:14:39 | FACILITY_WATER_MAIN | 26 | NORMAL
2026-09-22 04:14:39 | ICU_WATER_RESERVE | 39 | HIGH_USAGE
2026-09-22 04:14:40 | FACILITY_WATER_MAIN | 36 | HIGH_USAGE
2026-09-22 04:14:40 | ICU_WATER_RESERVE | 16 | NORMAL
2026-09-22 04:14:41 | FACILITY_WATER_MAIN | 25 | NORMAL
2026-09-22 04:14:41 | ICU_WATER_RESERVE | 5 | NORMAL
2026-09-22 04:14:42 | FACILITY_WATER_MAIN | 33 | NORMAL
2026-09-22 04:14:42 | ICU_WATER_RESERVE | 20 | NORMAL
2026-09-22 04:14:43 | FACILITY_WATER_MAIN | 42 | HIGH_USAGE
2026-09-22 04:14:43 | ICU_WATER_RESERVE | 28 | NORMAL
2026-09-22 04:14:44 | FACILITY_WATER_MAIN | 15 | NORMAL
2026-09-22 04:14:44 | ICU_WATER_RESERVE | 39 | HIGH_USAGE
2026-09-22 04:14:45 | FACILITY_WATER_MAIN | 7 | NORMAL
2026-09-22 04:14:45 | ICU_WATER_RESERVE | 5 | NORMAL
2026-09-22 04:14:46 | FACILITY_WATER_MAIN | 44 | HIGH_USAGE
2026-09-22 04:14:46 | ICU_WATER_RESERVE | 13 | NORMAL
2026-09-22 04:14:47 | FACILITY_WATER_MAIN | 29 | NORMAL
2026-09-22 04:14:47 | ICU_WATER_RESERVE | 14 | NORMAL
2026-09-22 04:14:48 | FACILITY_WATER_MAIN | 43 | HIGH_USAGE
2026-09-22 04:14:48 | ICU_WATER_RESERVE | 6 | NORMAL
2026-09-22 04:14:49 | FACILITY_WATER_MAIN | 32 | NORMAL
2026-09-22 04:14:49 | ICU_WATER_RESERVE | 35 | NORMAL
2026-09-22 04:14:50 | FACILITY_WATER_MAIN | 36 | HIGH_USAGE
2026-09-22 04:14:50 | ICU_WATER_RESERVE | 27 | NORMAL
2026-09-22 04:14:51 | FACILITY_WATER_MAIN | 13 | NORMAL
2026-09-22 04:14:51 | ICU_WATER_RESERVE | 36 | HIGH_USAGE
2026-09-22 04:14:52 | FACILITY_WATER_MAIN | 36 | HIGH_USAGE
2026-09-22 04:14:52 | ICU_WATER_RESERVE | 5 | NORMAL
2026-09-22 04:14:53 | FACILITY_WATER_MAIN | 19 | NORMAL
2026-09-22 04:14:53 | ICU_WATER_RESERVE | 26 | NORMAL
2026-09-22 04:14:54 | FACILITY_WATER_MAIN | 40 | HIGH_USAGE
2026-09-22 04:14:54 | ICU_WATER_RESERVE | 16 | NORMAL
2026-09-22 04:14:55 | FACILITY_WATER_MAIN | 24 | NORMAL
2026-09-22 04:14:55 | ICU_WATER_RESERVE | 34 | NORMAL
2026-09-22 04:14:56 | FACILITY_WATER_MAIN | 28 | NORMAL
2026-09-22 04:14:56 | ICU_WATER_RESERVE | 32 | NORMAL
2026-09-22 04:14:57 | FACILITY_WATER_MAIN | 35 | NORMAL
2026-09-22 04:14:57 | ICU_WATER_RESERVE | 30 | NORMAL
2026-09-22 04:14:58 | FACILITY_WATER_MAIN | 39 | HIGH_USAGE
2026-09-22 04:14:58 | ICU_WATER_RESERVE | 42 | HIGH_USAGE
2026-09-22 04:14:59 | FACILITY_WATER_MAIN | 5 | NORMAL
2026-09-22 04:14:59 | ICU_WATER_RESERVE | 45 | HIGH_USAGE
2026-09-22 04:15:00 | FACILITY_WATER_MAIN | 28 | NORMAL
2026-09-22 04:15:00 | ICU_WATER_RESERVE | 44 | HIGH_USAGE
2026-09-22 04:15:01 | FACILITY_WATER_MAIN | 13 | NORMAL
2026-09-22 04:15:01 | ICU_WATER_RESERVE | 13 | NORMAL
2026-09-22 04:15:02 | FACILITY_WATER_MAIN | 41 | HIGH_USAGE
2026-09-22 04:15:02 | ICU_WATER_RESERVE | 41 | HIGH_USAGE
2026-09-22 04:15:03 | FACILITY_WATER_MAIN | 19 | NORMAL
2026-09-22 04:15:03 | ICU_WATER_RESERVE | 28 | NORMAL
2026-09-22 04:15:04 | FACILITY_WATER_MAIN | 36 | HIGH_USAGE
2026-09-22 04:15:04 | ICU_WATER_RESERVE | 33 | NORMAL
2026-09-22 04:15:05 | FACILITY_WATER_MAIN | 22 | NORMAL
2026-09-22 04:15:05 | ICU_WATER_RESERVE | 42 | HIGH_USAGE
2026-09-22 04:15:06 | FACILITY_WATER_MAIN | 8 | NORMAL
2026-09-22 04:15:06 | ICU_WATER_RESERVE | 43 | HIGH_USAGE
2026-09-22 04:15:07 | FACILITY_WATER_MAIN | 33 | NORMAL
2026-09-22 04:15:07 | ICU_WATER_RESERVE | 35 | NORMAL
2026-09-22 04:15:08 | FACILITY_WATER_MAIN | 27 | NORMAL
2026-09-22 04:15:08 | ICU_WATER_RESERVE | 38 | HIGH_USAGE
2026-09-22 04:15:09 | FACILITY_WATER_MAIN | 17 | NORMAL
2026-09-22 04:15:09 | ICU_WATER_RESERVE | 34 | NORMAL
2026-09-22 04:15:10 | FACILITY_WATER_MAIN | 28 | NORMAL
2026-09-22 04:15:10 | ICU_WATER_RESERVE | 12 | NORMAL
2026-09-22 04:15:11 | FACILITY_WATER_MAIN | 9 | NORMAL
2026-09-22 04:15:11 | ICU_WATER_RESERVE | 14 | NORMAL
2026-09-22 04:15:12 | FACILITY_WATER_MAIN | 5 | NORMAL
2026-09-22 04:15:12 | ICU_WATER_RESERVE | 28 | NORMAL
2026-09-22 04:15:13 | FACILITY_WATER_MAIN | 32 | NORMAL
2026-09-22 04:15:13 | ICU_WATER_RESERVE | 35 | NORMAL
2026-09-22 04:15:14 | FACILITY_WATER_MAIN | 18 | NORMAL
2026-09-22 04:15:14 | ICU_WATER_RESERVE | 5 | NORMAL
2026-09-22 04:15:15 | FACILITY_WATER_MAIN | 6 | NORMAL
2026-09-22 04:15:15 | ICU_WATER_RESERVE | 26 | NORMAL
2026-09-22 04:15:16 | FACILITY_WATER_MAIN | 13 | NORMAL
2026-09-22 04:15:16 | ICU_WATER_RESERVE | 11 | NORMAL
2026-09-22 04:15:17 | FACILITY_WATER_MAIN | 34 | NORMAL
2026-09-22 04:15:17 | ICU_WATER_RESERVE | 39 | HIGH_USAGE
2026-09-22 04:15:18 | FACILITY_WATER_MAIN | 20 | NORMAL
2026-09-22 04:15:18 | ICU_WATER_RESERVE | 12 | NORMAL
2026-09-22 04:15:19 | FACILITY_WATER_MAIN | 12 | NORMAL
2026-09-22 04:15:19 | ICU_WATER_RESERVE | 7 | NORMAL
2026-09-22 04:15:20 | FACILITY_WATER_MAIN | 38 | HIGH_USAGE
2026-09-22 04:15:20 | ICU_WATER_RESERVE | 14 | NORMAL
2026-09-22 04:15:21 | FACILITY_WATER_MAIN | 40 | HIGH_USAGE
2026-09-22 04:15:21 | ICU_WATER_RESERVE | 33 | NORMAL
2026-09-22 04:15:22 | FACILITY_WATER_MAIN | 22 | NORMAL
2026-09-22 04:15:22 | ICU_WATER_RESERVE | 40 | HIGH_USAGE
2026-09-22 04:15:23 | FACILITY_WATER_MAIN | 17 | NORMAL
2026-09-22 04:15:23 | ICU_WATER_RESERVE | 41 | HIGH_USAGE
2026-09-22 04:15:24 | FACILITY_WATER_MAIN | 36 | HIGH_USAGE
2026-09-22 04:15:24 | ICU_WATER_RESERVE | 41 | HIGH_USAGE
2026-09-22 04:15:25 | FACILITY_WATER_MAIN | 32 | NORMAL
2026-09-22 04:15:25 | ICU_WATER_RESERVE | 12 | NORMAL
2026-09-22 04:15:26 | FACILITY_WATER_MAIN | 42 | HIGH_USAGE
2026-09-22 04:15:26 | ICU_WATER_RESERVE | 36 | HIGH_USAGE
2026-09-22 04:15:27 | FACILITY_WATER_MAIN | 41 | HIGH_USAGE
2026-09-22 04:15:27 | ICU_WATER_RESERVE | 14 | NORMAL
2026-09-22 04:15:28 | FACILITY_WATER_MAIN | 42 | HIGH_USAGE
2026-09-22 04:15:28 | ICU_WATER_RESERVE | 27 | NORMAL
2026-09-22 04:15:29 | FACILITY_WATER_MAIN | 27 | NORMAL
2026-09-22 04:15:29 | ICU_WATER_RESERVE | 36 | HIGH_USAGE
2026-09-22 04:15:30 | FACILITY_WATER_MAIN | 6 | NORMAL
2026-09-22 04:15:30 | ICU_WATER_RESERVE | 42 | HIGH_USAGE
2026-09-22 04:15:31 | FACILITY_WATER_MAIN | 45 | HIGH_USAGE
2026-09-22 04:15:31 | ICU_WATER_RESERVE | 38 | HIGH_USAGE
2026-09-22 04:15:32 | FACILITY_WATER_MAIN | 26 | NORMAL
2026-09-22 04:15:32 | ICU_WATER_RESERVE | 20 | NORMAL
2026-09-22 04:15:33 | FACILITY_WATER_MAIN | 40 | HIGH_USAGE
2026-09-22 04:15:33 | ICU_WATER_RESERVE | 37 | HIGH_USAGE
2026-09-22 04:15:34 | FACILITY_WATER_MAIN | 5 | NORMAL
2026-09-22 04:15:34 | ICU_WATER_RESERVE | 44 | HIGH_USAGE
2026-09-22 04:15:35 | FACILITY_WATER_MAIN | 34 | NORMAL
2026-09-22 04:15:35 | ICU_WATER_RESERVE | 8 | NORMAL
2026-09-22 04:15:36 | FACILITY_WATER_MAIN | 24 | NORMAL
2026-09-22 04:15:36 | ICU_WATER_RESERVE | 29 | NORMAL
2026-09-22 04:15:37 | FACILITY_WATER_MAIN | 32 | NORMAL
2026-09-22 04:15:37 | ICU_WATER_RESERVE | 13 | NORMAL
2026-09-22 04:15:38 | FACILITY_WATER_MAIN | 44 | HIGH_USAGE
2026-09-22 04:15:38 | ICU_WATER_RESERVE | 9 | NORMAL
2026-09-22 04:15:39 | FACILITY_WATER_MAIN | 42 | HIGH_USAGE
2026-09-22 04:15:39 | ICU_WATER_RESERVE | 14 | NORMAL
2026-09-22 04:15:40 | FACILITY_WATER_MAIN | 12 | NORMAL
2026-09-22 04:15:40 | ICU_WATER_RESERVE | 31 | NORMAL
2026-09-22 04:15:41 | FACILITY_WATER_MAIN | 8 | NORMAL
2026-09-22 04:15:41 | ICU_WATER_RESERVE | 38 | HIGH_USAGE
2026-09-22 04:15:42 | FACILITY_WATER_MAIN | 25 | NORMAL
2026-09-22 04:15:42 | ICU_WATER_RESERVE | 45 | HIGH_USAGE
2026-09-22 04:15:43 | FACILITY_WATER_MAIN | 38 | HIGH_USAGE
2026-09-22 04:15:43 | ICU_WATER_RESERVE | 27 | NORMAL
2026-09-22 04:15:44 | FACILITY_WATER_MAIN | 40 | HIGH_USAGE
2026-09-22 04:15:44 | ICU_WATER_RESERVE | 45 | HIGH_USAGE
2026-09-22 04:15:45 | FACILITY_WATER_MAIN | 10 | NORMAL
2026-09-22 04:15:45 | ICU_WATER_RESERVE | 31 | NORMAL
2026-09-22 04:15:46 | FACILITY_WATER_MAIN | 40 | HIGH_USAGE
2026-09-22 04:15:46 | ICU_WATER_RESERVE | 7 | NORMAL
2026-09-22 04:15:47 | FACILITY_WATER_MAIN | 20 | NORMAL
2026-09-22 04:15:47 | ICU_WATER_RESERVE | 26 | NORMAL
2026-09-22 04:15:48 | FACILITY_WATER_MAIN | 25 | NORMAL
2026-09-22 04:15:48 | ICU_WATER_RESERVE | 31 | NORMAL
2026-09-22 04:15:49 | FACILITY_WATER_MAIN | 34 | NORMAL
2026-09-22 04:15:49 | ICU_WATER_RESERVE | 20 | NORMAL
2026-09-22 04:15:50 | FACILITY_WATER_MAIN | 19 | NORMAL
2026-09-22 04:15:50 | ICU_WATER_RESERVE | 41 | HIGH_USAGE
2026-09-22 04:15:51 | FACILITY_WATER_MAIN | 14 | NORMAL
2026-09-22 04:15:51 | ICU_WATER_RESERVE | 44 | HIGH_USAGE
2026-09-22 04:15:52 | FACILITY_WATER_MAIN | 10 | NORMAL
2026-09-22 04:15:52 | ICU_WATER_RESERVE | 40 | HIGH_USAGE
2026-09-22 04:15:53 | FACILITY_WATER_MAIN | 44 | HIGH_USAGE
2026-09-22 04:15:53 | ICU_WATER_RESERVE | 21 | NORMAL
2026-09-22 04:15:54 | FACILITY_WATER_MAIN | 44 | HIGH_USAGE
2026-09-22 04:15:54 | ICU_WATER_RESERVE | 40 | HIGH_USAGE
2026-09-22 04:15:55 | FACILITY_WATER_MAIN | 22 | NORMAL
2026-09-22 04:15:55 | ICU_WATER_RESERVE | 15 | NORMAL
2026-09-22 04:15:56 | FACILITY_WATER_MAIN | 16 | NORMAL
2026-09-22 04:15:56 | ICU_WATER_RESERVE | 38 | HIGH_USAGE
2026-09-22 04:15:57 | FACILITY_WATER_MAIN | 22 | NORMAL
2026-09-22 04:15:57 | ICU_WATER_RESERVE | 20 | NORMAL
2026-09-22 04:15:58 | FACILITY_WATER_MAIN | 40 | HIGH_USAGE
2026-09-22 04:15:58 | ICU_WATER_RESERVE | 10 | NORMAL
2026-09-22 04:15:59 | FACILITY_WATER_MAIN | 42 | HIGH_USAGE
2026-09-22 04:15:59 | ICU_WATER_RESERVE | 6 | NORMAL
2026-09-22 04:16:00 | FACILITY_WATER_MAIN | 12 | NORMAL
2026-09-22 04:16:00 | ICU_WATER_RESERVE | 44 | HIGH_USAGE
2026-09-22 04:16:01 | FACILITY_WATER_MAIN | 7 | NORMAL
2026-09-22 04:16:01 | ICU_WATER_RESERVE | 38 | HIGH_USAGE
2026-09-22 04:16:02 | FACILITY_WATER_MAIN | 44 | HIGH_USAGE
2026-09-22 04:16:02 | ICU_WATER_RESERVE | 39 | HIGH_USAGE
2026-09-22 04:16:03 | FACILITY_WATER_MAIN | 18 | NORMAL
2026-09-22 04:16:03 | ICU_WATER_RESERVE | 43 | HIGH_USAGE
2026-09-22 04:16:04 | FACILITY_WATER_MAIN | 19 | NORMAL
2026-09-22 04:16:04 | ICU_WATER_RESERVE | 35 | NORMAL
2026-09-22 04:16:05 | FACILITY_WATER_MAIN | 21 | NORMAL
2026-09-22 04:16:05 | ICU_WATER_RESERVE | 42 | HIGH_USAGE
2026-09-22 04:16:06 | FACILITY_WATER_MAIN | 44 | HIGH_USAGE
2026-09-22 04:16:06 | ICU_WATER_RESERVE | 26 | NORMAL
2026-09-22 04:16:07 | FACILITY_WATER_MAIN | 35 | NORMAL
2026-09-22 04:16:07 | ICU_WATER_RESERVE | 37 | HIGH_USAGE
2026-09-22 04:16:08 | FACILITY_WATER_MAIN | 10 | NORMAL
2026-09-22 04:16:08 | ICU_WATER_RESERVE | 18 | NORMAL
2026-09-22 04:16:09 | FACILITY_WATER_MAIN | 34 | NORMAL
2026-09-22 04:16:09 | ICU_WATER_RESERVE | 42 | HIGH_USAGE
2026-09-22 04:16:10 | FACILITY_WATER_MAIN | 22 | NORMAL
2026-09-22 04:16:10 | ICU_WATER_RESERVE | 24 | NORMAL
2026-09-22 04:16:11 | FACILITY_WATER_MAIN | 27 | NORMAL
2026-09-22 04:16:11 | ICU_WATER_RESERVE | 32 | NORMAL
2026-09-22 04:16:12 | FACILITY_WATER_MAIN | 11 | NORMAL
2026-09-22 04:16:12 | ICU_WATER_RESERVE | 29 | NORMAL
2026-09-22 04:16:13 | FACILITY_WATER_MAIN | 18 | NORMAL
2026-09-22 04:16:13 | ICU_WATER_RESERVE | 22 | NORMAL
2026-09-22 04:16:14 | FACILITY_WATER_MAIN | 19 | NORMAL
2026-09-22 04:16:14 | ICU_WATER_RESERVE | 29 | NORMAL
2026-09-22 04:16:15 | FACILITY_WATER_MAIN | 23 | NORMAL
2026-09-22 04:16:15 | ICU_WATER_RESERVE | 23 | NORMAL
2026-09-22 04:16:16 | FACILITY_WATER_MAIN | 14 | NORMAL
2026-09-22 04:16:16 | ICU_WATER_RESERVE | 28 | NORMAL
2026-09-22 04:16:17 | FACILITY_WATER_MAIN | 31 | NORMAL
2026-09-22 04:16:17 | ICU_WATER_RESERVE | 40 | HIGH_USAGE
2026-09-22 04:16:18 | FACILITY_WATER_MAIN | 19 | NORMAL
2026-09-22 04:16:18 | ICU_WATER_RESERVE | 45 | HIGH_USAGE
2026-09-22 04:16:19 | FACILITY_WATER_MAIN | 39 | HIGH_USAGE
2026-09-22 04:16:19 | ICU_WATER_RESERVE | 15 | NORMAL
2026-09-22 04:16:20 | FACILITY_WATER_MAIN | 13 | NORMAL
2026-09-22 04:16:20 | ICU_WATER_RESERVE | 21 | NORMAL
2026-09-22 04:16:21 | FACILITY_WATER_MAIN | 35 | NORMAL
2026-09-22 04:16:21 | ICU_WATER_RESERVE | 39 | HIGH_USAGE
2026-09-22 04:16:22 | FACILITY_WATER_MAIN | 26 | NORMAL
2026-09-22 04:16:22 | ICU_WATER_RESERVE | 5 | NORMAL
2026-09-22 04:16:23 | FACILITY_WATER_MAIN | 37 | HIGH_USAGE
2026-09-22 04:16:23 | ICU_WATER_RESERVE | 44 | HIGH_USAGE
2026-09-22 04:16:24 | FACILITY_WATER_MAIN | 40 | HIGH_USAGE
2026-09-22 04:16:24 | ICU_WATER_RESERVE | 34 | NORMAL
2026-09-22 04:16:25 | FACILITY_WATER_MAIN | 13 | NORMAL
2026-09-22 04:16:25 | ICU_WATER_RESERVE | 9 | NORMAL
2026-09-22 04:16:26 | FACILITY_WATER_MAIN | 28 | NORMAL
2026-09-22 04:16:26 | ICU_WATER_RESERVE | 27 | NORMAL
2026-09-22 04:16:27 | FACILITY_WATER_MAIN | 41 | HIGH_USAGE
2026-09-22 04:16:27 | ICU_WATER_RESERVE | 32 | NORMAL
2026-09-22 04:16:28 | FACILITY_WATER_MAIN | 35 | NORMAL
2026-09-22 04:16:28 | ICU_WATER_RESERVE | 38 | HIGH_USAGE
2026-09-22 04:16:29 | FACILITY_WATER_MAIN | 35 | NORMAL
2026-09-22 04:16:29 | ICU_WATER_RESERVE | 39 | HIGH_USAGE
2026-09-22 04:16:30 | FACILITY_WATER_MAIN | 27 | NORMAL
2026-09-22 04:16:30 | ICU_WATER_RESERVE | 5 | NORMAL
2026-09-22 04:16:31 | FACILITY_WATER_MAIN | 24 | NORMAL
2026-09-22 04:16:31 | ICU_WATER_RESERVE | 31 | NORMAL
2026-09-22 04:16:32 | FACILITY_WATER_MAIN | 43 | HIGH_USAGE
2026-09-22 04:16:32 | ICU_WATER_RESERVE | 23 | NORMAL
2026-09-22 04:16:33 | FACILITY_WATER_MAIN | 41 | HIGH_USAGE
2026-09-22 04:16:33 | ICU_WATER_RESERVE | 9 | NORMAL
2026-09-22 04:16:34 | FACILITY_WATER_MAIN | 38 | HIGH_USAGE
2026-09-22 04:16:34 | ICU_WATER_RESERVE | 8 | NORMAL
2026-09-22 04:16:35 | FACILITY_WATER_MAIN | 27 | NORMAL
2026-09-22 04:16:35 | ICU_WATER_RESERVE | 29 | NORMAL
2026-09-22 04:16:36 | FACILITY_WATER_MAIN | 35 | NORMAL
2026-09-22 04:16:36 | ICU_WATER_RESERVE | 7 | NORMAL
2026-09-22 04:16:37 | FACILITY_WATER_MAIN | 40 | HIGH_USAGE
2026-09-22 04:16:37 | ICU_WATER_RESERVE | 32 | NORMAL
2026-09-22 04:16:38 | FACILITY_WATER_MAIN | 16 | NORMAL
2026-09-22 04:16:38 | ICU_WATER_RESERVE | 19 | NORMAL
2026-09-22 04:16:39 | FACILITY_WATER_MAIN | 11 | NORMAL
2026-09-22 04:16:39 | ICU_WATER_RESERVE | 24 | NORMAL
2026-09-22 04:16:40 | FACILITY_WATER_MAIN | 28 | NORMAL
2026-09-22 04:16:40 | ICU_WATER_RESERVE | 15 | NORMAL
2026-09-22 04:16:41 | FACILITY_WATER_MAIN | 10 | NORMAL
2026-09-22 04:16:41 | ICU_WATER_RESERVE | 10 | NORMAL
2026-09-22 04:16:42 | FACILITY_WATER_MAIN | 38 | HIGH_USAGE
2026-09-22 04:16:42 | ICU_WATER_RESERVE | 31 | NORMAL
2026-09-22 04:16:43 | FACILITY_WATER_MAIN | 28 | NORMAL
2026-09-22 04:16:43 | ICU_WATER_RESERVE | 19 | NORMAL
2026-09-22 04:16:44 | FACILITY_WATER_MAIN | 25 | NORMAL
2026-09-22 04:16:44 | ICU_WATER_RESERVE | 31 | NORMAL
2026-09-22 04:16:45 | FACILITY_WATER_MAIN | 43 | HIGH_USAGE
2026-09-22 04:16:45 | ICU_WATER_RESERVE | 21 | NORMAL
2026-09-22 04:16:46 | FACILITY_WATER_MAIN | 17 | NORMAL
2026-09-22 04:16:46 | ICU_WATER_RESERVE | 43 | HIGH_USAGE
2026-09-22 04:16:47 | FACILITY_WATER_MAIN | 39 | HIGH_USAGE
2026-09-22 04:16:47 | ICU_WATER_RESERVE | 27 | NORMAL
2026-09-22 04:16:48 | FACILITY_WATER_MAIN | 34 | NORMAL
2026-09-22 04:16:48 | ICU_WATER_RESERVE | 13 | NORMAL
2026-09-22 04:16:49 | FACILITY_WATER_MAIN | 37 | HIGH_USAGE
2026-09-22 04:16:49 | ICU_WATER_RESERVE | 5 | NORMAL
2026-09-22 04:16:50 | FACILITY_WATER_MAIN | 16 | NORMAL
2026-09-22 04:16:50 | ICU_WATER_RESERVE | 13 | NORMAL
2026-09-22 04:16:51 | FACILITY_WATER_MAIN | 31 | NORMAL
2026-09-22 04:16:51 | ICU_WATER_RESERVE | 5 | NORMAL
2026-09-22 04:16:52 | FACILITY_WATER_MAIN | 24 | NORMAL
2026-09-22 04:16:52 | ICU_WATER_RESERVE | 31 | NORMAL
2026-09-22 04:16:53 | FACILITY_WATER_MAIN | 21 | NORMAL
2026-09-22 04:16:53 | ICU_WATER_RESERVE | 6 | NORMAL
2026-09-22 04:16:54 | FACILITY_WATER_MAIN | 6 | NORMAL
2026-09-22 04:16:54 | ICU_WATER_RESERVE | 13 | NORMAL
2026-09-22 04:16:55 | FACILITY_WATER_MAIN | 42 | HIGH_USAGE
2026-09-22 04:16:55 | ICU_WATER_RESERVE | 41 | HIGH_USAGE
2026-09-22 04:16:56 | FACILITY_WATER_MAIN | 7 | NORMAL
2026-09-22 04:16:56 | ICU_WATER_RESERVE | 26 | NORMAL
2026-09-22 04:16:57 | FACILITY_WATER_MAIN | 21 | NORMAL
2026-09-22 04:16:57 | ICU_WATER_RESERVE | 9 | NORMAL
2026-09-22 04:16:58 | FACILITY_WATER_MAIN | 15 | NORMAL
2026-09-22 04:16:58 | ICU_WATER_RESERVE | 28 | NORMAL
2026-09-22 04:16:59 | FACILITY_WATER_MAIN | 11 | NORMAL
2026-09-22 04:16:59 | ICU_WATER_RESERVE | 42 | HIGH_USAGE
2026-09-22 04:17:00 | FACILITY_WATER_MAIN | 21 | NORMAL
2026-09-22 04:17:00 | ICU_WATER_RESERVE | 23 | NORMAL
2026-09-22 04:17:01 | FACILITY_WATER_MAIN | 25 | NORMAL
2026-09-22 04:17:01 | ICU_WATER_RESERVE | 42 | HIGH_USAGE
2026-09-22 04:17:02 | FACILITY_WATER_MAIN | 43 | HIGH_USAGE
2026-09-22 04:17:02 | ICU_WATER_RESERVE | 5 | NORMAL
2026-09-22 04:17:03 | FACILITY_WATER_MAIN | 45 | HIGH_USAGE
2026-09-22 04:17:03 | ICU_WATER_RESERVE | 35 | NORMAL
2026-09-22 04:17:04 | FACILITY_WATER_MAIN | 31 | NORMAL
2026-09-22 04:17:04 | ICU_WATER_RESERVE | 37 | HIGH_USAGE
2026-09-22 04:17:05 | FACILITY_WATER_MAIN | 35 | NORMAL
2026-09-22 04:17:05 | ICU_WATER_RESERVE | 35 | NORMAL
2026-09-22 04:17:06 | FACILITY_WATER_MAIN | 8 | NORMAL
2026-09-22 04:17:06 | ICU_WATER_RESERVE | 14 | NORMAL
2026-09-22 04:17:07 | FACILITY_WATER_MAIN | 10 | NORMAL
2026-09-22 04:17:07 | ICU_WATER_RESERVE | 37 | HIGH_USAGE
2026-09-22 04:17:08 | FACILITY_WATER_MAIN | 43 | HIGH_USAGE
2026-09-22 04:17:08 | ICU_WATER_RESERVE | 21 | NORMAL
2026-09-22 04:17:09 | FACILITY_WATER_MAIN | 30 | NORMAL
2026-09-22 04:17:09 | ICU_WATER_RESERVE | 7 | NORMAL
2026-09-22 04:17:10 | FACILITY_WATER_MAIN | 6 | NORMAL
2026-09-22 04:17:10 | ICU_WATER_RESERVE | 17 | NORMAL
2026-09-22 04:17:11 | FACILITY_WATER_MAIN | 10 | NORMAL
2026-09-22 04:17:11 | ICU_WATER_RESERVE | 15 | NORMAL
2026-09-22 04:17:12 | FACILITY_WATER_MAIN | 26 | NORMAL
2026-09-22 04:17:12 | ICU_WATER_RESERVE | 17 | NORMAL
2026-09-22 04:17:13 | FACILITY_WATER_MAIN | 27 | NORMAL
2026-09-22 04:17:13 | ICU_WATER_RESERVE | 5 | NORMAL
2026-09-22 04:17:14 | FACILITY_WATER_MAIN | 30 | NORMAL
2026-09-22 04:17:14 | ICU_WATER_RESERVE | 32 | NORMAL
2026-09-22 04:17:15 | FACILITY_WATER_MAIN | 35 | NORMAL
2026-09-22 04:17:15 | ICU_WATER_RESERVE | 44 | HIGH_USAGE
2026-09-22 04:17:16 | FACILITY_WATER_MAIN | 43 | HIGH_USAGE
2026-09-22 04:17:16 | ICU_WATER_RESERVE | 44 | HIGH_USAGE
2026-09-22 04:17:17 | FACILITY_WATER_MAIN | 27 | NORMAL
2026-09-22 04:17:17 | ICU_WATER_RESERVE | 5 | NORMAL
2026-09-22 04:17:18 | FACILITY_WATER_MAIN | 19 | NORMAL
2026-09-22 04:17:18 | ICU_WATER_RESERVE | 8 | NORMAL
2026-09-22 04:17:19 | FACILITY_WATER_MAIN | 6 | NORMAL
2026-09-22 04:17:19 | ICU_WATER_RESERVE | 8 | NORMAL
2026-09-22 04:17:20 | FACILITY_WATER_MAIN | 13 | NORMAL
2026-09-22 04:17:20 | ICU_WATER_RESERVE | 23 | NORMAL
2026-09-22 04:17:21 | FACILITY_WATER_MAIN | 10 | NORMAL
2026-09-22 04:17:21 | ICU_WATER_RESERVE | 29 | NORMAL
2026-09-22 04:17:22 | FACILITY_WATER_MAIN | 9 | NORMAL
2026-09-22 04:17:22 | ICU_WATER_RESERVE | 34 | NORMAL
2026-09-22 04:17:23 | FACILITY_WATER_MAIN | 26 | NORMAL
2026-09-22 04:17:23 | ICU_WATER_RESERVE | 18 | NORMAL
2026-09-22 04:17:24 | FACILITY_WATER_MAIN | 40 | HIGH_USAGE
2026-09-22 04:17:24 | ICU_WATER_RESERVE | 25 | NORMAL
2026-09-22 04:17:25 | FACILITY_WATER_MAIN | 34 | NORMAL
2026-09-22 04:17:25 | ICU_WATER_RESERVE | 38 | HIGH_USAGE
2026-09-22 04:17:26 | FACILITY_WATER_MAIN | 23 | NORMAL
2026-09-22 04:17:26 | ICU_WATER_RESERVE | 11 | NORMAL
2026-09-22 04:17:27 | FACILITY_WATER_MAIN | 30 | NORMAL
2026-09-22 04:17:27 | ICU_WATER_RESERVE | 13 | NORMAL
2026-09-22 04:17:28 | FACILITY_WATER_MAIN | 39 | HIGH_USAGE
2026-09-22 04:17:28 | ICU_WATER_RESERVE | 28 | NORMAL
2026-09-22 04:17:29 | FACILITY_WATER_MAIN | 28 | NORMAL
2026-09-22 04:17:29 | ICU_WATER_RESERVE | 10 | NORMAL
2026-09-22 04:17:30 | FACILITY_WATER_MAIN | 15 | NORMAL
2026-09-22 04:17:30 | ICU_WATER_RESERVE | 20 | NORMAL
2026-09-22 04:17:31 | FACILITY_WATER_MAIN | 28 | NORMAL
2026-09-22 04:17:31 | ICU_WATER_RESERVE | 14 | NORMAL
2026-09-22 04:17:32 | FACILITY_WATER_MAIN | 17 | NORMAL
2026-09-22 04:17:32 | ICU_WATER_RESERVE | 9 | NORMAL
2026-09-22 04:17:33 | FACILITY_WATER_MAIN | 20 | NORMAL
2026-09-22 04:17:33 | ICU_WATER_RESERVE | 11 | NORMAL
2026-09-22 04:17:34 | FACILITY_WATER_MAIN | 31 | NORMAL
2026-09-22 04:17:34 | ICU_WATER_RESERVE | 33 | NORMAL
2026-09-22 04:17:35 | FACILITY_WATER_MAIN | 9 | NORMAL
2026-09-22 04:17:35 | ICU_WATER_RESERVE | 38 | HIGH_USAGE
2026-09-22 04:17:36 | FACILITY_WATER_MAIN | 43 | HIGH_USAGE
2026-09-22 04:17:36 | ICU_WATER_RESERVE | 27 | NORMAL
2026-09-22 04:17:37 | FACILITY_WATER_MAIN | 34 | NORMAL
2026-09-22 04:17:37 | ICU_WATER_RESERVE | 34 | NORMAL
2026-09-22 04:17:38 | FACILITY_WATER_MAIN | 20 | NORMAL
2026-09-22 04:17:38 | ICU_WATER_RESERVE | 29 | NORMAL
2026-09-22 04:17:39 | FACILITY_WATER_MAIN | 38 | HIGH_USAGE
2026-09-22 04:17:39 | ICU_WATER_RESERVE | 27 | NORMAL
2026-09-22 04:17:40 | FACILITY_WATER_MAIN | 26 | NORMAL
2026-09-22 04:17:40 | ICU_WATER_RESERVE | 22 | NORMAL
2026-09-22 04:17:41 | FACILITY_WATER_MAIN | 12 | NORMAL
2026-09-22 04:17:41 | ICU_WATER_RESERVE | 10 | NORMAL
2026-09-22 04:17:42 | FACILITY_WATER_MAIN | 16 | NORMAL
2026-09-22 04:17:42 | ICU_WATER_RESERVE | 41 | HIGH_USAGE
2026-09-22 04:17:43 | FACILITY_WATER_MAIN | 28 | NORMAL
2026-09-22 04:17:43 | ICU_WATER_RESERVE | 27 | NORMAL
2026-09-22 04:17:44 | FACILITY_WATER_MAIN | 20 | NORMAL
2026-09-22 04:17:44 | ICU_WATER_RESERVE | 9 | NORMAL
2026-09-22 04:17:45 | FACILITY_WATER_MAIN | 32 | NORMAL
2026-09-22 04:17:45 | ICU_WATER_RESERVE | 35 | NORMAL
2026-09-22 04:17:46 | FACILITY_WATER_MAIN | 24 | NORMAL
2026-09-22 04:17:46 | ICU_WATER_RESERVE | 23 | NORMAL
2026-09-22 04:17:47 | FACILITY_WATER_MAIN | 17 | NORMAL
2026-09-22 04:17:47 | ICU_WATER_RESERVE | 32 | NORMAL
2026-09-22 04:17:48 | FACILITY_WATER_MAIN | 32 | NORMAL
2026-09-22 04:17:48 | ICU_WATER_RESERVE | 20 | NORMAL
2026-09-22 04:17:49 | FACILITY_WATER_MAIN | 14 | NORMAL
2026-09-22 04:17:49 | ICU_WATER_RESERVE | 25 | NORMAL
2026-09-22 04:17:50 | FACILITY_WATER_MAIN | 23 | NORMAL
2026-09-22 04:17:50 | ICU_WATER_RESERVE | 25 | NORMAL
2026-09-22 04:17:51 | FACILITY_WATER_MAIN | 6 | NORMAL
2026-09-22 04:17:51 | ICU_WATER_RESERVE | 30 | NORMAL
2026-09-22 04:17:52 | FACILITY_WATER_MAIN | 16 | NORMAL
2026-09-22 04:17:52 | ICU_WATER_RESERVE | 14 | NORMAL
2026-09-22 04:17:53 | FACILITY_WATER_MAIN | 16 | NORMAL
2026-09-22 04:17:53 | ICU_WATER_RESERVE | 12 | NORMAL
2026-09-22 04:17:54 | FACILITY_WATER_MAIN | 16 | NORMAL
2026-09-22 04:17:54 | ICU_WATER_RESERVE | 27 | NORMAL
2026-09-22 04:17:55 | FACILITY_WATER_MAIN | 16 | NORMAL
2026-09-22 04:17:55 | ICU_WATER_RESERVE | 38 | HIGH_USAGE
2026-09-22 04:17:56 | FACILITY_WATER_MAIN | 41 | HIGH_USAGE
2026-09-22 04:17:56 | ICU_WATER_RESERVE | 20 | NORMAL
2026-09-22 04:17:57 | FACILITY_WATER_MAIN | 35 | NORMAL
2026-09-22 04:17:57 | ICU_WATER_RESERVE | 14 | NORMAL
2026-09-22 04:17:58 | FACILITY_WATER_MAIN | 27 | NORMAL
2026-09-22 04:17:58 | ICU_WATER_RESERVE | 30 | NORMAL
2026-09-22 04:17:59 | FACILITY_WATER_MAIN | 42 | HIGH_USAGE
2026-09-22 04:17:59 | ICU_WATER_RESERVE | 41 | HIGH_USAGE
2026-09-22 04:18:00 | FACILITY_WATER_MAIN | 14 | NORMAL
2026-09-22 04:18:00 | ICU_WATER_RESERVE | 25 | NORMAL
2026-09-22 04:18:01 | FACILITY_WATER_MAIN | 43 | HIGH_USAGE
2026-09-22 04:18:01 | ICU_WATER_RESERVE | 23 | NORMAL
2026-09-22 04:18:02 | FACILITY_WATER_MAIN | 23 | NORMAL
2026-09-22 04:18:02 | ICU_WATER_RESERVE | 44 | HIGH_USAGE
2026-09-22 04:18:03 | FACILITY_WATER_MAIN | 8 | NORMAL
2026-09-22 04:18:03 | ICU_WATER_RESERVE | 32 | NORMAL
2026-09-22 04:18:04 | FACILITY_WATER_MAIN | 40 | HIGH_USAGE
2026-09-22 04:18:04 | ICU_WATER_RESERVE | 41 | HIGH_USAGE
2026-09-22 04:18:05 | FACILITY_WATER_MAIN | 18 | NORMAL
2026-09-22 04:18:05 | ICU_WATER_RESERVE | 20 | NORMAL
2026-09-22 04:18:06 | FACILITY_WATER_MAIN | 34 | NORMAL
2026-09-22 04:18:06 | ICU_WATER_RESERVE | 32 | NORMAL
2026-09-22 04:18:07 | FACILITY_WATER_MAIN | 20 | NORMAL
2026-09-22 04:18:07 | ICU_WATER_RESERVE | 29 | NORMAL
2026-09-22 04:18:08 | FACILITY_WATER_MAIN | 26 | NORMAL
2026-09-22 04:18:08 | ICU_WATER_RESERVE | 42 | HIGH_USAGE
2026-09-22 04:18:09 | FACILITY_WATER_MAIN | 28 | NORMAL
2026-09-22 04:18:09 | ICU_WATER_RESERVE | 20 | NORMAL
2026-09-22 04:18:10 | FACILITY_WATER_MAIN | 45 | HIGH_USAGE
2026-09-22 04:18:10 | ICU_WATER_RESERVE | 21 | NORMAL
2026-09-22 04:18:11 | FACILITY_WATER_MAIN | 17 | NORMAL
2026-09-22 04:18:11 | ICU_WATER_RESERVE | 41 | HIGH_USAGE
2026-09-22 04:18:12 | FACILITY_WATER_MAIN | 18 | NORMAL
2026-09-22 04:18:12 | ICU_WATER_RESERVE | 24 | NORMAL
2026-09-22 04:18:13 | FACILITY_WATER_MAIN | 44 | HIGH_USAGE
2026-09-22 04:18:13 | ICU_WATER_RESERVE | 31 | NORMAL
2026-09-22 04:18:14 | FACILITY_WATER_MAIN | 15 | NORMAL
2026-09-22 04:18:14 | ICU_WATER_RESERVE | 8 | NORMAL
2026-09-22 04:18:15 | FACILITY_WATER_MAIN | 8 | NORMAL
2026-09-22 04:18:15 | ICU_WATER_RESERVE | 18 | NORMAL
2026-09-22 04:18:16 | FACILITY_WATER_MAIN | 7 | NORMAL
2026-09-22 04:18:16 | ICU_WATER_RESERVE | 10 | NORMAL
2026-09-22 04:18:17 | FACILITY_WATER_MAIN | 23 | NORMAL
2026-09-22 04:18:17 | ICU_WATER_RESERVE | 11 | NORMAL
2026-09-22 04:18:18 | FACILITY_WATER_MAIN | 44 | HIGH_USAGE
2026-09-22 04:18:18 | ICU_WATER_RESERVE | 45 | HIGH_USAGE
2026-09-22 04:18:19 | FACILITY_WATER_MAIN | 8 | NORMAL
2026-09-22 04:18:19 | ICU_WATER_RESERVE | 19 | NORMAL
2026-09-22 04:18:20 | FACILITY_WATER_MAIN | 17 | NORMAL
2026-09-22 04:18:20 | ICU_WATER_RESERVE | 24 | NORMAL
2026-09-22 04:18:21 | FACILITY_WATER_MAIN | 27 | NORMAL
2026-09-22 04:18:21 | ICU_WATER_RESERVE | 33 | NORMAL
2026-09-22 04:18:22 | FACILITY_WATER_MAIN | 34 | NORMAL
2026-09-22 04:18:22 | ICU_WATER_RESERVE | 28 | NORMAL
2026-09-22 04:18:23 | FACILITY_WATER_MAIN | 7 | NORMAL
2026-09-22 04:18:23 | ICU_WATER_RESERVE | 10 | NORMAL
2026-09-22 04:18:24 | FACILITY_WATER_MAIN | 28 | NORMAL
2026-09-22 04:18:24 | ICU_WATER_RESERVE | 5 | NORMAL
2026-09-22 04:18:25 | FACILITY_WATER_MAIN | 24 | NORMAL
2026-09-22 04:18:25 | ICU_WATER_RESERVE | 19 | NORMAL
2026-09-22 04:18:26 | FACILITY_WATER_MAIN | 36 | HIGH_USAGE
2026-09-22 04:18:26 | ICU_WATER_RESERVE | 22 | NORMAL
2026-09-22 04:18:27 | FACILITY_WATER_MAIN | 20 | NORMAL
2026-09-22 04:18:27 | ICU_WATER_RESERVE | 39 | HIGH_USAGE
2026-09-22 04:18:28 | FACILITY_WATER_MAIN | 25 | NORMAL
2026-09-22 04:18:28 | ICU_WATER_RESERVE | 7 | NORMAL
2026-09-22 04:18:29 | FACILITY_WATER_MAIN | 26 | NORMAL
2026-09-22 04:18:29 | ICU_WATER_RESERVE | 11 | NORMAL
2026-09-22 04:18:30 | FACILITY_WATER_MAIN | 44 | HIGH_USAGE
2026-09-22 04:18:30 | ICU_WATER_RESERVE | 44 | HIGH_USAGE
2026-09-22 04:18:31 | FACILITY_WATER_MAIN | 19 | NORMAL
2026-09-22 04:18:31 | ICU_WATER_RESERVE | 35 | NORMAL
2026-09-22 04:18:32 | FACILITY_WATER_MAIN | 19 | NORMAL
2026-09-22 04:18:32 | ICU_WATER_RESERVE | 15 | NORMAL
2026-09-22 04:18:33 | FACILITY_WATER_MAIN | 19 | NORMAL
2026-09-22 04:18:33 | ICU_WATER_RESERVE | 36 | HIGH_USAGE
2026-09-22 04:18:34 | FACILITY_WATER_MAIN | 30 | NORMAL
2026-09-22 04:18:34 | ICU_WATER_RESERVE | 19 | NORMAL
2026-09-22 04:18:35 | FACILITY_WATER_MAIN | 18 | NORMAL
2026-09-22 04:18:35 | ICU_WATER_RESERVE | 10 | NORMAL
2026-09-22 04:18:36 | FACILITY_WATER_MAIN | 29 | NORMAL
2026-09-22 04:18:36 | ICU_WATER_RESERVE | 17 | NORMAL
2026-09-22 04:18:37 | FACILITY_WATER_MAIN | 26 | NORMAL
2026-09-22 04:18:37 | ICU_WATER_RESERVE | 37 | HIGH_USAGE
2026-09-22 04:18:38 | FACILITY_WATER_MAIN | 30 | NORMAL
2026-09-22 04:18:38 | ICU_WATER_RESERVE | 44 | HIGH_USAGE
2026-09-22 04:18:39 | FACILITY_WATER_MAIN | 41 | HIGH_USAGE
2026-09-22 04:18:39 | ICU_WATER_RESERVE | 35 | NORMAL
2026-09-22 04:18:40 | FACILITY_WATER_MAIN | 24 | NORMAL
2026-09-22 04:18:40 | ICU_WATER_RESERVE | 17 | NORMAL
2026-09-22 04:18:41 | FACILITY_WATER_MAIN | 20 | NORMAL
2026-09-22 04:18:41 | ICU_WATER_RESERVE | 28 | NORMAL
2026-09-22 04:18:42 | FACILITY_WATER_MAIN | 43 | HIGH_USAGE
2026-09-22 04:18:42 | ICU_WATER_RESERVE | 31 | NORMAL
2026-09-22 04:18:43 | FACILITY_WATER_MAIN | 11 | NORMAL
2026-09-22 04:18:43 | ICU_WATER_RESERVE | 25 | NORMAL
2026-09-22 04:18:44 | FACILITY_WATER_MAIN | 30 | NORMAL
2026-09-22 04:18:44 | ICU_WATER_RESERVE | 28 | NORMAL
2026-09-22 04:18:45 | FACILITY_WATER_MAIN | 19 | NORMAL
2026-09-22 04:18:45 | ICU_WATER_RESERVE | 22 | NORMAL
2026-09-22 04:18:46 | FACILITY_WATER_MAIN | 29 | NORMAL
2026-09-22 04:18:46 | ICU_WATER_RESERVE | 12 | NORMAL
2026-09-22 04:18:47 | FACILITY_WATER_MAIN | 20 | NORMAL
2026-09-22 04:18:47 | ICU_WATER_RESERVE | 30 | NORMAL
2026-09-22 04:18:48 | FACILITY_WATER_MAIN | 44 | HIGH_USAGE
2026-09-22 04:18:48 | ICU_WATER_RESERVE | 18 | NORMAL
2026-09-22 04:18:49 | FACILITY_WATER_MAIN | 42 | HIGH_USAGE
2026-09-22 04:18:49 | ICU_WATER_RESERVE | 24 | NORMAL
2026-09-22 04:18:50 | FACILITY_WATER_MAIN | 19 | NORMAL
2026-09-22 04:18:50 | ICU_WATER_RESERVE | 8 | NORMAL
2026-09-22 04:18:51 | FACILITY_WATER_MAIN | 32 | NORMAL
2026-09-22 04:18:51 | ICU_WATER_RESERVE | 36 | HIGH_USAGE
2026-09-22 04:18:52 | FACILITY_WATER_MAIN | 7 | NORMAL
2026-09-22 04:18:52 | ICU_WATER_RESERVE | 38 | HIGH_USAGE
2026-09-22 04:18:53 | FACILITY_WATER_MAIN | 28 | NORMAL
2026-09-22 04:18:53 | ICU_WATER_RESERVE | 9 | NORMAL
2026-09-22 04:18:54 | FACILITY_WATER_MAIN | 19 | NORMAL
2026-09-22 04:18:54 | ICU_WATER_RESERVE | 44 | HIGH_USAGE
2026-09-22 04:18:55 | FACILITY_WATER_MAIN | 39 | HIGH_USAGE
2026-09-22 04:18:55 | ICU_WATER_RESERVE | 16 | NORMAL
2026-09-22 04:18:56 | FACILITY_WATER_MAIN | 32 | NORMAL
2026-09-22 04:18:56 | ICU_WATER_RESERVE | 11 | NORMAL
2026-09-22 04:18:57 | FACILITY_WATER_MAIN | 6 | NORMAL
2026-09-22 04:18:57 | ICU_WATER_RESERVE | 16 | NORMAL
2026-09-22 04:18:58 | FACILITY_WATER_MAIN | 25 | NORMAL
2026-09-22 04:18:58 | ICU_WATER_RESERVE | 29 | NORMAL
2026-09-22 04:18:59 | FACILITY_WATER_MAIN | 12 | NORMAL
2026-09-22 04:18:59 | ICU_WATER_RESERVE | 13 | NORMAL
2026-09-22 04:19:00 | FACILITY_WATER_MAIN | 29 | NORMAL
2026-09-22 04:19:00 | ICU_WATER_RESERVE | 27 | NORMAL
2026-09-22 04:19:01 | FACILITY_WATER_MAIN | 43 | HIGH_USAGE
2026-09-22 04:19:01 | ICU_WATER_RESERVE | 34 | NORMAL
2026-09-22 04:19:02 | FACILITY_WATER_MAIN | 31 | NORMAL
2026-09-22 04:19:02 | ICU_WATER_RESERVE | 24 | NORMAL
2026-09-22 04:19:03 | FACILITY_WATER_MAIN | 44 | HIGH_USAGE
2026-09-22 04:19:03 | ICU_WATER_RESERVE | 5 | NORMAL
2026-09-22 04:19:04 | FACILITY_WATER_MAIN | 14 | NORMAL
2026-09-22 04:19:04 | ICU_WATER_RESERVE | 35 | NORMAL
2026-09-22 04:19:05 | FACILITY_WATER_MAIN | 5 | NORMAL
2026-09-22 04:19:05 | ICU_WATER_RESERVE | 41 | HIGH_USAGE
2026-09-22 04:19:06 | FACILITY_WATER_MAIN | 22 | NORMAL
2026-09-22 04:19:06 | ICU_WATER_RESERVE | 22 | NORMAL
2026-09-22 04:19:07 | FACILITY_WATER_MAIN | 15 | NORMAL
2026-09-22 04:19:07 | ICU_WATER_RESERVE | 42 | HIGH_USAGE
2026-09-22 04:19:08 | FACILITY_WATER_MAIN | 16 | NORMAL
2026-09-22 04:19:08 | ICU_WATER_RESERVE | 25 | NORMAL
2026-09-22 04:19:09 | FACILITY_WATER_MAIN | 27 | NORMAL
2026-09-22 04:19:09 | ICU_WATER_RESERVE | 22 | NORMAL
2026-09-22 04:19:10 | FACILITY_WATER_MAIN | 29 | NORMAL
2026-09-22 04:19:10 | ICU_WATER_RESERVE | 45 | HIGH_USAGE
2026-09-22 04:19:11 | FACILITY_WATER_MAIN | 20 | NORMAL
2026-09-22 04:19:11 | ICU_WATER_RESERVE | 39 | HIGH_USAGE
2026-09-22 04:19:12 | FACILITY_WATER_MAIN | 13 | NORMAL
2026-09-22 04:19:12 | ICU_WATER_RESERVE | 30 | NORMAL
2026-09-22 04:19:13 | FACILITY_WATER_MAIN | 44 | HIGH_USAGE
2026-09-22 04:19:13 | ICU_WATER_RESERVE | 20 | NORMAL
2026-09-22 04:19:14 | FACILITY_WATER_MAIN | 10 | NORMAL
2026-09-22 04:19:14 | ICU_WATER_RESERVE | 6 | NORMAL
2026-09-22 04:19:15 | FACILITY_WATER_MAIN | 15 | NORMAL
2026-09-22 04:19:15 | ICU_WATER_RESERVE | 5 | NORMAL
2026-09-22 04:19:16 | FACILITY_WATER_MAIN | 14 | NORMAL
2026-09-22 04:19:16 | ICU_WATER_RESERVE | 36 | HIGH_USAGE
2026-09-22 04:19:17 | FACILITY_WATER_MAIN | 31 | NORMAL
2026-09-22 04:19:17 | ICU_WATER_RESERVE | 28 | NORMAL
2026-09-22 04:19:18 | FACILITY_WATER_MAIN | 38 | HIGH_USAGE
2026-09-22 04:19:18 | ICU_WATER_RESERVE | 25 | NORMAL
2026-09-22 04:19:19 | FACILITY_WATER_MAIN | 21 | NORMAL
2026-09-22 04:19:19 | ICU_WATER_RESERVE | 10 | NORMAL
2026-09-22 04:19:20 | FACILITY_WATER_MAIN | 44 | HIGH_USAGE
2026-09-22 04:19:20 | ICU_WATER_RESERVE | 5 | NORMAL
2026-09-22 04:19:21 | FACILITY_WATER_MAIN | 15 | NORMAL
2026-09-22 04:19:21 | ICU_WATER_RESERVE | 20 | NORMAL
2026-09-22 04:19:22 | FACILITY_WATER_MAIN | 21 | NORMAL
2026-09-22 04:19:22 | ICU_WATER_RESERVE | 29 | NORMAL
2026-09-22 04:19:23 | FACILITY_WATER_MAIN | 16 | NORMAL
2026-09-22 04:19:23 | ICU_WATER_RESERVE | 9 | NORMAL
2026-09-22 04:19:24 | FACILITY_WATER_MAIN | 40 | HIGH_USAGE
2026-09-22 04:19:24 | ICU_WATER_RESERVE | 14 | NORMAL
2026-09-22 04:19:25 | FACILITY_WATER_MAIN | 40 | HIGH_USAGE
2026-09-22 04:19:25 | ICU_WATER_RESERVE | 15 | NORMAL
2026-09-22 04:19:26 | FACILITY_WATER_MAIN | 34 | NORMAL
2026-09-22 04:19:26 | ICU_WATER_RESERVE | 17 | NORMAL
2026-09-22 04:19:27 | FACILITY_WATER_MAIN | 24 | NORMAL
2026-09-22 04:19:27 | ICU_WATER_RESERVE | 22 | NORMAL
2026-09-22 04:19:28 | FACILITY_WATER_MAIN | 21 | NORMAL
2026-09-22 04:19:28 | ICU_WATER_RESERVE | 30 | NORMAL
2026-09-22 04:19:29 | FACILITY_WATER_MAIN | 5 | NORMAL
2026-09-22 04:19:29 | ICU_WATER_RESERVE | 36 | HIGH_USAGE
2026-09-22 04:19:30 | FACILITY_WATER_MAIN | 42 | HIGH_USAGE
2026-09-22 04:19:30 | ICU_WATER_RESERVE | 6 | NORMAL
2026-09-22 04:19:31 | FACILITY_WATER_MAIN | 7 | NORMAL
2026-09-22 04:19:31 | ICU_WATER_RESERVE | 7 | NORMAL
2026-09-22 04:19:32 | FACILITY_WATER_MAIN | 6 | NORMAL
2026-09-22 04:19:32 | ICU_WATER_RESERVE | 10 | NORMAL
2026-09-22 04:19:33 | FACILITY_WATER_MAIN | 45 | HIGH_USAGE
2026-09-22 04:19:33 | ICU_WATER_RESERVE | 31 | NORMAL
2026-09-22 04:19:34 | FACILITY_WATER_MAIN | 32 | NORMAL
2026-09-22 04:19:34 | ICU_WATER_RESERVE | 45 | HIGH_USAGE
2026-09-22 04:19:35 | FACILITY_WATER_MAIN | 13 | NORMAL
2026-09-22 04:19:35 | ICU_WATER_RESERVE | 29 | NORMAL
2026-09-22 04:19:36 | FACILITY_WATER_MAIN | 20 | NORMAL
2026-09-22 04:19:36 | ICU_WATER_RESERVE | 10 | NORMAL
2026-09-22 04:19:37 | FACILITY_WATER_MAIN | 34 | NORMAL
2026-09-22 04:19:37 | ICU_WATER_RESERVE | 5 | NORMAL
2026-09-22 04:19:38 | FACILITY_WATER_MAIN | 21 | NORMAL
2026-09-22 04:19:38 | ICU_WATER_RESERVE | 20 | NORMAL
2026-09-22 04:19:39 | FACILITY_WATER_MAIN | 40 | HIGH_USAGE
2026-09-22 04:19:39 | ICU_WATER_RESERVE | 11 | NORMAL
2026-09-22 04:19:40 | FACILITY_WATER_MAIN | 12 | NORMAL
2026-09-22 04:19:40 | ICU_WATER_RESERVE | 37 | HIGH_USAGE
2026-09-22 04:19:41 | FACILITY_WATER_MAIN | 38 | HIGH_USAGE
2026-09-22 04:19:41 | ICU_WATER_RESERVE | 36 | HIGH_USAGE
2026-09-22 04:19:42 | FACILITY_WATER_MAIN | 44 | HIGH_USAGE
2026-09-22 04:19:42 | ICU_WATER_RESERVE | 11 | NORMAL
2026-09-22 04:19:43 | FACILITY_WATER_MAIN | 44 | HIGH_USAGE
2026-09-22 04:19:43 | ICU_WATER_RESERVE | 35 | NORMAL
2026-09-22 04:19:44 | FACILITY_WATER_MAIN | 27 | NORMAL
2026-09-22 04:19:44 | ICU_WATER_RESERVE | 43 | HIGH_USAGE
2026-09-22 04:19:45 | FACILITY_WATER_MAIN | 18 | NORMAL
2026-09-22 04:19:45 | ICU_WATER_RESERVE | 40 | HIGH_USAGE
2026-09-22 04:19:46 | FACILITY_WATER_MAIN | 25 | NORMAL
2026-09-22 04:19:46 | ICU_WATER_RESERVE | 40 | HIGH_USAGE
2026-09-22 04:19:47 | FACILITY_WATER_MAIN | 44 | HIGH_USAGE
2026-09-22 04:19:47 | ICU_WATER_RESERVE | 35 | NORMAL
2026-09-22 04:19:48 | FACILITY_WATER_MAIN | 28 | NORMAL
2026-09-22 04:19:48 | ICU_WATER_RESERVE | 19 | NORMAL
2026-09-22 04:19:49 | FACILITY_WATER_MAIN | 8 | NORMAL
2026-09-22 04:19:49 | ICU_WATER_RESERVE | 21 | NORMAL
2026-09-22 04:19:50 | FACILITY_WATER_MAIN | 18 | NORMAL
2026-09-22 04:19:50 | ICU_WATER_RESERVE | 36 | HIGH_USAGE
2026-09-22 04:19:51 | FACILITY_WATER_MAIN | 26 | NORMAL
2026-09-22 04:19:51 | ICU_WATER_RESERVE | 41 | HIGH_USAGE
2026-09-22 04:19:52 | FACILITY_WATER_MAIN | 6 | NORMAL
2026-09-22 04:19:52 | ICU_WATER_RESERVE | 29 | NORMAL
2026-09-22 04:19:53 | FACILITY_WATER_MAIN | 42 | HIGH_USAGE
2026-09-22 04:19:53 | ICU_WATER_RESERVE | 29 | NORMAL
2026-09-22 04:19:54 | FACILITY_WATER_MAIN | 17 | NORMAL
2026-09-22 04:19:54 | ICU_WATER_RESERVE | 20 | NORMAL
2026-09-22 04:19:55 | FACILITY_WATER_MAIN | 9 | NORMAL
2026-09-22 04:19:55 | ICU_WATER_RESERVE | 19 | NORMAL
2026-09-22 04:19:56 | FACILITY_WATER_MAIN | 28 | NORMAL
2026-09-22 04:19:56 | ICU_WATER_RESERVE | 23 | NORMAL
2026-09-22 04:19:57 | FACILITY_WATER_MAIN | 19 | NORMAL
2026-09-22 04:19:57 | ICU_WATER_RESERVE | 36 | HIGH_USAGE
2026-09-22 04:19:58 | FACILITY_WATER_MAIN | 45 | HIGH_USAGE
2026-09-22 04:19:58 | ICU_WATER_RESERVE | 7 | NORMAL
2026-09-22 04:19:59 | FACILITY_WATER_MAIN | 33 | NORMAL
2026-09-22 04:19:59 | ICU_WATER_RESERVE | 9 | NORMAL
2026-09-22 04:20:00 | FACILITY_WATER_MAIN | 28 | NORMAL
2026-09-22 04:20:00 | ICU_WATER_RESERVE | 26 | NORMAL
2026-09-22 04:20:01 | FACILITY_WATER_MAIN | 13 | NORMAL
2026-09-22 04:20:01 | ICU_WATER_RESERVE | 16 | NORMAL
2026-09-22 04:20:02 | FACILITY_WATER_MAIN | 42 | HIGH_USAGE
2026-09-22 04:20:02 | ICU_WATER_RESERVE | 30 | NORMAL
2026-09-22 04:20:03 | FACILITY_WATER_MAIN | 24 | NORMAL
2026-09-22 04:20:03 | ICU_WATER_RESERVE | 17 | NORMAL
2026-09-22 04:20:04 | FACILITY_WATER_MAIN | 41 | HIGH_USAGE
2026-09-22 04:20:04 | ICU_WATER_RESERVE | 38 | HIGH_USAGE
2026-09-22 04:20:05 | FACILITY_WATER_MAIN | 11 | NORMAL
2026-09-22 04:20:05 | ICU_WATER_RESERVE | 25 | NORMAL
2026-09-22 04:20:06 | FACILITY_WATER_MAIN | 17 | NORMAL
2026-09-22 04:20:06 | ICU_WATER_RESERVE | 23 | NORMAL
2026-09-22 04:20:07 | FACILITY_WATER_MAIN | 26 | NORMAL
2026-09-22 04:20:07 | ICU_WATER_RESERVE | 31 | NORMAL
2026-09-22 04:20:08 | FACILITY_WATER_MAIN | 13 | NORMAL
2026-09-22 04:20:08 | ICU_WATER_RESERVE | 17 | NORMAL
2026-09-22 04:20:09 | FACILITY_WATER_MAIN | 18 | NORMAL
2026-09-22 04:20:09 | ICU_WATER_RESERVE | 14 | NORMAL
2026-09-22 04:20:10 | FACILITY_WATER_MAIN | 11 | NORMAL
2026-09-22 04:20:10 | ICU_WATER_RESERVE | 32 | NORMAL
2026-09-22 04:20:11 | FACILITY_WATER_MAIN | 15 | NORMAL
2026-09-22 04:20:11 | ICU_WATER_RESERVE | 18 | NORMAL
2026-09-22 04:20:12 | FACILITY_WATER_MAIN | 21 | NORMAL
2026-09-22 04:20:12 | ICU_WATER_RESERVE | 27 | NORMAL
2026-09-22 04:20:13 | FACILITY_WATER_MAIN | 6 | NORMAL
2026-09-22 04:20:13 | ICU_WATER_RESERVE | 35 | NORMAL
2026-09-22 04:20:14 | FACILITY_WATER_MAIN | 27 | NORMAL
2026-09-22 04:20:14 | ICU_WATER_RESERVE | 25 | NORMAL
2026-09-22 04:20:15 | FACILITY_WATER_MAIN | 16 | NORMAL
2026-09-22 04:20:15 | ICU_WATER_RESERVE | 19 | NORMAL
2026-09-22 04:20:16 | FACILITY_WATER_MAIN | 34 | NORMAL
2026-09-22 04:20:16 | ICU_WATER_RESERVE | 5 | NORMAL
2026-09-22 04:20:17 | FACILITY_WATER_MAIN | 6 | NORMAL
2026-09-22 04:20:17 | ICU_WATER_RESERVE | 14 | NORMAL
2026-09-22 04:20:18 | FACILITY_WATER_MAIN | 9 | NORMAL
2026-09-22 04:20:18 | ICU_WATER_RESERVE | 44 | HIGH_USAGE
2026-09-22 04:20:19 | FACILITY_WATER_MAIN | 27 | NORMAL
2026-09-22 04:20:19 | ICU_WATER_RESERVE | 15 | NORMAL
2026-09-22 04:20:20 | FACILITY_WATER_MAIN | 10 | NORMAL
2026-09-22 04:20:20 | ICU_WATER_RESERVE | 31 | NORMAL
2026-09-22 04:20:21 | FACILITY_WATER_MAIN | 26 | NORMAL
2026-09-22 04:20:21 | ICU_WATER_RESERVE | 41 | HIGH_USAGE
2026-09-22 04:20:22 | FACILITY_WATER_MAIN | 9 | NORMAL
2026-09-22 04:20:22 | ICU_WATER_RESERVE | 5 | NORMAL
2026-09-22 04:20:23 | FACILITY_WATER_MAIN | 17 | NORMAL
2026-09-22 04:20:23 | ICU_WATER_RESERVE | 45 | HIGH_USAGE
2026-09-22 04:20:24 | FACILITY_WATER_MAIN | 25 | NORMAL
2026-09-22 04:20:24 | ICU_WATER_RESERVE | 42 | HIGH_USAGE
2026-09-22 04:20:25 | FACILITY_WATER_MAIN | 5 | NORMAL
2026-09-22 04:20:25 | ICU_WATER_RESERVE | 31 | NORMAL
2026-09-22 04:20:26 | FACILITY_WATER_MAIN | 7 | NORMAL
2026-09-22 04:20:26 | ICU_WATER_RESERVE | 40 | HIGH_USAGE
2026-09-22 04:20:27 | FACILITY_WATER_MAIN | 10 | NORMAL
2026-09-22 04:20:27 | ICU_WATER_RESERVE | 45 | HIGH_USAGE
2026-09-22 04:20:28 | FACILITY_WATER_MAIN | 6 | NORMAL
2026-09-22 04:20:28 | ICU_WATER_RESERVE | 34 | NORMAL
2026-09-22 04:20:29 | FACILITY_WATER_MAIN | 8 | NORMAL
2026-09-22 04:20:29 | ICU_WATER_RESERVE | 31 | NORMAL
